key,source,source_path,reason
00000000a078569f00000000,efonte,ULES00502/ai_upscaled/others/8_8/04949fa8/00000000a078569f04949fa8.png,wildcard_key_not_safe_for_addon | fully_transparent_original | flat_texture_no_hd_detail_benefit
00000000c5bd476ee01105b7,efonte,ULES00502/ai_upscaled/ui/locals/00000000c5bd476ea8774e10.png,transparency_mask_changed
00000000872fe42af8fcea28,efonte,ULES00502/ai_upscaled/ui/locals/00000000872fe42a2d474a97.png,transparency_mask_changed
000000003557c6335ba33cfa,efonte,ULES00502/ai_upscaled/ui/locals/000000003557c633dea2544a.png,transparency_mask_changed
00000000a3d4e7c7bb117de6,efonte,ULES00502/ai_upscaled/ui/locals/00000000a3d4e7c7fdfc379d.png,opaque_interiors_lost_opacity
000000009dc4d4f34516f1d5,efonte,ULES00502/ai_upscaled/ui/locals/000000009dc4d4f377b92329.png,transparency_mask_changed
0000000075f8534802b04c9c,efonte,ULES00502/ai_upscaled/ui/locals/0000000075f85348220e3cb8.png,opaque_interiors_lost_opacity
000000003533f1e93a9fcd21,efonte,ULES00502/ai_upscaled/ui/locals/000000003533f1e9375e63ee.png,transparency_mask_changed
000000004b37819323e28e1d,efonte,ULES00502/ai_upscaled/ui/locals/000000004b37819315db8695.png,transparency_mask_changed
000000005f57664a565a5dd4,efonte,ULES00502/ai_upscaled/ui/locals/000000005f57664a65a0db01.png,transparency_mask_changed
00000000266e23d47311d21a,efonte,ULES00502/ai_upscaled/others/64_64/00000000266e23d460b03b82.png,opaque_original_became_translucent
00000000a7592ee00aa65e20,efonte,ULES00502/ai_upscaled/others/16_16/00000000a7592ee046848270.png,opaque_original_became_translucent
0000000062c99f4254495644,efonte,ULES00502/ai_upscaled/characters/clothes/0000000062c99f42b7d6457e.png,opaque_original_became_translucent
00000000cb7d7606c274f587,efonte,ULES00502/ai_upscaled/characters/00000000cb7d76064f568cf2.png,opaque_original_became_translucent
00000000e89af872725eea9c,efonte,ULES00502/ai_upscaled/characters/00000000e89af8723c6f36de.png,opaque_original_became_translucent
0000000073ebdc4c93d0d510,efonte,ULES00502/ai_upscaled/characters/clothes/0000000073ebdc4c5e445162.png,opaque_original_became_translucent
00000000320ede7614386f35,efonte,ULES00502/ai_upscaled/characters/clothes/00000000320ede76b96c7976.png,opaque_original_became_translucent
00000000baf080cec77c7f29,efonte,ULES00502/ai_upscaled/others/32_32/00000000baf080ce4f4f9c16.png,opaque_original_became_translucent
00000000e485cd8a5afdf132,efonte,ULES00502/ai_upscaled/others/32_16/00000000e485cd8acba3069e.png,opaque_original_became_translucent
00000000a0a140f8f707b9eb,efonte,ULES00502/ai_upscaled/characters/00000000a0a140f85077dd6e.png,opaque_original_became_translucent
000000000f66025eeb102e29,efonte,ULES00502/ai_upscaled/characters/000000000f66025e0c16b013.png,opaque_original_became_translucent
000000004efb629b8eab562d,efonte,ULES00502/ai_upscaled/characters/000000004efb629bfefcd50c.png,opaque_original_became_translucent
00000000e1a515bf20f59aa0,efonte,ULES00502/ai_upscaled/others/32_64/00000000e1a515bf5257e61f.png,opaque_original_became_translucent
00000000ec30b37d0cfcda89,efonte,ULES00502/ai_upscaled/others/64_64/00000000ec30b37da974c9e1.png,opaque_original_became_translucent
00000000349cec91632ae27f,efonte,ULES00502/ai_upscaled/characters/00000000349cec91bca99b4e.png,opaque_original_became_translucent
00000000058562b17f3a0f3f,efonte,ULES00502/ai_upscaled/characters/00000000058562b178effb39.png,opaque_original_became_translucent
000000007cc420db2f4b3c67,efonte,ULES00502/ai_upscaled/characters/000000007cc420db5f5adea9.png,opaque_original_became_translucent
000000008a6cf4c2e3268cea,efonte,ULES00502/ai_upscaled/others/32_32/000000008a6cf4c254211a63.png,opaque_original_became_translucent
0000000079e0494ccceff1ee,efonte,ULES00502/ai_upscaled/others/32_16/0000000079e0494cc9a709e0.png,opaque_original_became_translucent
00000000b47415b57e59d001,efonte,ULES00502/ai_upscaled/others/32_32/00000000b47415b5a82a3ddb.png,opaque_original_became_translucent
0000000028d68172b2ea84fc,efonte,ULES00502/ai_upscaled/characters/clothes/0000000028d681729248de3d.png,opaque_original_became_translucent
00000000d2b96f56dcb3a934,efonte,ULES00502/ai_upscaled/texts/00000000d2b96f561e1dabb5.png,opaque_original_became_translucent
00000000ac569f1a506fa070,efonte,ULES00502/ai_upscaled/characters/clothes/00000000ac569f1af3102c80.png,opaque_original_became_translucent
000000004bc63124cca5660b,efonte,ULES00502/ai_upscaled/others/32_16/000000004bc631248295d1ea.png,opaque_original_became_translucent
0000000049b322f7f582bfb8,efonte,ULES00502/ai_upscaled/others/32_32/0000000049b322f7e79f9b6c.png,opaque_original_became_translucent
000000001f2f53af18592497,efonte,ULES00502/ai_upscaled/characters/000000001f2f53af9e2d98f6.png,opaque_original_became_translucent
00000000a86d4ee6ef4d09f0,efonte,ULES00502/ai_upscaled/characters/00000000a86d4ee6cd8ce4f6.png,opaque_original_became_translucent
0000000057b2c318f2171987,efonte,ULES00502/ai_upscaled/texts/0000000057b2c318b472e644.png,opaque_original_became_translucent
000000005220e09bf29faee2,efonte,ULES00502/ai_upscaled/others/32_16/000000005220e09b1d51bffe.png,opaque_original_became_translucent
000000005110972e236ee884,efonte,ULES00502/ai_upscaled/characters/000000005110972e4102b00f.png,opaque_original_became_translucent
00000000740b7f60edb93a1c,efonte,ULES00502/ai_upscaled/others/32_64/00000000740b7f606423c7b9.png,opaque_original_became_translucent
0000000047946011465016b3,efonte,ULES00502/ai_upscaled/characters/00000000479460114b010715.png,opaque_original_became_translucent
00000000ea93e522030966bd,efonte,ULES00502/ai_upscaled/others/32_32/00000000ea93e522541846d9.png,opaque_original_became_translucent
00000000d420c5db0b8bf800,efonte,ULES00502/ai_upscaled/characters/clothes/00000000d420c5dbc318a030.png,opaque_original_became_translucent
000000004f01e3d5a5fc8cf1,efonte,ULES00502/ai_upscaled/others/64_64/000000004f01e3d5ae2fb4a9.png,opaque_original_became_translucent
000000009980338754e8bad3,efonte,ULES00502/ai_upscaled/ui/icons/0000000099803387dd6fa047.png,opaque_original_became_translucent
00000000887e8d728c430ff0,efonte,ULES00502/ai_upscaled/characters/00000000887e8d728a5dd79d.png,opaque_original_became_translucent
00000000757806dd8c68f56a,efonte,ULES00502/ai_upscaled/characters/00000000757806dd8c22b1dc.png,opaque_original_became_translucent
00000000349add2f8d0fbc35,efonte,ULES00502/ai_upscaled/characters/clothes/00000000349add2f622b4273.png,opaque_original_became_translucent
000000001f3d393138b7f3f5,efonte,ULES00502/ai_upscaled/characters/clothes/000000001f3d3931002d5e05.png,opaque_original_became_translucent
00000000af3e6d8b406ece0c,efonte,ULES00502/ai_upscaled/characters/00000000af3e6d8b9e8aaa36.png,opaque_original_became_translucent
0000000016d25277172f5e02,efonte,ULES00502/ai_upscaled/others/32_32/0000000016d252772cf1cd0a.png,opaque_original_became_translucent
00000000edd0e1fb44cb1ef4,efonte,ULES00502/ai_upscaled/others/32_16/00000000edd0e1fb12afb634.png,opaque_original_became_translucent
0000000005092ac665a0fa4b,efonte,ULES00502/ai_upscaled/characters/clothes/0000000005092ac6410d558a.png,opaque_original_became_translucent
000000000369a32654b48182,efonte,ULES00502/ai_upscaled/texts/000000000369a3263cf19ce7.png,opaque_original_became_translucent
00000000df29f565ab378f5e,efonte,ULES00502/ai_upscaled/characters/clothes/00000000df29f565ecfebe07.png,opaque_original_became_translucent
00000000adbd6db60bf8b479,efonte,ULES00502/ai_upscaled/others/32_16/00000000adbd6db6c7f1a040.png,opaque_original_became_translucent
000000007789fe8cd0f74065,efonte,ULES00502/ai_upscaled/characters/000000007789fe8c3bf78ee9.png,opaque_original_became_translucent
00000000d50e5158e32fb477,efonte,ULES00502/ai_upscaled/characters/00000000d50e5158a0b9905a.png,opaque_original_became_translucent
000000001e10e61a042e0e14,efonte,ULES00502/ai_upscaled/others/64_64/000000001e10e61ac09ea522.png,opaque_original_became_translucent
00000000cb47292ac470fc17,efonte,ULES00502/ai_upscaled/characters/00000000cb47292afdd9753a.png,opaque_original_became_translucent
0000000026566b77a5c7d3bd,efonte,ULES00502/ai_upscaled/others/32_64/0000000026566b7767e40c8f.png,opaque_original_became_translucent
00000000ea294243c9e6e992,efonte,ULES00502/ai_upscaled/others/32_32/00000000ea294243e82310af.png,opaque_original_became_translucent
00000000d87cddca518b49ce,efonte,ULES00502/ai_upscaled/characters/00000000d87cddca2cfecbcc.png,opaque_original_became_translucent
000000005c7561eca90aeab1,efonte,ULES00502/ai_upscaled/others/32_32/000000005c7561ec5077e661.png,opaque_original_became_translucent
000000004ee17f9dbe6de46a,efonte,ULES00502/ai_upscaled/others/64_64/000000004ee17f9d2a16895f.png,opaque_original_became_translucent
0000000098370537bbac131d,efonte,ULES00502/ai_upscaled/others/32_32/0000000098370537a6a3605f.png,opaque_original_became_translucent
00000000561259b3cc31e350,efonte,ULES00502/ai_upscaled/characters/00000000561259b38267912f.png,opaque_original_became_translucent
0000000041ec8faca89a0454,efonte,ULES00502/ai_upscaled/others/32_32/0000000041ec8fac266ce486.png,opaque_original_became_translucent
000000006ddd384e89092ff6,efonte,ULES00502/ai_upscaled/characters/000000006ddd384ee55d9f4d.png,opaque_original_became_translucent
00000000216c1cadea646deb,efonte,ULES00502/ai_upscaled/others/64_64/00000000216c1cad9fdfebf5.png,opaque_original_became_translucent
000000007ff62190158cc058,efonte,ULES00502/ai_upscaled/others/64_64/000000007ff6219031aa844d.png,opaque_original_became_translucent
00000000aa5824397a72281b,efonte,ULES00502/ai_upscaled/others/32_16/00000000aa58243944ca741f.png,opaque_original_became_translucent
00000000bb14f6156d38358e,efonte,ULES00502/ai_upscaled/others/64_32/00000000bb14f615c1442cd2.png,opaque_original_became_translucent
000000008d174857d01ef904,efonte,ULES00502/ai_upscaled/characters/000000008d174857dcaa1c4e.png,opaque_original_became_translucent
0000000091747daefaee38b5,efonte,ULES00502/ai_upscaled/characters/0000000091747dae946d5541.png,opaque_original_became_translucent
00000000940588d28932d4bc,efonte,ULES00502/ai_upscaled/characters/00000000940588d22953c984.png,opaque_original_became_translucent
000000005d20c64ef555f50f,efonte,ULES00502/ai_upscaled/others/32_16/000000005d20c64e3941f330.png,opaque_original_became_translucent
000000009f8f0ff9cf7eb42e,efonte,ULES00502/ai_upscaled/others/64_32/000000009f8f0ff956de323c.png,opaque_original_became_translucent
00000000bb485d3ef757245f,efonte,ULES00502/ai_upscaled/others/64_32/00000000bb485d3ef7141160.png,opaque_original_became_translucent
000000005183a70c59eee291,efonte,ULES00502/ai_upscaled/others/64_32/000000005183a70cdb4a9035.png,opaque_original_became_translucent
00000000012c6910c64b2720,efonte,ULES00502/ai_upscaled/characters/00000000012c691058a1becc.png,opaque_original_became_translucent
00000000ce32d22a7b18678a,efonte,ULES00502/ai_upscaled/others/32_16/00000000ce32d22a2f12df79.png,opaque_original_became_translucent
0000000094d45800022ecf4c,efonte,ULES00502/ai_upscaled/characters/clothes/0000000094d4580031f5877f.png,opaque_original_became_translucent
000000009e9e807f656e0ef1,efonte,ULES00502/ai_upscaled/characters/000000009e9e807fbd880627.png,opaque_original_became_translucent
00000000c327f7813c374b6c,efonte,ULES00502/ai_upscaled/others/64_64/00000000c327f7817581b2d6.png,opaque_original_became_translucent
0000000029e0e39d9eadc964,efonte,ULES00502/ai_upscaled/others/32_16/0000000029e0e39d9a692b75.png,opaque_original_became_translucent
000000009e53eed50b3b2398,efonte,ULES00502/ai_upscaled/characters/000000009e53eed53df947eb.png,opaque_original_became_translucent
00000000ab0fccaa5db2e555,efonte,ULES00502/ai_upscaled/others/64_32/00000000ab0fccaa9537ef2a.png,opaque_original_became_translucent
000000006d0625a79d9c3891,efonte,ULES00502/ai_upscaled/others/32_32/000000006d0625a770e86c62.png,opaque_original_became_translucent
0000000028f3a44c67f89808,efonte,ULES00502/ai_upscaled/others/32_16/0000000028f3a44c52ed203f.png,opaque_original_became_translucent
00000000bc99ba29bbe61624,efonte,ULES00502/ai_upscaled/others/64_64/00000000bc99ba29d324d35c.png,opaque_original_became_translucent
000000003d6dcf5f8ee5ec9d,efonte,ULES00502/ai_upscaled/characters/000000003d6dcf5f975d6fa7.png,opaque_original_became_translucent
00000000211e1eca2fa1352c,efonte,ULES00502/ai_upscaled/others/32_32/00000000211e1eca33b7b417.png,opaque_original_became_translucent
000000007eed27727f03a131,efonte,ULES00502/ai_upscaled/others/64_32/000000007eed27724ab9d516.png,opaque_original_became_translucent
00000000c1ae792976894596,efonte,ULES00502/ai_upscaled/others/64_64/00000000c1ae7929362e725e.png,opaque_original_became_translucent
00000000d78e221c0f6293dd,efonte,ULES00502/ai_upscaled/others/32_32/00000000d78e221c9880a320.png,opaque_original_became_translucent
0000000053c1c9206fc648b0,efonte,ULES00502/ai_upscaled/others/32_32/0000000053c1c920f31e22e6.png,opaque_original_became_translucent
00000000e938aca97b764388,efonte,ULES00502/ai_upscaled/characters/00000000e938aca94787ac6f.png,opaque_original_became_translucent
000000001464c50aa9fe03d0,efonte,ULES00502/ai_upscaled/others/32_16/000000001464c50a102957e4.png,opaque_original_became_translucent
000000006468df493a3cdb63,efonte,ULES00502/ai_upscaled/others/64_32/000000006468df49a8c8d255.png,opaque_original_became_translucent
00000000add420296012fdb4,efonte,ULES00502/ai_upscaled/others/32_32/00000000add420293947944d.png,opaque_original_became_translucent
0000000061a27820f41d6b45,efonte,ULES00502/ai_upscaled/characters/0000000061a27820d8fc05d1.png,opaque_original_became_translucent
000000005ec5f06b725b8151,efonte,ULES00502/ai_upscaled/others/64_64/000000005ec5f06b370b86b8.png,opaque_original_became_translucent
00000000b97680007431a66b,efonte,ULES00502/ai_upscaled/others/64_32/00000000b9768000eab088e8.png,opaque_original_became_translucent
000000007f22e34913797304,efonte,ULES00502/ai_upscaled/characters/000000007f22e3490d766906.png,opaque_original_became_translucent
00000000d740509a78f573da,efonte,ULES00502/ai_upscaled/characters/00000000d740509a405b6e35.png,opaque_original_became_translucent
00000000cfd1705c71150d59,efonte,ULES00502/ai_upscaled/others/64_64/00000000cfd1705c16d68e67.png,opaque_original_became_translucent
000000006681daa170e40809,efonte,ULES00502/ai_upscaled/others/64_64/000000006681daa12c886998.png,opaque_original_became_translucent
00000000211263b5748c1bc9,efonte,ULES00502/ai_upscaled/others/32_16/00000000211263b55cf96552.png,opaque_original_became_translucent
00000000d0d7952787265adf,efonte,ULES00502/ai_upscaled/characters/00000000d0d795273235addb.png,opaque_original_became_translucent
00000000f52dca5773368f7c,efonte,ULES00502/ai_upscaled/others/32_32/00000000f52dca576038a707.png,opaque_original_became_translucent
0000000026fd088d27d7c318,efonte,ULES00502/ai_upscaled/characters/0000000026fd088d2a4eeecf.png,opaque_original_became_translucent
000000003eff1c93aa5ba715,efonte,ULES00502/ai_upscaled/others/64_64/000000003eff1c930414fcac.png,opaque_original_became_translucent
00000000c5388f251d9af0f4,efonte,ULES00502/ai_upscaled/others/32_32/00000000c5388f259565cc69.png,opaque_original_became_translucent
000000004c8332f9b22ea077,efonte,ULES00502/ai_upscaled/characters/000000004c8332f96c993e38.png,opaque_original_became_translucent
00000000c5c757f72f44a765,efonte,ULES00502/ai_upscaled/others/64_64/00000000c5c757f7f1fa2340.png,opaque_original_became_translucent
00000000bcb3d389a37f186e,efonte,ULES00502/ai_upscaled/others/64_64/00000000bcb3d389c9f11a77.png,opaque_original_became_translucent
00000000ce6f0da35e047b71,efonte,ULES00502/ai_upscaled/others/32_32/00000000ce6f0da3dae45a1f.png,opaque_original_became_translucent
000000008e3d0794c1515f4d,efonte,ULES00502/ai_upscaled/others/32_32/000000008e3d0794d6c46e7c.png,opaque_original_became_translucent
00000000089fc08b6e9bcc67,efonte,ULES00502/ai_upscaled/others/32_16/00000000089fc08bef44f4aa.png,opaque_original_became_translucent
0000000090ee893aeb5143f3,efonte,ULES00502/ai_upscaled/characters/0000000090ee893a55cffc77.png,opaque_original_became_translucent
00000000bf8147a179d5bf08,efonte,ULES00502/ai_upscaled/others/64_64/00000000bf8147a152fa6680.png,opaque_original_became_translucent
000000005b16eaf8ff926249,efonte,ULES00502/ai_upscaled/characters/000000005b16eaf8b3366d63.png,opaque_original_became_translucent
000000006e8e8a456edb6a4e,efonte,ULES00502/ai_upscaled/others/32_16/000000006e8e8a455afb79d7.png,opaque_original_became_translucent
0000000034b77b100e50048f,efonte,ULES00502/ai_upscaled/characters/0000000034b77b1028c96b73.png,opaque_original_became_translucent
000000000e2355c55c4bf42b,efonte,ULES00502/ai_upscaled/others/32_32/000000000e2355c5dc159d2d.png,opaque_original_became_translucent
000000003b18999464afbb98,efonte,ULES00502/ai_upscaled/characters/000000003b189994ca78a7a1.png,opaque_original_became_translucent
000000002f7879c2c45cf257,efonte,ULES00502/ai_upscaled/others/64_64/000000002f7879c2ce1ca4b4.png,opaque_original_became_translucent
000000000cbc836fa91830cb,efonte,ULES00502/ai_upscaled/others/64_64/000000000cbc836f06a2299b.png,opaque_original_became_translucent
00000000e4d25ab9039e6101,efonte,ULES00502/ai_upscaled/characters/00000000e4d25ab94e85a992.png,opaque_original_became_translucent
0000000041b540914aa1b3f9,efonte,ULES00502/ai_upscaled/others/32_16/0000000041b54091a32d35f7.png,opaque_original_became_translucent
0000000076510a2af274da79,efonte,ULES00502/ai_upscaled/characters/0000000076510a2a25ed2e9b.png,opaque_original_became_translucent
000000009fe5f4c0c9b0d3f9,efonte,ULES00502/ai_upscaled/others/32_32/000000009fe5f4c0c4a30672.png,opaque_original_became_translucent
00000000472d374584af7f34,efonte,ULES00502/ai_upscaled/others/16_16/00000000472d37451241232e.png,opaque_original_became_translucent
000000009f3df638d36401bc,efonte,ULES00502/ai_upscaled/characters/clothes/000000009f3df6381f5f7b9c.png,opaque_original_became_translucent
00000000c2647e643ad6429a,efonte,ULES00502/ai_upscaled/characters/00000000c2647e641e1aabd0.png,opaque_original_became_translucent
0000000099a110574f06a734,efonte,ULES00502/ai_upscaled/others/32_32/0000000099a1105749ef05a6.png,opaque_original_became_translucent
000000008c7c2fea1221dee0,efonte,ULES00502/ai_upscaled/characters/000000008c7c2fea9b419a16.png,opaque_original_became_translucent
00000000a9db68b40c6c30e8,efonte,ULES00502/ai_upscaled/characters/00000000a9db68b40225fc00.png,opaque_original_became_translucent
000000001cb9b6790fe94f39,efonte,ULES00502/ai_upscaled/others/64_64/000000001cb9b6798e5738c2.png,opaque_original_became_translucent
00000000e87fd84222941449,efonte,ULES00502/ai_upscaled/characters/00000000e87fd842f9e68a6d.png,opaque_original_became_translucent
00000000a83869e39e0acd6f,efonte,ULES00502/ai_upscaled/others/64_64/00000000a83869e394e1c767.png,opaque_original_became_translucent
0000000047de560b5658c28b,efonte,ULES00502/ai_upscaled/others/64_64/0000000047de560b7e6526b8.png,opaque_original_became_translucent
00000000b8b3e20ceb7b23fa,efonte,ULES00502/ai_upscaled/others/64_64/00000000b8b3e20caee926ce.png,opaque_original_became_translucent
00000000456b9ad14ea2060c,efonte,ULES00502/ai_upscaled/others/32_16/00000000456b9ad170b6e5c0.png,opaque_original_became_translucent
0000000073d46dc736353cbc,efonte,ULES00502/ai_upscaled/characters/0000000073d46dc7fe4e3af6.png,opaque_original_became_translucent
00000000c4802078f0736962,efonte,ULES00502/ai_upscaled/others/64_64/00000000c4802078daafe05b.png,opaque_original_became_translucent
00000000fd3bf0a2858e3702,efonte,ULES00502/ai_upscaled/others/32_32/00000000fd3bf0a253d1a915.png,opaque_original_became_translucent
0000000092d814368f92d831,efonte,ULES00502/ai_upscaled/others/64_64/0000000092d81436d0c21477.png,opaque_original_became_translucent
000000001bf4352de20c4104,efonte,ULES00502/ai_upscaled/others/32_16/000000001bf4352dcb969675.png,opaque_original_became_translucent
000000005093e925c06e2df8,efonte,ULES00502/ai_upscaled/characters/000000005093e92594993d4e.png,opaque_original_became_translucent
000000005d185d3e025bdcb8,efonte,ULES00502/ai_upscaled/characters/000000005d185d3e1c6da319.png,opaque_original_became_translucent
000000006e7ade75613ee2d8,efonte,ULES00502/ai_upscaled/others/64_64/000000006e7ade75bbb82781.png,opaque_original_became_translucent
0000000065d37037f8676176,efonte,ULES00502/ai_upscaled/others/64_32/0000000065d3703784ce23d0.png,opaque_original_became_translucent
0000000084c58240326d76f3,efonte,ULES00502/ai_upscaled/others/32_16/0000000084c58240f2691c2e.png,opaque_original_became_translucent
0000000065e64125817b7e7f,efonte,ULES00502/ai_upscaled/characters/0000000065e64125aeaa03a1.png,opaque_original_became_translucent
000000006ffc07fe383d8d5c,efonte,ULES00502/ai_upscaled/others/32_32/000000006ffc07fe8edea6eb.png,opaque_original_became_translucent
000000009b13f395e5cbb11a,efonte,ULES00502/ai_upscaled/characters/000000009b13f3951da6ff3c.png,opaque_original_became_translucent
00000000db06dee4bde202e1,efonte,ULES00502/ai_upscaled/others/32_64/00000000db06dee42b6fdeb9.png,opaque_original_became_translucent
000000009ba7f9b310fa4e95,efonte,ULES00502/ai_upscaled/others/64_64/000000009ba7f9b35ac0ca43.png,opaque_original_became_translucent
000000009463c1357d998307,efonte,ULES00502/ai_upscaled/others/32_32/000000009463c135f849ae52.png,opaque_original_became_translucent
00000000dd9456033ff4b2fb,efonte,ULES00502/ai_upscaled/characters/00000000dd945603ac8b3f96.png,opaque_original_became_translucent
000000000965fa8eed53f3db,efonte,ULES00502/ai_upscaled/others/32_16/000000000965fa8e8b87b04e.png,opaque_original_became_translucent
00000000943ddb76c087944c,efonte,ULES00502/ai_upscaled/characters/00000000943ddb76864b5e2d.png,opaque_original_became_translucent
000000007cae6384e93528f4,efonte,ULES00502/ai_upscaled/characters/clothes/000000007cae6384ab51e55b.png,opaque_original_became_translucent
000000001dc2ac6b793f05c0,efonte,ULES00502/ai_upscaled/others/64_64/000000001dc2ac6b074d7c9f.png,opaque_original_became_translucent
000000000f27226f131e931e,efonte,ULES00502/ai_upscaled/others/32_32/000000000f27226f346c1aa7.png,opaque_original_became_translucent
00000000eb078aed91c08eee,efonte,ULES00502/ai_upscaled/others/32_32/00000000eb078aed55b1705c.png,opaque_original_became_translucent
00000000f099c70ab03fddea,efonte,ULES00502/ai_upscaled/others/32_32/00000000f099c70a9032ea4b.png,opaque_original_became_translucent
0000000085294f5fd1ac28a6,efonte,ULES00502/ai_upscaled/others/32_32/0000000085294f5fd67332db.png,opaque_original_became_translucent
000000006d09477a60e1dff0,efonte,ULES00502/ai_upscaled/characters/000000006d09477a91a58d20.png,opaque_original_became_translucent
00000000e2545fd54605ac69,efonte,ULES00502/ai_upscaled/others/64_64/00000000e2545fd574fb0ccf.png,opaque_original_became_translucent
00000000918284850fc31592,efonte,ULES00502/ai_upscaled/others/64_32/0000000091828485afd819a2.png,opaque_original_became_translucent
000000004b29064ecac11a19,efonte,ULES00502/ai_upscaled/others/32_16/000000004b29064ed0badb0d.png,opaque_original_became_translucent
00000000655402da5914a914,efonte,ULES00502/ai_upscaled/characters/clothes/00000000655402dafad5af34.png,opaque_original_became_translucent
00000000293ef19d9098a41a,efonte,ULES00502/ai_upscaled/characters/00000000293ef19dad73d2b3.png,opaque_original_became_translucent
00000000f82b5bccb472bff8,efonte,ULES00502/ai_upscaled/characters/00000000f82b5bcc356781fa.png,opaque_original_became_translucent
00000000363d78cfa6a669c0,efonte,ULES00502/ai_upscaled/characters/00000000363d78cf7907569e.png,opaque_original_became_translucent
0000000074338fcf0d450b83,efonte,ULES00502/ai_upscaled/others/64_32/0000000074338fcf755dab33.png,opaque_original_became_translucent
00000000872e36688ff383e8,efonte,ULES00502/ai_upscaled/characters/00000000872e3668af513df9.png,opaque_original_became_translucent
0000000074aabec7e277fee2,efonte,ULES00502/ai_upscaled/others/32_16/0000000074aabec784cc804f.png,opaque_original_became_translucent
0000000064a575f8f444ad3e,efonte,ULES00502/ai_upscaled/characters/clothes/0000000064a575f81ed76b36.png,opaque_original_became_translucent
00000000094955f346a30be6,efonte,ULES00502/ai_upscaled/characters/00000000094955f3e9159304.png,opaque_original_became_translucent
00000000fbb3a97f4496ee20,efonte,ULES00502/ai_upscaled/others/64_32/00000000fbb3a97f32a0967a.png,opaque_original_became_translucent
00000000bc3d3c66e5e1ce51,efonte,ULES00502/ai_upscaled/others/32_32/00000000bc3d3c666754149d.png,opaque_original_became_translucent
00000000cf08ac75c743ee32,efonte,ULES00502/ai_upscaled/others/64_64/00000000cf08ac75ea401ab5.png,opaque_original_became_translucent
00000000d1b678f39ef18604,efonte,ULES00502/ai_upscaled/others/64_32/00000000d1b678f33aa57434.png,opaque_original_became_translucent
00000000772367e8dab3c023,efonte,ULES00502/ai_upscaled/others/64_32/00000000772367e806ef5c8f.png,opaque_original_became_translucent
0000000028767e32ea1ef5c9,efonte,ULES00502/ai_upscaled/others/64_64/0000000028767e32894566fe.png,opaque_original_became_translucent
00000000c1b399297bf8b852,efonte,ULES00502/ai_upscaled/others/64_64/00000000c1b39929d59cbe46.png,opaque_original_became_translucent
00000000a488410174d1b45f,efonte,ULES00502/ai_upscaled/characters/00000000a4884101a1f3cf09.png,opaque_original_became_translucent
00000000832ff6c65ebd8282,efonte,ULES00502/ai_upscaled/characters/00000000832ff6c6972cb068.png,opaque_original_became_translucent
0000000001efbeb53a152065,efonte,ULES00502/ai_upscaled/others/32_16/0000000001efbeb5c89054a8.png,opaque_original_became_translucent
000000000a9b0e012e257bbf,efonte,ULES00502/ai_upscaled/others/32_32/000000000a9b0e015cd77835.png,opaque_original_became_translucent
00000000df45145526cfdb0f,efonte,ULES00502/ai_upscaled/others/32_64/00000000df451455b8385b3a.png,opaque_original_became_translucent
00000000493884e7f6ed7dc8,efonte,ULES00502/ai_upscaled/others/64_64/00000000493884e72df33f6b.png,opaque_original_became_translucent
0000000034a91c04e9274507,efonte,ULES00502/ai_upscaled/characters/clothes/0000000034a91c045fa68c0f.png,opaque_original_became_translucent
00000000cba1884617aaf3d3,efonte,ULES00502/ai_upscaled/others/32_32/00000000cba188465bd0b76f.png,opaque_original_became_translucent
000000001ab8d2484a2e9eac,efonte,ULES00502/ai_upscaled/others/32_32/000000001ab8d248d344b278.png,opaque_original_became_translucent
00000000581a4a9ffd9032e9,efonte,ULES00502/ai_upscaled/characters/00000000581a4a9f454e446e.png,opaque_original_became_translucent
00000000fdcd02701ce8cafc,efonte,ULES00502/ai_upscaled/others/32_32/00000000fdcd0270987cec29.png,opaque_original_became_translucent
000000004a86ef0b7c3e3b2b,efonte,ULES00502/ai_upscaled/others/64_64/000000004a86ef0b5531fbd3.png,opaque_original_became_translucent
00000000877773be282512e8,efonte,ULES00502/ai_upscaled/others/64_32/00000000877773be86795d61.png,opaque_original_became_translucent
00000000c3c79319565c831e,efonte,ULES00502/ai_upscaled/others/32_16/00000000c3c7931965debb0c.png,opaque_original_became_translucent
000000004f219d826b56d224,efonte,ULES00502/ai_upscaled/characters/000000004f219d822bf35290.png,opaque_original_became_translucent
000000000f39978cae24441a,efonte,ULES00502/ai_upscaled/others/32_32/000000000f39978c73b149d9.png,opaque_original_became_translucent
00000000663ce939f31b2060,efonte,ULES00502/ai_upscaled/others/32_32/00000000663ce939739d17f1.png,opaque_original_became_translucent
0000000064dddd2470fcfad3,efonte,ULES00502/ai_upscaled/characters/0000000064dddd24b3ca95e4.png,opaque_original_became_translucent
000000004ed7d248639c1d09,efonte,ULES00502/ai_upscaled/characters/000000004ed7d24812a02a7d.png,opaque_original_became_translucent
0000000018446c85142c7ce7,efonte,ULES00502/ai_upscaled/others/32_16/0000000018446c85cd0f3abc.png,opaque_original_became_translucent
00000000fdbb7a39e1ab005f,efonte,ULES00502/ai_upscaled/others/64_64/00000000fdbb7a396f450fab.png,opaque_original_became_translucent
00000000a53b157524fc2541,efonte,ULES00502/ai_upscaled/others/32_16/00000000a53b1575f42d51f5.png,opaque_original_became_translucent
000000005864b686cf727a10,efonte,ULES00502/ai_upscaled/characters/000000005864b6862242c124.png,opaque_original_became_translucent
00000000fa39cb43d0d5e939,efonte,ULES00502/ai_upscaled/characters/00000000fa39cb43a6c1a6c6.png,opaque_original_became_translucent
000000006bb7691eecdd4eff,efonte,ULES00502/ai_upscaled/others/32_32/000000006bb7691e72303fd5.png,opaque_original_became_translucent
00000000ef160281e4d2f368,efonte,ULES00502/ai_upscaled/others/32_32/00000000ef160281ab2fcd79.png,opaque_original_became_translucent
000000007ffeb5cbc1255bd2,efonte,ULES00502/ai_upscaled/others/64_64/000000007ffeb5cb7c03e485.png,opaque_original_became_translucent
00000000328d9be1b16a7fcd,efonte,ULES00502/ai_upscaled/characters/clothes/00000000328d9be13fad5d3c.png,opaque_original_became_translucent
000000007f039281c968804b,efonte,ULES00502/ai_upscaled/others/64_32/000000007f039281b9a398c4.png,opaque_original_became_translucent
000000004571071c743fca22,efonte,ULES00502/ai_upscaled/characters/000000004571071cdcdd63eb.png,opaque_original_became_translucent
00000000b51737db1531d0ae,efonte,ULES00502/ai_upscaled/characters/00000000b51737db20401938.png,opaque_original_became_translucent
000000000fe5609415cb8940,efonte,ULES00502/ai_upscaled/others/64_64/000000000fe560947e52dd39.png,opaque_original_became_translucent
000000008665b99b527cf34e,efonte,ULES00502/ai_upscaled/others/32_16/000000008665b99b3abda8bc.png,opaque_original_became_translucent
00000000758e8cedcaffeb15,efonte,ULES00502/ai_upscaled/others/32_16/00000000758e8ced905a39ce.png,opaque_original_became_translucent
000000005a7ad1d3e5c14195,efonte,ULES00502/ai_upscaled/characters/000000005a7ad1d3d66566ff.png,opaque_original_became_translucent
000000007640fe8cb8b40952,efonte,ULES00502/ai_upscaled/others/64_64/000000007640fe8ca59feed0.png,opaque_original_became_translucent
0000000085b5070a04952224,efonte,ULES00502/ai_upscaled/others/32_16/0000000085b5070a6c71d0a2.png,opaque_original_became_translucent
00000000e9d8ece491abb20b,efonte,ULES00502/ai_upscaled/others/64_64/00000000e9d8ece4bc7d4e80.png,opaque_original_became_translucent
00000000bfd2d2d8a29838ef,efonte,ULES00502/ai_upscaled/others/32_32/00000000bfd2d2d8110f64f9.png,opaque_original_became_translucent
0000000050cf8db2145b2938,efonte,ULES00502/ai_upscaled/characters/0000000050cf8db2fe4fa2e7.png,opaque_original_became_translucent
00000000464b82c67f6f7e6a,efonte,ULES00502/ai_upscaled/others/32_64/00000000464b82c687213ea6.png,opaque_original_became_translucent
0000000069d88b115d06acb0,efonte,ULES00502/ai_upscaled/characters/0000000069d88b112dc41448.png,opaque_original_became_translucent
00000000991c04fc0b666dc7,efonte,ULES00502/ai_upscaled/others/32_32/00000000991c04fca02073d2.png,opaque_original_became_translucent
000000009f7d8731d1db70f7,efonte,ULES00502/ai_upscaled/characters/000000009f7d8731580a1cfb.png,opaque_original_became_translucent
000000005cf359140d167ffe,efonte,ULES00502/ai_upscaled/others/64_64/000000005cf3591414cc111b.png,opaque_original_became_translucent
00000000697b2ca09c2cee81,efonte,ULES00502/ai_upscaled/others/64_64/00000000697b2ca07fb71423.png,opaque_original_became_translucent
00000000361aac79d966e798,efonte,ULES00502/ai_upscaled/others/32_32/00000000361aac791cdab97d.png,opaque_original_became_translucent
000000003052f24839626c4e,efonte,ULES00502/ai_upscaled/others/32_32/000000003052f248e2f49b80.png,opaque_original_became_translucent
000000003ae11808f48fa545,efonte,ULES00502/ai_upscaled/characters/000000003ae11808c3c470b9.png,opaque_original_became_translucent
00000000612cd7a8e699179f,efonte,ULES00502/ai_upscaled/others/64_64/00000000612cd7a8c91b2cdc.png,opaque_original_became_translucent
000000004a03b521782727fa,efonte,ULES00502/ai_upscaled/others/64_64/000000004a03b521dfd13ef0.png,opaque_original_became_translucent
00000000a546b110cf2d09f9,efonte,ULES00502/ai_upscaled/characters/00000000a546b1102d70537d.png,opaque_original_became_translucent
0000000071e0e2a32988482c,efonte,ULES00502/ai_upscaled/others/32_16/0000000071e0e2a331a06e33.png,opaque_original_became_translucent
00000000b0b87a27b791be04,efonte,ULES00502/ai_upscaled/characters/00000000b0b87a27f5be367f.png,opaque_original_became_translucent
00000000ed1cd8724ae48af7,efonte,ULES00502/ai_upscaled/others/64_64/00000000ed1cd872c30d93b3.png,opaque_original_became_translucent
00000000ddb96fa3a88f29e4,efonte,ULES00502/ai_upscaled/others/64_64/00000000ddb96fa3ebee5c43.png,opaque_original_became_translucent
0000000098e5dd3448959fac,efonte,ULES00502/ai_upscaled/characters/0000000098e5dd34bd59bd77.png,opaque_original_became_translucent
00000000996be8cd86a14eb7,efonte,ULES00502/ai_upscaled/others/32_32/00000000996be8cd3bf5be84.png,opaque_original_became_translucent
00000000300f5c07a2192fb6,efonte,ULES00502/ai_upscaled/others/32_16/00000000300f5c078f0d75a0.png,opaque_original_became_translucent
000000008053bd2c6aa7aad5,efonte,ULES00502/ai_upscaled/others/64_64/000000008053bd2c7f5b23d6.png,opaque_original_became_translucent
00000000107a845e0badab58,efonte,ULES00502/ai_upscaled/others/64_64/00000000107a845e48a0c1ba.png,opaque_original_became_translucent
00000000fba70f0ce8d2d5b4,efonte,ULES00502/ai_upscaled/others/32_64/00000000fba70f0cafc30275.png,opaque_original_became_translucent
000000009de0e899329cb29f,efonte,ULES00502/ai_upscaled/others/32_16/000000009de0e899f8453b67.png,opaque_original_became_translucent
00000000325ee05dd274dde9,efonte,ULES00502/ai_upscaled/characters/00000000325ee05de933dd2e.png,opaque_original_became_translucent
00000000696ab252af9ca842,efonte,ULES00502/ai_upscaled/others/32_64/00000000696ab252aeb61486.png,opaque_original_became_translucent
00000000540b5ec424ad90ac,efonte,ULES00502/ai_upscaled/others/64_64/00000000540b5ec431af57d0.png,opaque_original_became_translucent
00000000235c2d27dd7469b4,efonte,ULES00502/ai_upscaled/characters/00000000235c2d27b2d7dd59.png,opaque_original_became_translucent
00000000af88febe2366eb03,efonte,ULES00502/ai_upscaled/others/32_32/00000000af88febe0dea1021.png,opaque_original_became_translucent
0000000077be717ff78ecf8e,efonte,ULES00502/ai_upscaled/others/64_32/0000000077be717fd6688125.png,opaque_original_became_translucent
0000000091fc5deddcdbfc01,efonte,ULES00502/ai_upscaled/characters/0000000091fc5dedde12b571.png,opaque_original_became_translucent
00000000be99ee7fd24a3b0e,efonte,ULES00502/ai_upscaled/others/64_32/00000000be99ee7f17098a95.png,opaque_original_became_translucent
00000000bc2008fd14a3bf5e,efonte,ULES00502/ai_upscaled/others/64_64/00000000bc2008fd38d69315.png,opaque_original_became_translucent
0000000001064a0d2f374a89,efonte,ULES00502/ai_upscaled/others/32_32/0000000001064a0dfb89b3ff.png,opaque_original_became_translucent
000000007a56ab4255066917,efonte,ULES00502/ai_upscaled/others/32_16/000000007a56ab4221aaf608.png,transparency_mask_changed
000000001fa2bb4a813aff60,efonte,ULES00502/ai_upscaled/characters/000000001fa2bb4a091ceb1e.png,opaque_original_became_translucent
00000000ab3b0599eb789e71,efonte,ULES00502/ai_upscaled/others/32_16/00000000ab3b059960f2a838.png,opaque_original_became_translucent
0000000029ee3b82e3c3938d,efonte,ULES00502/ai_upscaled/others/64_32/0000000029ee3b82e7bab026.png,opaque_original_became_translucent
000000000280cd79d490c4a2,efonte,ULES00502/ai_upscaled/others/64_64/000000000280cd7983bbb39f.png,opaque_original_became_translucent
0000000069191e298b42e84f,efonte,ULES00502/ai_upscaled/others/32_16/0000000069191e2950100776.png,opaque_original_became_translucent
000000001f3d5700158810cd,efonte,ULES00502/ai_upscaled/characters/000000001f3d57001b5a843a.png,opaque_original_became_translucent
0000000091bc238194725588,efonte,ULES00502/ai_upscaled/others/64_32/0000000091bc2381a06cca41.png,opaque_original_became_translucent
000000003b38de4aac605e7d,efonte,ULES00502/ai_upscaled/characters/000000003b38de4a6e4cc4c0.png,opaque_original_became_translucent
00000000bb47ed90f5adff2a,efonte,ULES00502/ai_upscaled/others/64_32/00000000bb47ed90f0d4c179.png,opaque_original_became_translucent
00000000a304fb4bde233495,efonte,ULES00502/ai_upscaled/characters/00000000a304fb4b710c6e0a.png,opaque_original_became_translucent
000000003cfa8dc74ef4877e,efonte,ULES00502/ai_upscaled/characters/000000003cfa8dc7fc127884.png,opaque_original_became_translucent
00000000fe660b6b41c5bc6f,efonte,ULES00502/ai_upscaled/characters/00000000fe660b6b987c074a.png,opaque_original_became_translucent
0000000066db7619861a8310,efonte,ULES00502/ai_upscaled/characters/0000000066db7619abb338f7.png,opaque_original_became_translucent
0000000080ef57df32259170,efonte,ULES00502/ai_upscaled/characters/clothes/0000000080ef57dfa9a0446a.png,opaque_original_became_translucent
000000005532c2e973cf3506,efonte,ULES00502/ai_upscaled/others/64_32/000000005532c2e9087ed438.png,opaque_original_became_translucent
000000001f5922f859117845,efonte,ULES00502/ai_upscaled/others/64_32/000000001f5922f861e0379f.png,opaque_original_became_translucent
00000000a2d3e1a3f0cf704c,efonte,ULES00502/ai_upscaled/others/64_64/00000000a2d3e1a35f2ef705.png,opaque_original_became_translucent
00000000782bbe63658c6be6,efonte,ULES00502/ai_upscaled/characters/00000000782bbe639c6d7f2e.png,opaque_original_became_translucent
00000000183e0d3074a69d7e,efonte,ULES00502/ai_upscaled/others/32_32/00000000183e0d3066068aed.png,opaque_original_became_translucent
00000000d22a30d8df147528,efonte,ULES00502/ai_upscaled/others/32_16/00000000d22a30d8bca23dbf.png,opaque_original_became_translucent
0000000074329471694ab7fb,efonte,ULES00502/ai_upscaled/others/32_32/00000000743294715f52f96d.png,opaque_original_became_translucent
00000000d2421ac3e405b7fe,efonte,ULES00502/ai_upscaled/characters/00000000d2421ac3b3983a1f.png,opaque_original_became_translucent
000000008a9a835ca15f36ed,efonte,ULES00502/ai_upscaled/others/64_64/000000008a9a835cc78a9f6d.png,opaque_original_became_translucent
000000002f215900dbdccc5d,efonte,ULES00502/ai_upscaled/characters/000000002f21590006fbf9bd.png,opaque_original_became_translucent
000000008c024f57406f5ac2,efonte,ULES00502/ai_upscaled/others/32_32/000000008c024f57ceb48f4a.png,opaque_original_became_translucent
000000004812dda07a4cc1ad,efonte,ULES00502/ai_upscaled/characters/000000004812dda0253a6013.png,opaque_original_became_translucent
000000008e6960486f872a8c,efonte,ULES00502/ai_upscaled/characters/000000008e696048c45736b1.png,opaque_original_became_translucent
000000003a5d7eab386ebf97,efonte,ULES00502/ai_upscaled/others/32_32/000000003a5d7eabbbbdea39.png,opaque_original_became_translucent
00000000122d5a6212e0b353,efonte,ULES00502/ai_upscaled/others/64_64/00000000122d5a62f270a3bc.png,opaque_original_became_translucent
00000000b21c902e4c3b0aa4,efonte,ULES00502/ai_upscaled/characters/00000000b21c902eecfa0933.png,opaque_original_became_translucent
00000000c92d22e7dd94162d,efonte,ULES00502/ai_upscaled/others/64_64/00000000c92d22e7b31fdb24.png,opaque_original_became_translucent
000000000e48ddae10d49f2a,efonte,ULES00502/ai_upscaled/others/64_32/000000000e48ddae09fb67bd.png,opaque_original_became_translucent
0000000090b7f527f2233f9b,efonte,ULES00502/ai_upscaled/others/64_64/0000000090b7f5275e600f91.png,opaque_original_became_translucent
00000000a61f2ae253e37911,efonte,ULES00502/ai_upscaled/others/32_32/00000000a61f2ae29b23b4d2.png,opaque_original_became_translucent
000000001f314bd26c3ba60f,efonte,ULES00502/ai_upscaled/characters/000000001f314bd2954fcd45.png,opaque_original_became_translucent
0000000090a73955534bae1c,efonte,ULES00502/ai_upscaled/others/32_16/0000000090a7395574485d14.png,opaque_original_became_translucent
0000000086ba2d513d271527,efonte,ULES00502/ai_upscaled/others/32_64/0000000086ba2d515f79a570.png,opaque_original_became_translucent
00000000c743ad182b6058b5,efonte,ULES00502/ai_upscaled/others/64_64/00000000c743ad185fcba575.png,opaque_original_became_translucent
00000000c72597d8c036d709,efonte,ULES00502/ai_upscaled/characters/00000000c72597d8f4232008.png,opaque_original_became_translucent
000000005fde85975092e03f,efonte,ULES00502/ai_upscaled/others/32_64/000000005fde85976c220303.png,opaque_original_became_translucent
0000000076099c7dfa887a20,efonte,ULES00502/ai_upscaled/others/32_16/0000000076099c7dcd722d94.png,opaque_original_became_translucent
00000000d9d56b372b08ec00,efonte,ULES00502/ai_upscaled/characters/00000000d9d56b37a5290521.png,opaque_original_became_translucent
00000000003cb16c1df1e58e,efonte,ULES00502/ai_upscaled/others/64_64/00000000003cb16c0725b73e.png,opaque_original_became_translucent
000000006d121bbe7e6fdb17,efonte,ULES00502/ai_upscaled/others/32_16/000000006d121bbe47873500.png,opaque_original_became_translucent
000000002b673eea55c17c11,efonte,ULES00502/ai_upscaled/others/64_64/000000002b673eea78ec5ae1.png,opaque_original_became_translucent
000000003d2c4eb1828d9ddb,efonte,ULES00502/ai_upscaled/characters/000000003d2c4eb1db7bdf00.png,opaque_original_became_translucent
00000000f1d981b55561a364,efonte,ULES00502/ai_upscaled/others/32_32/00000000f1d981b5d2c680f1.png,opaque_original_became_translucent
000000008d19745808fce320,efonte,ULES00502/ai_upscaled/others/32_32/000000008d197458afa8882a.png,opaque_original_became_translucent
00000000e046130ce45bafdd,efonte,ULES00502/ai_upscaled/others/32_16/00000000e046130c70d5f9b7.png,opaque_original_became_translucent
00000000e59f2825554bf68f,efonte,ULES00502/ai_upscaled/characters/00000000e59f282582440f04.png,opaque_original_became_translucent
000000001bc062850b86070d,efonte,ULES00502/ai_upscaled/others/64_32/000000001bc0628549298417.png,opaque_original_became_translucent
000000002cf7622909f02945,efonte,ULES00502/ai_upscaled/characters/000000002cf76229ab60465b.png,opaque_original_became_translucent
000000002c47a05638c3c854,efonte,ULES00502/ai_upscaled/others/32_32/000000002c47a056d7b4ab9c.png,opaque_original_became_translucent
0000000045132e25ef4d164d,efonte,ULES00502/ai_upscaled/others/64_64/0000000045132e252e01abb1.png,opaque_original_became_translucent
00000000b681ce8a315f7a25,efonte,ULES00502/ai_upscaled/characters/00000000b681ce8a3a1a29a0.png,opaque_original_became_translucent
00000000583a922574641fff,efonte,ULES00502/ai_upscaled/others/32_16/00000000583a92254dbd8ba0.png,opaque_original_became_translucent
0000000054f66daec482018a,efonte,ULES00502/ai_upscaled/others/64_32/0000000054f66dae4bb8cd24.png,opaque_original_became_translucent
00000000655f2208a6c4c08f,efonte,ULES00502/ai_upscaled/characters/00000000655f2208af9bcea4.png,opaque_original_became_translucent
000000001b61c4e45812bc16,efonte,ULES00502/ai_upscaled/others/64_64/000000001b61c4e460ad7fb7.png,opaque_original_became_translucent
00000000c06acc5ed885917e,efonte,ULES00502/ai_upscaled/others/64_32/00000000c06acc5e72d73b78.png,opaque_original_became_translucent
0000000052be50c3bf31c89a,efonte,ULES00502/ai_upscaled/others/32_16/0000000052be50c325780fc6.png,opaque_original_became_translucent
0000000018658660ac0eb823,efonte,ULES00502/ai_upscaled/characters/00000000186586601ee1f863.png,opaque_original_became_translucent
000000004e6bfe581cc4f650,efonte,ULES00502/ai_upscaled/characters/000000004e6bfe5863697df6.png,opaque_original_became_translucent
0000000047c256ef489b6e23,efonte,ULES00502/ai_upscaled/characters/0000000047c256efb91a7a60.png,opaque_original_became_translucent
000000000c22e806e3ede076,efonte,ULES00502/ai_upscaled/others/32_32/000000000c22e806349ad767.png,opaque_original_became_translucent
00000000c13f801da39c2f2a,efonte,ULES00502/ai_upscaled/others/32_32/00000000c13f801d362620f2.png,opaque_original_became_translucent
00000000a53222a7af5d10af,efonte,ULES00502/ai_upscaled/characters/00000000a53222a7d673d779.png,opaque_original_became_translucent
00000000d07eae00da0f9831,efonte,ULES00502/ai_upscaled/characters/00000000d07eae00ecb66ee2.png,opaque_original_became_translucent
00000000b25fc013fe7a4f16,efonte,ULES00502/ai_upscaled/characters/00000000b25fc013053f8db5.png,opaque_original_became_translucent
00000000d94a2ceeebc8fe2f,efonte,ULES00502/ai_upscaled/others/32_32/00000000d94a2cee4fccfa46.png,opaque_original_became_translucent
0000000010c0071f984e64aa,efonte,ULES00502/ai_upscaled/others/32_16/0000000010c0071f6e47c2d0.png,opaque_original_became_translucent
00000000cbe2c5c488ea6bd3,efonte,ULES00502/ai_upscaled/characters/00000000cbe2c5c4400cc67f.png,opaque_original_became_translucent
00000000a7e24f90d5496b86,efonte,ULES00502/ai_upscaled/characters/00000000a7e24f9032744e75.png,opaque_original_became_translucent
0000000065d62bd7b8ece1de,efonte,ULES00502/ai_upscaled/others/64_64/0000000065d62bd7706c455a.png,opaque_original_became_translucent
00000000dde776dcd4a9803e,efonte,ULES00502/ai_upscaled/others/32_16/00000000dde776dc22a7de47.png,opaque_original_became_translucent
000000009c1b5652a0ca011b,efonte,ULES00502/ai_upscaled/others/32_32/000000009c1b5652eca1b5cf.png,opaque_original_became_translucent
000000008d2f6708008bb10f,efonte,ULES00502/ai_upscaled/characters/000000008d2f6708a51808df.png,opaque_original_became_translucent
0000000087b67af8f01c739f,efonte,ULES00502/ai_upscaled/others/32_32/0000000087b67af8af8d5a08.png,opaque_original_became_translucent
0000000014c511a4134d6f0d,efonte,ULES00502/ai_upscaled/characters/0000000014c511a4b454bf9d.png,opaque_original_became_translucent
00000000894eed0abc3e5839,efonte,ULES00502/ai_upscaled/others/64_64/00000000894eed0a0e1e2dd9.png,opaque_original_became_translucent
00000000508abd884f099018,efonte,ULES00502/ai_upscaled/others/32_32/00000000508abd88a5655444.png,opaque_original_became_translucent
000000002d52c2ba99d0c902,efonte,ULES00502/ai_upscaled/others/64_32/000000002d52c2ba2f28e6bd.png,opaque_original_became_translucent
00000000e8ad81a5eaccfaf8,efonte,ULES00502/ai_upscaled/others/32_16/00000000e8ad81a52444b2d2.png,opaque_original_became_translucent
000000003162e9021bda36d1,efonte,ULES00502/ai_upscaled/others/64_32/000000003162e9020c87c6cc.png,opaque_original_became_translucent
00000000c922525dc39bdd8c,efonte,ULES00502/ai_upscaled/characters/00000000c922525d1a696f12.png,opaque_original_became_translucent
0000000070e96ec74c9cca45,efonte,ULES00502/ai_upscaled/characters/clothes/0000000070e96ec73849e525.png,opaque_original_became_translucent
000000004efbc15215c301d3,efonte,ULES00502/ai_upscaled/others/64_32/000000004efbc152ba15ce66.png,opaque_original_became_translucent
00000000244bcf026ce1d3c4,efonte,ULES00502/ai_upscaled/others/32_16/00000000244bcf0214fc7ded.png,opaque_original_became_translucent
0000000098d7ba33575d4b66,efonte,ULES00502/ai_upscaled/characters/0000000098d7ba33a3fa751c.png,opaque_original_became_translucent
000000009cbe2e332f851072,efonte,ULES00502/ai_upscaled/others/32_16/000000009cbe2e33b0cee742.png,opaque_original_became_translucent
00000000e9084ad4bdf955de,efonte,ULES00502/ai_upscaled/characters/00000000e9084ad4df884837.png,opaque_original_became_translucent
00000000da47d3da5bf98dfe,efonte,ULES00502/ai_upscaled/others/32_64/00000000da47d3da9e261b2b.png,opaque_original_became_translucent
0000000024ccda629f6d500e,efonte,ULES00502/ai_upscaled/others/32_32/0000000024ccda62e14a8b10.png,opaque_original_became_translucent
0000000067c5ed914a0cfcd4,efonte,ULES00502/ai_upscaled/others/64_64/0000000067c5ed91e30e8a9f.png,opaque_original_became_translucent
00000000c47ac25dfa2033af,efonte,ULES00502/ai_upscaled/others/64_64/00000000c47ac25d7019957c.png,opaque_original_became_translucent
000000005d7b1e330a09ace8,efonte,ULES00502/ai_upscaled/others/32_16/000000005d7b1e3349aeb259.png,opaque_original_became_translucent
00000000e34bf2a78c694380,efonte,ULES00502/ai_upscaled/characters/00000000e34bf2a7815a132d.png,opaque_original_became_translucent
0000000097fc529903ae1c17,efonte,ULES00502/ai_upscaled/others/32_16/0000000097fc5299e807b16f.png,opaque_original_became_translucent
000000008b7c1e817e0040db,efonte,ULES00502/ai_upscaled/others/32_32/000000008b7c1e81e896e246.png,opaque_original_became_translucent
00000000af37c61ccd82a334,efonte,ULES00502/ai_upscaled/characters/00000000af37c61c82c56bdf.png,opaque_original_became_translucent
00000000ed7148e3f9678016,efonte,ULES00502/ai_upscaled/others/64_64/00000000ed7148e30ede65f8.png,opaque_original_became_translucent
00000000feead2ca8d1f2fad,efonte,ULES00502/ai_upscaled/characters/00000000feead2ca847a54c2.png,opaque_original_became_translucent
0000000081ec4330014a65c2,efonte,ULES00502/ai_upscaled/others/16_32/0000000081ec43301cbc8551.png,opaque_original_became_translucent
000000003270a7a69631c814,efonte,ULES00502/ai_upscaled/characters/000000003270a7a6d227f059.png,opaque_original_became_translucent
000000009234adaaeae88d98,efonte,ULES00502/ai_upscaled/others/32_16/000000009234adaaa630d9d7.png,opaque_original_became_translucent
0000000039989c26e69723ba,efonte,ULES00502/ai_upscaled/others/64_32/0000000039989c2656a64903.png,opaque_original_became_translucent
000000002768805a109edfde,efonte,ULES00502/ai_upscaled/others/32_16/000000002768805ac870a2ee.png,opaque_original_became_translucent
000000002348f1fd9a17f2a7,efonte,ULES00502/ai_upscaled/others/64_64/000000002348f1fdc7453fc0.png,opaque_original_became_translucent
00000000ba32ad310df7b681,efonte,ULES00502/ai_upscaled/others/32_16/00000000ba32ad31f894fe3c.png,opaque_original_became_translucent
0000000057e7d42ca65ae962,efonte,ULES00502/ai_upscaled/others/64_32/0000000057e7d42c7c88bf55.png,opaque_original_became_translucent
0000000033fd601d98257d97,efonte,ULES00502/ai_upscaled/characters/0000000033fd601dd213d124.png,opaque_original_became_translucent
00000000dd082357d5039132,efonte,ULES00502/ai_upscaled/characters/00000000dd0823579e6e1e61.png,opaque_original_became_translucent
00000000a47f02f3c56d87dc,efonte,ULES00502/ai_upscaled/others/64_64/00000000a47f02f32447c001.png,opaque_original_became_translucent
0000000031ac704b43c3e5d2,efonte,ULES00502/ai_upscaled/others/128_64/0000000031ac704b3640a40e.png,opaque_original_became_translucent
000000009699c5c79ab81625,efonte,ULES00502/ai_upscaled/characters/000000009699c5c73b7bcf0c.png,opaque_original_became_translucent
0000000089427a372d2a5d33,efonte,ULES00502/ai_upscaled/others/64_32/0000000089427a3717d9b8b9.png,opaque_original_became_translucent
00000000b0e76ade300b8b88,efonte,ULES00502/ai_upscaled/others/64_64/00000000b0e76ade163516f9.png,opaque_original_became_translucent
00000000727148aa9bb2549f,efonte,ULES00502/ai_upscaled/others/64_64/00000000727148aaa5931957.png,opaque_original_became_translucent
000000007613989f147399b6,efonte,ULES00502/ai_upscaled/characters/clothes/000000007613989f8923a3eb.png,opaque_original_became_translucent
00000000d02adb76caa0a642,efonte,ULES00502/ai_upscaled/characters/00000000d02adb768545628f.png,opaque_original_became_translucent
0000000064a9141133de64c7,efonte,ULES00502/ai_upscaled/others/64_64/0000000064a91411c94b9d08.png,opaque_original_became_translucent
000000008d99ed69c92c6738,efonte,ULES00502/ai_upscaled/others/32_64/000000008d99ed691d7f08cc.png,opaque_original_became_translucent
00000000b34f87a0a9a407e9,efonte,ULES00502/ai_upscaled/others/32_64/00000000b34f87a06ad54139.png,opaque_original_became_translucent
00000000bf74430c9cc7dfbc,efonte,ULES00502/ai_upscaled/characters/00000000bf74430cd902e344.png,opaque_original_became_translucent
0000000090b57a1e9ef81a49,efonte,ULES00502/ai_upscaled/characters/0000000090b57a1e4248337b.png,opaque_original_became_translucent
00000000d5bcfc31d1c0a120,efonte,ULES00502/ai_upscaled/others/64_64/00000000d5bcfc3118370f5f.png,opaque_original_became_translucent
0000000013148c8a91dc84f8,efonte,ULES00502/ai_upscaled/others/64_64/0000000013148c8a8fa1e2a7.png,opaque_original_became_translucent
00000000cb0e3a982c4ed18d,efonte,ULES00502/ai_upscaled/others/64_32/00000000cb0e3a981633456d.png,opaque_original_became_translucent
000000008efb6ce8a3eadea1,efonte,ULES00502/ai_upscaled/characters/000000008efb6ce8ea6c7869.png,opaque_original_became_translucent
00000000f9181a7425c5995c,efonte,ULES00502/ai_upscaled/others/32_32/00000000f9181a74993a6074.png,transparency_mask_changed
000000009061d0efd96b8556,efonte,ULES00502/ai_upscaled/others/64_32/000000009061d0ef34bb5232.png,opaque_original_became_translucent
00000000e787f706d99c4a8f,efonte,ULES00502/ai_upscaled/others/32_32/00000000e787f7063999e3c2.png,opaque_original_became_translucent
00000000a7ef8b61e1827a08,efonte,ULES00502/ai_upscaled/characters/clothes/00000000a7ef8b61c6edc1ab.png,opaque_original_became_translucent
00000000eaa728cba84116df,efonte,ULES00502/ai_upscaled/characters/00000000eaa728cba3c53732.png,opaque_original_became_translucent
000000007906fc19caf08224,efonte,ULES00502/ai_upscaled/characters/000000007906fc1904b9621a.png,opaque_original_became_translucent
000000002ac034bf31288a8c,efonte,ULES00502/ai_upscaled/others/64_64/000000002ac034bf02b0fff3.png,opaque_original_became_translucent
000000006b26acc14bea7809,efonte,ULES00502/ai_upscaled/others/32_32/000000006b26acc1bdadad49.png,opaque_original_became_translucent
00000000dcaaff03ef0616df,efonte,ULES00502/ai_upscaled/characters/00000000dcaaff03a80c40fb.png,opaque_original_became_translucent
0000000035871c64dabbc6fe,efonte,ULES00502/ai_upscaled/others/64_32/0000000035871c64afa307f0.png,opaque_original_became_translucent
0000000081fcd0a4eb5162c3,efonte,ULES00502/ai_upscaled/others/64_64/0000000081fcd0a43d6d831f.png,opaque_original_became_translucent
00000000652c149ee3f45078,efonte,ULES00502/ai_upscaled/others/32_16/00000000652c149ea0fb393a.png,opaque_original_became_translucent
00000000ae0ba49563e24748,efonte,ULES00502/ai_upscaled/characters/00000000ae0ba4953369aa16.png,opaque_original_became_translucent
000000003770f4b5e8a9c15e,efonte,ULES00502/ai_upscaled/others/32_32/000000003770f4b536e8a456.png,opaque_original_became_translucent
00000000b3f87f526eb3eb28,efonte,ULES00502/ai_upscaled/characters/00000000b3f87f5282b68357.png,opaque_original_became_translucent
000000001df3f3b5ab3e70e7,efonte,ULES00502/ai_upscaled/others/64_64/000000001df3f3b5f40246f0.png,opaque_original_became_translucent
000000005065ab7daa2630e9,efonte,ULES00502/ai_upscaled/others/32_32/000000005065ab7d8aa5b7d5.png,opaque_original_became_translucent
00000000aac6f04d2fd907b2,efonte,ULES00502/ai_upscaled/characters/00000000aac6f04d15db5513.png,opaque_original_became_translucent
00000000175e12c1cca003fc,efonte,ULES00502/ai_upscaled/characters/clothes/00000000175e12c19305dd4c.png,opaque_original_became_translucent
00000000c668ae0bfa900a5b,efonte,ULES00502/ai_upscaled/others/32_16/00000000c668ae0b5023feb8.png,opaque_original_became_translucent
00000000a1b9b2fb19471c43,efonte,ULES00502/ai_upscaled/others/16_8/00000000a1b9b2fb565c1945.png,opaque_original_became_translucent
00000000056da180af673117,efonte,ULES00502/ai_upscaled/characters/00000000056da18028a8319a.png,opaque_original_became_translucent
0000000018a528f8a3c5cbb3,efonte,ULES00502/ai_upscaled/others/64_32/0000000018a528f85e49bed7.png,opaque_original_became_translucent
00000000a4a8a6530d009716,efonte,ULES00502/ai_upscaled/characters/clothes/00000000a4a8a653929e66ed.png,opaque_original_became_translucent
000000007d57bd6c4e080eab,efonte,ULES00502/ai_upscaled/texts/000000007d57bd6c7efc1e1a.png,opaque_original_became_translucent
00000000ed91980b8f19f04e,efonte,ULES00502/ai_upscaled/characters/00000000ed91980bf647bd6d.png,opaque_original_became_translucent
00000000fc8f5a8c4ebb7278,efonte,ULES00502/ai_upscaled/others/32_16/00000000fc8f5a8cd440d858.png,opaque_original_became_translucent
000000006f3a0bbbc5392f85,efonte,ULES00502/ai_upscaled/characters/000000006f3a0bbb8b44e656.png,opaque_original_became_translucent
00000000277eb8c091f8eb18,efonte,ULES00502/ai_upscaled/others/64_64/00000000277eb8c0220653c1.png,opaque_original_became_translucent
00000000a1921bfd50cb3806,efonte,ULES00502/ai_upscaled/others/32_32/00000000a1921bfde39abf5e.png,opaque_original_became_translucent
0000000072c38f670de284d5,efonte,ULES00502/ai_upscaled/characters/clothes/0000000072c38f6746b1a68c.png,opaque_original_became_translucent
0000000096fd6efa4c283438,efonte,ULES00502/ai_upscaled/texts/0000000096fd6efaa3c46358.png,opaque_original_became_translucent
0000000094a9b036c6491d8f,efonte,ULES00502/ai_upscaled/characters/0000000094a9b036a4196870.png,opaque_original_became_translucent
00000000db67955e99c45cd4,efonte,ULES00502/ai_upscaled/others/32_32/00000000db67955ed17f5c00.png,opaque_original_became_translucent
000000002b183b45200cf731,efonte,ULES00502/ai_upscaled/others/64_32/000000002b183b456d73532a.png,opaque_original_became_translucent
0000000071d68160c39a1263,efonte,ULES00502/ai_upscaled/characters/0000000071d68160e32788dd.png,opaque_original_became_translucent
000000002c338b11e7ec4d2c,efonte,ULES00502/ai_upscaled/characters/000000002c338b113d3ec90a.png,opaque_original_became_translucent
000000007a908e2d9bc48d85,efonte,ULES00502/ai_upscaled/others/32_32/000000007a908e2d70cacd08.png,opaque_original_became_translucent
00000000486c5f0d60215221,efonte,ULES00502/ai_upscaled/others/32_32/00000000486c5f0da3b1368f.png,opaque_original_became_translucent
00000000cc2df31924ce9d05,efonte,ULES00502/ai_upscaled/others/64_32/00000000cc2df319120e2596.png,opaque_original_became_translucent
00000000797006b441e9c312,efonte,ULES00502/ai_upscaled/characters/00000000797006b4f70b4e85.png,opaque_original_became_translucent
000000007e839dee8af9bbdf,efonte,ULES00502/ai_upscaled/others/64_64/000000007e839deea81a8f1d.png,opaque_original_became_translucent
00000000d7a8b5c2e954c116,efonte,ULES00502/ai_upscaled/others/64_64/00000000d7a8b5c282c62746.png,opaque_original_became_translucent
000000008b715b4a2f6ef93a,efonte,ULES00502/ai_upscaled/others/32_16/000000008b715b4a75ecda26.png,opaque_original_became_translucent
000000005251a504972d8f24,efonte,ULES00502/ai_upscaled/others/32_16/000000005251a5049bdb798d.png,opaque_original_became_translucent
000000005f690dcf0ae3af47,efonte,ULES00502/ai_upscaled/characters/000000005f690dcf88e05910.png,opaque_original_became_translucent
000000002e86dae5984d9206,efonte,ULES00502/ai_upscaled/others/32_32/000000002e86dae59b211eec.png,opaque_original_became_translucent
000000003c94218d0d9514fa,efonte,ULES00502/ai_upscaled/characters/000000003c94218db6326e89.png,opaque_original_became_translucent
00000000e0cd7d740f27bde2,efonte,ULES00502/ai_upscaled/others/32_64/00000000e0cd7d74fc3b21ea.png,opaque_original_became_translucent
0000000065b5df5b1260c1f1,efonte,ULES00502/ai_upscaled/others/32_64/0000000065b5df5b3a4d3faa.png,opaque_original_became_translucent
00000000a9f3a634d1dca535,efonte,ULES00502/ai_upscaled/others/64_64/00000000a9f3a63480cf6f2c.png,opaque_original_became_translucent
0000000056816b235cd28ccd,efonte,ULES00502/ai_upscaled/others/32_32/0000000056816b23be8cbbcd.png,opaque_original_became_translucent
00000000a05d6fafeb1660b0,efonte,ULES00502/ai_upscaled/others/16_16/00000000a05d6faf8c2d853a.png,opaque_original_became_translucent
00000000dfe6de496583b06b,efonte,ULES00502/ai_upscaled/others/64_64/00000000dfe6de4999fa3abf.png,opaque_original_became_translucent
00000000e10ad206fb808cd8,efonte,ULES00502/ai_upscaled/characters/00000000e10ad20627912824.png,opaque_original_became_translucent
000000003a82cc749735ae79,efonte,ULES00502/ai_upscaled/characters/000000003a82cc746d438946.png,opaque_original_became_translucent
00000000937474b8ac36cbe0,efonte,ULES00502/ai_upscaled/others/32_16/00000000937474b82ca29f4d.png,opaque_original_became_translucent
000000004c641baf40b2fedf,efonte,ULES00502/ai_upscaled/characters/000000004c641baf9af9b99f.png,opaque_original_became_translucent
0000000050d2bbbb2d5a4f34,efonte,ULES00502/ai_upscaled/others/64_32/0000000050d2bbbb4ff9bc68.png,opaque_original_became_translucent
000000003ee84cd16f78b28c,efonte,ULES00502/ai_upscaled/characters/000000003ee84cd17378aaa4.png,opaque_original_became_translucent
00000000c1c7a0d61395bdaa,efonte,ULES00502/ai_upscaled/others/64_32/00000000c1c7a0d6a7425cc2.png,opaque_original_became_translucent
00000000fba47b02bff85148,efonte,ULES00502/ai_upscaled/others/64_32/00000000fba47b022961f172.png,opaque_original_became_translucent
0000000046456eef3493ba06,efonte,ULES00502/ai_upscaled/others/64_64/0000000046456eef49207923.png,opaque_original_became_translucent
00000000ed0be2dc7af1c3cd,efonte,ULES00502/ai_upscaled/characters/00000000ed0be2dc19f34b04.png,opaque_original_became_translucent
00000000b3f94a31c85a2b20,efonte,ULES00502/ai_upscaled/characters/00000000b3f94a3167a06e24.png,opaque_original_became_translucent
00000000d0899f8662debdd8,efonte,ULES00502/ai_upscaled/others/16_32/00000000d0899f866dba6ff0.png,opaque_original_became_translucent
000000001824396f6aeff398,efonte,ULES00502/ai_upscaled/characters/000000001824396f30b57c00.png,opaque_original_became_translucent
000000004050eddfbb6262b6,efonte,ULES00502/ai_upscaled/others/32_64/000000004050eddf50b188b9.png,opaque_original_became_translucent
000000009ee373e658133170,efonte,ULES00502/ai_upscaled/others/16_32/000000009ee373e6e5d2a0b3.png,opaque_original_became_translucent
000000005df78f159f7bef1a,efonte,ULES00502/ai_upscaled/others/64_64/000000005df78f15cc1c3f38.png,opaque_original_became_translucent
00000000887fc683ab7418e7,efonte,ULES00502/ai_upscaled/others/64_64/00000000887fc683bbc503d0.png,opaque_original_became_translucent
00000000d7f4f539cd027920,efonte,ULES00502/ai_upscaled/characters/00000000d7f4f539c6fdcd61.png,opaque_original_became_translucent
000000009c7d304b71063ee4,efonte,ULES00502/ai_upscaled/others/16_32/000000009c7d304bdce7dafa.png,opaque_original_became_translucent
00000000428f72d4d7ea2569,efonte,ULES00502/ai_upscaled/others/32_64/00000000428f72d45e6ec9d4.png,opaque_original_became_translucent
000000003c9ca56e2c00a3a3,efonte,ULES00502/ai_upscaled/others/64_64/000000003c9ca56e289c7fff.png,opaque_original_became_translucent
000000001d6b8136d0793b6b,efonte,ULES00502/ai_upscaled/others/64_64/000000001d6b8136d96cea84.png,opaque_original_became_translucent
00000000423bc81f42740c89,efonte,ULES00502/ai_upscaled/characters/00000000423bc81f1de0dc96.png,opaque_original_became_translucent
000000005cbf6cbec1f44f58,efonte,ULES00502/ai_upscaled/others/64_32/000000005cbf6cbe4f645f19.png,opaque_original_became_translucent
00000000086eee594d0cbba5,efonte,ULES00502/ai_upscaled/others/64_32/00000000086eee592c599be5.png,opaque_original_became_translucent
00000000c7bf450df4a5713c,efonte,ULES00502/ai_upscaled/others/64_64/00000000c7bf450d6adb3ac7.png,opaque_original_became_translucent
00000000bc24bc4fcf8491db,efonte,ULES00502/ai_upscaled/characters/00000000bc24bc4f1eab2c72.png,opaque_original_became_translucent
000000008681682667ebf9c0,efonte,ULES00502/ai_upscaled/others/64_64/00000000868168262e647154.png,opaque_original_became_translucent
00000000977b595d28021be3,efonte,ULES00502/ai_upscaled/characters/00000000977b595d2648e832.png,opaque_original_became_translucent
00000000007854b848c1b9d0,efonte,ULES00502/ai_upscaled/characters/00000000007854b8f9813af9.png,opaque_original_became_translucent
00000000e9d1ac93132d613a,efonte,ULES00502/ai_upscaled/characters/00000000e9d1ac9355c7ef69.png,opaque_original_became_translucent
000000003a63b35ca4c127c0,efonte,ULES00502/ai_upscaled/others/16_16/000000003a63b35c7bd66280.png,opaque_original_became_translucent
000000001c9064c95d13b302,efonte,ULES00502/ai_upscaled/characters/000000001c9064c9959f758c.png,opaque_original_became_translucent
000000001d4aec7a87f67038,efonte,ULES00502/ai_upscaled/characters/000000001d4aec7a4b23a366.png,opaque_original_became_translucent
0000000002055a4a91ce72f3,efonte,ULES00502/ai_upscaled/characters/clothes/0000000002055a4a57e9a3ac.png,opaque_original_became_translucent
00000000a5cd5ebd8267c5d5,efonte,ULES00502/ai_upscaled/characters/00000000a5cd5ebdcefcdd2c.png,opaque_original_became_translucent
00000000b5ecd08bb0cb1b69,efonte,ULES00502/ai_upscaled/others/64_64/00000000b5ecd08bd2ca974f.png,opaque_original_became_translucent
00000000173e1cad925577a0,efonte,ULES00502/ai_upscaled/characters/00000000173e1cadeb8a3623.png,opaque_original_became_translucent
00000000c45f0d5f25e05fba,efonte,ULES00502/ai_upscaled/others/32_32/00000000c45f0d5fd65ee1a3.png,opaque_original_became_translucent
000000000468e7342fa93385,efonte,ULES00502/ai_upscaled/characters/000000000468e73470bd05b8.png,opaque_original_became_translucent
000000006f1e0a481a42b5b5,efonte,ULES00502/ai_upscaled/others/32_32/000000006f1e0a48bcea0350.png,opaque_original_became_translucent
0000000032cb944c1c34e750,efonte,ULES00502/ai_upscaled/others/32_32/0000000032cb944cd808ed10.png,opaque_original_became_translucent
000000002e6e14fafcc9c7c6,efonte,ULES00502/ai_upscaled/others/32_16/000000002e6e14fa094de2e2.png,opaque_original_became_translucent
000000007bc37d7ce370d523,efonte,ULES00502/ai_upscaled/characters/000000007bc37d7c60e608ba.png,opaque_original_became_translucent
0000000081145b9ee463c43a,efonte,ULES00502/ai_upscaled/characters/0000000081145b9e24032d78.png,opaque_original_became_translucent
00000000200e2e72e0448519,efonte,ULES00502/ai_upscaled/others/32_64/00000000200e2e72012e5342.png,opaque_original_became_translucent
0000000098fb6b03b42f4411,efonte,ULES00502/ai_upscaled/texts/0000000098fb6b037c8271ac.png,opaque_original_became_translucent
00000000f73b58e8b997cc19,efonte,ULES00502/ai_upscaled/others/64_64/00000000f73b58e8bc3cf7b0.png,opaque_original_became_translucent
0000000075bc768e78ad23eb,efonte,ULES00502/ai_upscaled/others/32_32/0000000075bc768ef5bc65ef.png,opaque_original_became_translucent
000000000ced42668589ab79,efonte,ULES00502/ai_upscaled/characters/000000000ced4266dd29af07.png,opaque_original_became_translucent
000000008aa823a9df539a79,efonte,ULES00502/ai_upscaled/characters/000000008aa823a980484f14.png,opaque_original_became_translucent
00000000a58c1c7e29fe877d,efonte,ULES00502/ai_upscaled/others/32_16/00000000a58c1c7ece9cbd78.png,opaque_original_became_translucent
00000000c68e1a2d209cdd20,efonte,ULES00502/ai_upscaled/characters/00000000c68e1a2de507457f.png,opaque_original_became_translucent
00000000174dce1cc8b08d00,efonte,ULES00502/ai_upscaled/others/16_32/00000000174dce1c81e3bf4c.png,opaque_original_became_translucent
000000002779671a29da31c4,efonte,ULES00502/ai_upscaled/characters/000000002779671a07e5c7cb.png,opaque_original_became_translucent
00000000db138b2a4f2912b5,efonte,ULES00502/ai_upscaled/others/64_64/00000000db138b2a6ca68287.png,opaque_original_became_translucent
000000004a0fefd8aee25675,efonte,ULES00502/ai_upscaled/characters/000000004a0fefd818710692.png,opaque_original_became_translucent
00000000d884486b68618dc3,efonte,ULES00502/ai_upscaled/others/32_16/00000000d884486bbfa739c1.png,opaque_original_became_translucent
000000002b180c63c4d03d1d,efonte,ULES00502/ai_upscaled/characters/clothes/000000002b180c633db0c542.png,opaque_original_became_translucent
00000000a6e41a1014b68858,efonte,ULES00502/ai_upscaled/characters/00000000a6e41a103d73b990.png,opaque_original_became_translucent
00000000c3a57f63501e8083,efonte,ULES00502/ai_upscaled/others/32_32/00000000c3a57f635369f617.png,opaque_original_became_translucent
00000000e379419c2ca84f89,efonte,ULES00502/ai_upscaled/characters/00000000e379419caf0b3007.png,opaque_original_became_translucent
0000000087e881df62badbf7,efonte,ULES00502/ai_upscaled/characters/0000000087e881dfd9c06371.png,opaque_original_became_translucent
00000000903d846b1c8263df,efonte,ULES00502/ai_upscaled/characters/00000000903d846bd6668970.png,opaque_original_became_translucent
000000006fa0a317ddf15869,efonte,ULES00502/ai_upscaled/others/32_16/000000006fa0a3171ba04818.png,opaque_original_became_translucent
000000007ed90477ee1354e8,efonte,ULES00502/ai_upscaled/characters/000000007ed9047712261e5f.png,opaque_original_became_translucent
00000000b2693d9ca2a673da,efonte,ULES00502/ai_upscaled/others/32_32/00000000b2693d9c6f10bc06.png,opaque_original_became_translucent
0000000057ad3d9d77a1adf9,efonte,ULES00502/ai_upscaled/others/64_32/0000000057ad3d9de3d7037a.png,opaque_original_became_translucent
0000000081575a721462b6f8,efonte,ULES00502/ai_upscaled/others/32_32/0000000081575a723a0fc91e.png,opaque_original_became_translucent
000000000746a2edb7523cc9,efonte,ULES00502/ai_upscaled/others/32_32/000000000746a2ed8739e42a.png,opaque_original_became_translucent
000000004b9def5367be0493,efonte,ULES00502/ai_upscaled/others/64_32/000000004b9def532550763d.png,opaque_original_became_translucent
000000007c7fde0acd1b1dee,efonte,ULES00502/ai_upscaled/characters/000000007c7fde0a11c4828b.png,opaque_original_became_translucent
00000000de1bbede50c05554,efonte,ULES00502/ai_upscaled/others/64_64/00000000de1bbededf4995ed.png,opaque_original_became_translucent
000000009ee1bd9507a8864b,efonte,ULES00502/ai_upscaled/characters/000000009ee1bd953775b120.png,opaque_original_became_translucent
000000001c63c372da9f0e4c,efonte,ULES00502/ai_upscaled/others/32_32/000000001c63c37281aecfe9.png,opaque_original_became_translucent
00000000633b727988cba91b,efonte,ULES00502/ai_upscaled/characters/00000000633b7279419cbba0.png,opaque_original_became_translucent
0000000005d188b20c39ec34,efonte,ULES00502/ai_upscaled/others/32_16/0000000005d188b265c8b0d5.png,opaque_original_became_translucent
000000004bfdde2dc223d084,efonte,ULES00502/ai_upscaled/characters/000000004bfdde2d930aa52e.png,opaque_original_became_translucent
000000000b1354fdcad242cc,efonte,ULES00502/ai_upscaled/characters/000000000b1354fdedb8e4fb.png,opaque_original_became_translucent
000000002bd7cecc8943cdc0,efonte,ULES00502/ai_upscaled/characters/clothes/000000002bd7cecccf88c2e5.png,opaque_original_became_translucent
000000001ddae6e63c7a6fde,efonte,ULES00502/ai_upscaled/characters/000000001ddae6e62a3e5136.png,opaque_original_became_translucent
000000007c6e2dc06898f062,efonte,ULES00502/ai_upscaled/others/64_64/000000007c6e2dc021d4b823.png,opaque_original_became_translucent
000000002161635cdbc8c71b,efonte,ULES00502/ai_upscaled/characters/clothes/000000002161635c4ef688b6.png,opaque_original_became_translucent
0000000053ca356b91b98cdc,efonte,ULES00502/ai_upscaled/characters/0000000053ca356b39ae2371.png,opaque_original_became_translucent
00000000c16eaeccdd0efe7f,efonte,ULES00502/ai_upscaled/others/32_64/00000000c16eaecc3eccd8a6.png,opaque_original_became_translucent
000000005f64b201b946f490,efonte,ULES00502/ai_upscaled/others/64_64/000000005f64b201e10fd0cb.png,opaque_original_became_translucent
000000006c243d8753a5e895,efonte,ULES00502/ai_upscaled/characters/000000006c243d872f64c107.png,opaque_original_became_translucent
000000002dc22a534004cafd,efonte,ULES00502/ai_upscaled/others/32_32/000000002dc22a53b95ec9c9.png,opaque_original_became_translucent
00000000410672735c4c4ee5,efonte,ULES00502/ai_upscaled/others/32_32/0000000041067273e47ec7eb.png,opaque_original_became_translucent
0000000057e1676105c0b624,efonte,ULES00502/ai_upscaled/others/32_32/0000000057e167617440c2e0.png,opaque_original_became_translucent
00000000112ab4c7e700c177,efonte,ULES00502/ai_upscaled/others/32_16/00000000112ab4c79d01e936.png,opaque_original_became_translucent
000000009c83335493ddb75b,efonte,ULES00502/ai_upscaled/others/32_64/000000009c8333541b305ebe.png,opaque_original_became_translucent
0000000078bcbcdd5add9c78,efonte,ULES00502/ai_upscaled/characters/0000000078bcbcdd483fd6a8.png,opaque_original_became_translucent
00000000f16b76a5856cee40,efonte,ULES00502/ai_upscaled/others/64_64/00000000f16b76a5896d941b.png,opaque_original_became_translucent
00000000a3e3c30e1e606da7,efonte,ULES00502/ai_upscaled/characters/00000000a3e3c30ee435b3fd.png,opaque_original_became_translucent
00000000da9725753199aeeb,efonte,ULES00502/ai_upscaled/others/64_64/00000000da972575b812ac5c.png,opaque_original_became_translucent
00000000f52ff915c4b6607f,efonte,ULES00502/ai_upscaled/others/32_32/00000000f52ff915563ff883.png,opaque_original_became_translucent
00000000e6d14722853301b7,efonte,ULES00502/ai_upscaled/others/64_64/00000000e6d14722bd310d28.png,opaque_original_became_translucent
000000007e788668622f5c28,efonte,ULES00502/ai_upscaled/characters/000000007e7886689bf7fb41.png,opaque_original_became_translucent
00000000fc75d278859314c5,efonte,ULES00502/ai_upscaled/others/32_64/00000000fc75d27824341e26.png,opaque_original_became_translucent
0000000051be7d5d1eca1cf2,efonte,ULES00502/ai_upscaled/others/64_64/0000000051be7d5d010475af.png,opaque_original_became_translucent
0000000017352b160e04f1de,efonte,ULES00502/ai_upscaled/characters/0000000017352b166b81f8a6.png,opaque_original_became_translucent
00000000fd55c6f9d53644da,efonte,ULES00502/ai_upscaled/characters/00000000fd55c6f97ec63f39.png,opaque_original_became_translucent
000000003b4c68fbb2d1b204,efonte,ULES00502/ai_upscaled/others/32_64/000000003b4c68fb6f65273c.png,opaque_original_became_translucent
000000006973749b5b06e292,efonte,ULES00502/ai_upscaled/characters/clothes/000000006973749bdd9f88fe.png,opaque_original_became_translucent
00000000f4f82fb56a78e840,efonte,ULES00502/ai_upscaled/others/16_8/00000000f4f82fb5e10b05b6.png,opaque_original_became_translucent
0000000026feb0d13f746b14,efonte,ULES00502/ai_upscaled/others/32_16/0000000026feb0d149e484d8.png,opaque_original_became_translucent
000000002ff83d986eabb7f7,efonte,ULES00502/ai_upscaled/others/32_32/000000002ff83d98686c92a2.png,opaque_original_became_translucent
00000000825175c841206548,efonte,ULES00502/ai_upscaled/characters/00000000825175c87665e067.png,opaque_original_became_translucent
00000000279761a439ef0c1d,efonte,ULES00502/ai_upscaled/characters/clothes/00000000279761a47d4996b7.png,opaque_original_became_translucent
00000000b81c23b3fce57da2,efonte,ULES00502/ai_upscaled/characters/00000000b81c23b32e4a7139.png,opaque_original_became_translucent
00000000441ef7a27557af60,efonte,ULES00502/ai_upscaled/others/64_64/00000000441ef7a267d30fd3.png,opaque_original_became_translucent
00000000460f097fd0302561,efonte,ULES00502/ai_upscaled/others/32_16/00000000460f097fd0ef0a2a.png,opaque_original_became_translucent
00000000252b885dd347593b,efonte,ULES00502/ai_upscaled/others/32_32/00000000252b885db215d424.png,opaque_original_became_translucent
00000000c4cda9262af56c33,efonte,ULES00502/ai_upscaled/characters/00000000c4cda926103f0802.png,opaque_original_became_translucent
00000000796f46fa6f7e9f2c,efonte,ULES00502/ai_upscaled/others/64_64/00000000796f46fa358f2d61.png,opaque_original_became_translucent
000000008cd7ba2b3cb724be,efonte,ULES00502/ai_upscaled/others/64_128/000000008cd7ba2bc9063eff.png,opaque_original_became_translucent
00000000c12e20ffd90dadad,efonte,ULES00502/ai_upscaled/others/64_64/00000000c12e20ff227b1835.png,opaque_original_became_translucent
00000000ad79af402d0e468c,efonte,ULES00502/ai_upscaled/characters/00000000ad79af400e0595f6.png,opaque_original_became_translucent
000000006e4cb2b47cc02e0f,efonte,ULES00502/ai_upscaled/characters/000000006e4cb2b46024aecd.png,opaque_original_became_translucent
00000000e3e612ada84479b1,efonte,ULES00502/ai_upscaled/others/32_32/00000000e3e612adcec6cea1.png,opaque_original_became_translucent
00000000025491a0615cb351,efonte,ULES00502/ai_upscaled/others/32_16/00000000025491a098ce002c.png,opaque_original_became_translucent
00000000c6a3d56e0cf5630f,efonte,ULES00502/ai_upscaled/characters/00000000c6a3d56e6a38c7ae.png,opaque_original_became_translucent
0000000031a96466b30bf48f,efonte,ULES00502/ai_upscaled/others/32_16/0000000031a964669e491b0e.png,opaque_original_became_translucent
00000000957914eca35b9743,efonte,ULES00502/ai_upscaled/characters/00000000957914ec400320fc.png,opaque_original_became_translucent
00000000c4d0f9552e5282c4,efonte,ULES00502/ai_upscaled/characters/00000000c4d0f95511f8d508.png,opaque_original_became_translucent
0000000032004b5978055f48,efonte,ULES00502/ai_upscaled/others/16_8/0000000032004b59e2eaa4b3.png,opaque_original_became_translucent
0000000074e93cdca7b5674b,efonte,ULES00502/ai_upscaled/others/32_32/0000000074e93cdc5f2340ae.png,opaque_original_became_translucent
000000001e66177414a29698,efonte,ULES00502/ai_upscaled/others/64_64/000000001e661774f93da538.png,opaque_original_became_translucent
000000005b0e8d45f9632771,efonte,ULES00502/ai_upscaled/others/32_32/000000005b0e8d45ecede924.png,opaque_original_became_translucent
000000001f26cefa2bae239a,efonte,ULES00502/ai_upscaled/others/64_32/000000001f26cefa2a90c149.png,opaque_original_became_translucent
000000002a4806d80ac8e098,efonte,ULES00502/ai_upscaled/others/32_64/000000002a4806d899eed81d.png,opaque_original_became_translucent
00000000f9bfdaf26f730693,efonte,ULES00502/ai_upscaled/others/64_64/00000000f9bfdaf24358915e.png,opaque_original_became_translucent
00000000e1da6df8d8ee70c5,efonte,ULES00502/ai_upscaled/others/32_32/00000000e1da6df888aa4bc9.png,opaque_original_became_translucent
000000000d69da99614a99ba,efonte,ULES00502/ai_upscaled/others/16_32/000000000d69da99eec07a19.png,opaque_original_became_translucent
00000000b096050c90d8b6a2,efonte,ULES00502/ai_upscaled/characters/00000000b096050c2e4d7d2b.png,opaque_original_became_translucent
0000000036307acc770e8ffd,efonte,ULES00502/ai_upscaled/others/32_32/0000000036307acc4d06edfb.png,opaque_original_became_translucent
00000000c4afbed83eb4b01a,efonte,ULES00502/ai_upscaled/others/32_32/00000000c4afbed818739fb5.png,opaque_original_became_translucent
000000007731fe1b6e18e740,efonte,ULES00502/ai_upscaled/others/32_64/000000007731fe1b7badbd7d.png,opaque_original_became_translucent
00000000c177efaaba5697ba,efonte,ULES00502/ai_upscaled/characters/00000000c177efaaf64ccf5c.png,opaque_original_became_translucent
00000000ccc82bbe911b812e,efonte,ULES00502/ai_upscaled/others/32_16/00000000ccc82bbe90958841.png,opaque_original_became_translucent
0000000098ba2587dbb18731,efonte,ULES00502/ai_upscaled/others/32_32/0000000098ba25879f1444b8.png,opaque_original_became_translucent
00000000b4b771609f42c489,efonte,ULES00502/ai_upscaled/characters/00000000b4b7716079216438.png,opaque_original_became_translucent
000000008ee4c9da703eb1a8,efonte,ULES00502/ai_upscaled/others/32_16/000000008ee4c9daa70028cc.png,opaque_original_became_translucent
00000000a70f2f3828d6ec8e,efonte,ULES00502/ai_upscaled/others/64_64/00000000a70f2f3860d05abc.png,opaque_original_became_translucent
000000000ec4805663929970,efonte,ULES00502/ai_upscaled/characters/clothes/000000000ec48056a68795e8.png,opaque_original_became_translucent
00000000ed623b5ed220978a,efonte,ULES00502/ai_upscaled/texts/00000000ed623b5e8ca8497c.png,opaque_original_became_translucent
000000008415c1975a934977,efonte,ULES00502/ai_upscaled/characters/000000008415c19763b7ccaf.png,opaque_original_became_translucent
00000000814a7fff0cc0131e,efonte,ULES00502/ai_upscaled/others/64_32/00000000814a7fff225da5ab.png,opaque_original_became_translucent
000000000e1b311f8abdad70,efonte,ULES00502/ai_upscaled/characters/clothes/000000000e1b311f476e5ddb.png,opaque_original_became_translucent
0000000082dd59706a520dbf,efonte,ULES00502/ai_upscaled/characters/0000000082dd59706a3f4f2d.png,opaque_original_became_translucent
0000000021c4ca82dd62fc14,efonte,ULES00502/ai_upscaled/others/64_64/0000000021c4ca82fddcb503.png,opaque_original_became_translucent
00000000a1f909b66c360f2e,efonte,ULES00502/ai_upscaled/characters/00000000a1f909b65f9d568b.png,opaque_original_became_translucent
000000001cbfe2fb81f05bde,efonte,ULES00502/ai_upscaled/characters/000000001cbfe2fbb050bc38.png,opaque_original_became_translucent
000000000e5666c532110338,efonte,ULES00502/ai_upscaled/characters/000000000e5666c5805414a2.png,opaque_original_became_translucent
00000000bf7c80eed2dcf0e5,efonte,ULES00502/ai_upscaled/characters/clothes/00000000bf7c80ee3a5edad1.png,opaque_original_became_translucent
000000000829d984db5bfed9,efonte,ULES00502/ai_upscaled/characters/clothes/000000000829d98456c1d7a8.png,opaque_original_became_translucent
00000000974f93a94afbeace,efonte,ULES00502/ai_upscaled/characters/00000000974f93a95e0ae7c5.png,opaque_original_became_translucent
00000000cfca0d83ceac4455,efonte,ULES00502/ai_upscaled/others/128_128/00000000cfca0d83985d785e.png,opaque_original_became_translucent
00000000cbaaae4f8d9ef039,efonte,ULES00502/ai_upscaled/others/128_128/00000000cbaaae4f310266b2.png,opaque_original_became_translucent
00000000a2cd76b3b1e02c74,efonte,ULES00502/ai_upscaled/characters/clothes/00000000a2cd76b32774f450.png,opaque_original_became_translucent
000000002fd845fb7d31a409,efonte,ULES00502/ai_upscaled/others/64_128/000000002fd845fbab72e1c1.png,opaque_original_became_translucent
00000000fd39f3de999aba9d,efonte,ULES00502/ai_upscaled/others/32_16/00000000fd39f3de9af75fc8.png,opaque_original_became_translucent
00000000f5b5f9c233646465,efonte,ULES00502/ai_upscaled/others/64_64/00000000f5b5f9c236051ec6.png,opaque_original_became_translucent
000000004aae6ef09f7dffe2,efonte,ULES00502/ai_upscaled/characters/000000004aae6ef0c0392414.png,opaque_original_became_translucent
00000000ca1b0fb55896aedb,efonte,ULES00502/ai_upscaled/characters/clothes/00000000ca1b0fb52dfd7704.png,opaque_original_became_translucent
000000004454b6120d5fdbdd,efonte,ULES00502/ai_upscaled/characters/000000004454b61247ce1fb2.png,opaque_original_became_translucent
000000003bacaf6d1dd9a1b1,efonte,ULES00502/ai_upscaled/characters/000000003bacaf6dd0625506.png,opaque_original_became_translucent
0000000075357fa8cd568bc5,efonte,ULES00502/ai_upscaled/characters/0000000075357fa85d5ada4a.png,opaque_original_became_translucent
00000000ee26a52edce69ddf,efonte,ULES00502/ai_upscaled/characters/clothes/00000000ee26a52e80508061.png,opaque_original_became_translucent
00000000b8da3155b01a28a4,efonte,ULES00502/ai_upscaled/others/128_128/00000000b8da31559211dc61.png,opaque_original_became_translucent
0000000017fcc7d06c0606d9,efonte,ULES00502/ai_upscaled/others/128_128/0000000017fcc7d08b9015ce.png,opaque_original_became_translucent
00000000aadee97b7f97e879,efonte,ULES00502/ai_upscaled/characters/clothes/00000000aadee97b840ba500.png,opaque_original_became_translucent
0000000010b88ea1c72df05d,efonte,ULES00502/ai_upscaled/others/128_128/0000000010b88ea1d8ca6460.png,opaque_original_became_translucent
00000000026b62a1e1654188,efonte,ULES00502/ai_upscaled/characters/clothes/00000000026b62a16bb901e0.png,opaque_original_became_translucent
0000000088c83ae0c9cd65d8,efonte,ULES00502/ai_upscaled/characters/clothes/0000000088c83ae0dcad37ec.png,opaque_original_became_translucent
0000000026d2c15656e8cd96,efonte,ULES00502/ai_upscaled/characters/clothes/0000000026d2c1567e07714c.png,opaque_original_became_translucent
0000000079f113ba86169c90,efonte,ULES00502/ai_upscaled/others/64_128/0000000079f113ba4d55f7fc.png,opaque_original_became_translucent
00000000eb77db9e66b348a0,efonte,ULES00502/ai_upscaled/characters/clothes/00000000eb77db9ea00868de.png,opaque_original_became_translucent
00000000c84231f84634452e,efonte,ULES00502/ai_upscaled/characters/clothes/00000000c84231f8fad95080.png,opaque_original_became_translucent
00000000765639ae59ba2758,efonte,ULES00502/ai_upscaled/characters/00000000765639aecb0bc154.png,opaque_original_became_translucent
000000003fb8b6d9857b4200,efonte,ULES00502/ai_upscaled/others/16_16/000000003fb8b6d9ed85e20b.png,opaque_original_became_translucent
000000005d03770580ab642a,efonte,ULES00502/ai_upscaled/characters/clothes/000000005d0377055c0404cf.png,opaque_original_became_translucent
000000004dda20ef1a72ed02,efonte,ULES00502/ai_upscaled/characters/clothes/000000004dda20eff8c66068.png,opaque_original_became_translucent
00000000fc8a6f81930f9eb7,efonte,ULES00502/ai_upscaled/characters/00000000fc8a6f81f1c50cfa.png,opaque_original_became_translucent
000000009aea992052dc22b6,efonte,ULES00502/ai_upscaled/characters/clothes/000000009aea992015997afa.png,opaque_original_became_translucent
0000000090d90835d6412a1e,efonte,ULES00502/ai_upscaled/characters/clothes/0000000090d90835a0bfe982.png,opaque_original_became_translucent
00000000fb21f966fec66ef5,efonte,ULES00502/ai_upscaled/others/64_64/00000000fb21f966611752b3.png,opaque_original_became_translucent
000000001b43ba3ff8baeb49,efonte,ULES00502/ai_upscaled/characters/000000001b43ba3f4f574d51.png,opaque_original_became_translucent
0000000038e770b3615aa7c5,efonte,ULES00502/ai_upscaled/others/32_32/0000000038e770b30393d32a.png,opaque_original_became_translucent
00000000d647bab8342f877c,efonte,ULES00502/ai_upscaled/characters/clothes/00000000d647bab80de5d0db.png,opaque_original_became_translucent
0000000075fabb517b7c6801,efonte,ULES00502/ai_upscaled/characters/clothes/0000000075fabb51ea9fec04.png,opaque_original_became_translucent
00000000ccc29229b1de599d,efonte,ULES00502/ai_upscaled/others/32_64/00000000ccc29229d0d0bab6.png,opaque_original_became_translucent
000000006f419c8d7b8baffd,efonte,ULES00502/ai_upscaled/others/64_64/000000006f419c8df543dd56.png,opaque_original_became_translucent
00000000577dfe3e14543d6b,efonte,ULES00502/ai_upscaled/others/64_64/00000000577dfe3e46642773.png,opaque_original_became_translucent
00000000c6b8ef3b562d5fcb,efonte,ULES00502/ai_upscaled/characters/clothes/00000000c6b8ef3be6b17f4b.png,opaque_original_became_translucent
00000000841c9bfd5f8c0a2d,efonte,ULES00502/ai_upscaled/characters/clothes/00000000841c9bfd25884f89.png,opaque_original_became_translucent
000000000e8676dd4cf9754e,efonte,ULES00502/ai_upscaled/characters/clothes/000000000e8676dd1b230061.png,opaque_original_became_translucent
00000000bb21d4bf000b0ada,efonte,ULES00502/ai_upscaled/others/32_64/00000000bb21d4bf15312e20.png,opaque_original_became_translucent
00000000373d6f1a1444a6a5,efonte,ULES00502/ai_upscaled/characters/00000000373d6f1abdff5136.png,opaque_original_became_translucent
000000000b832e5e1ca72ceb,efonte,ULES00502/ai_upscaled/characters/clothes/000000000b832e5ecbcb5159.png,opaque_original_became_translucent
00000000afedc9e34f485349,efonte,ULES00502/ai_upscaled/characters/clothes/00000000afedc9e36b7178bb.png,opaque_original_became_translucent
00000000099712ac5fafb6f9,efonte,ULES00502/ai_upscaled/characters/clothes/00000000099712ace0ac1034.png,opaque_original_became_translucent
00000000c26bc7ad149e2c40,efonte,ULES00502/ai_upscaled/others/32_32/00000000c26bc7ad4e494689.png,opaque_original_became_translucent
00000000953eb1eddfc24c8c,efonte,ULES00502/ai_upscaled/characters/clothes/00000000953eb1ed157eab31.png,opaque_original_became_translucent
000000000f2dca0071ba7755,efonte,ULES00502/ai_upscaled/others/64_64/000000000f2dca004424bb26.png,opaque_original_became_translucent
0000000035d0805fa4381da7,efonte,ULES00502/ai_upscaled/others/64_64/0000000035d0805ff0ee293d.png,opaque_original_became_translucent
0000000042bee8f201931d0c,efonte,ULES00502/ai_upscaled/others/32_16/0000000042bee8f28e47d889.png,opaque_original_became_translucent
0000000090f872aeeffa2c42,efonte,ULES00502/ai_upscaled/others/32_64/0000000090f872ae8e744e46.png,opaque_original_became_translucent
00000000d0fd9e5138e6db7e,efonte,ULES00502/ai_upscaled/others/64_64/00000000d0fd9e515baa5202.png,opaque_original_became_translucent
000000004c4a74ed3a3f2e29,efonte,ULES00502/ai_upscaled/characters/clothes/000000004c4a74ed0d49408c.png,opaque_original_became_translucent
00000000b20ffb18baa7cdcc,efonte,ULES00502/ai_upscaled/characters/clothes/00000000b20ffb18e91b9f87.png,opaque_original_became_translucent
00000000c7a930a1e6897cc1,efonte,ULES00502/ai_upscaled/characters/clothes/00000000c7a930a1399fecdf.png,opaque_original_became_translucent
00000000084366f8c2630439,efonte,ULES00502/ai_upscaled/characters/clothes/00000000084366f85438545a.png,opaque_original_became_translucent
00000000b485c9db1195b23b,efonte,ULES00502/ai_upscaled/characters/00000000b485c9dbcab956a3.png,opaque_original_became_translucent
00000000e30376169e59957b,efonte,ULES00502/ai_upscaled/characters/00000000e3037616e98443a2.png,opaque_original_became_translucent
000000005b21337d2764cae6,efonte,ULES00502/ai_upscaled/characters/clothes/000000005b21337d5e9be243.png,opaque_original_became_translucent
000000002dd5df8d5f075885,efonte,ULES00502/ai_upscaled/characters/000000002dd5df8d322a2a7c.png,opaque_original_became_translucent
000000003af15124ad8515d3,efonte,ULES00502/ai_upscaled/characters/000000003af15124d1be6a58.png,opaque_original_became_translucent
000000004a34c028441cea7b,efonte,ULES00502/ai_upscaled/models/vehicles/128_128/000000004a34c0288d496676.png,opaque_original_became_translucent
00000000847811484f25fd36,efonte,ULES00502/ai_upscaled/models/vehicles/128_128/00000000847811480b1fc89f.png,opaque_original_became_translucent
00000000932ede1b9866e4ed,efonte,ULES00502/ai_upscaled/models/vehicles/128_128/00000000932ede1ba8b3f358.png,opaque_original_became_translucent
0000000000b2aeb56faaaab0,efonte,ULES00502/ai_upscaled/models/vehicles/128_128/0000000000b2aeb535abef80.png,opaque_original_became_translucent
000000001645d366630ba6e2,efonte,ULES00502/ai_upscaled/models/vehicles/128_128/000000001645d366e3978d00.png,opaque_original_became_translucent
000000002ccd92c9b35ab120,efonte,ULES00502/ai_upscaled/models/vehicles/128_128/000000002ccd92c9578b8f77.png,opaque_original_became_translucent
000000006eb47f45a760233f,efonte,ULES00502/ai_upscaled/models/vehicles/128_128/000000006eb47f4572d8a67b.png,opaque_original_became_translucent
000000002e09b924f437973e,efonte,ULES00502/ai_upscaled/models/vehicles/128_128/000000002e09b924015ef4b8.png,opaque_original_became_translucent
00000000a8c958772008c6b1,efonte,ULES00502/ai_upscaled/texts/00000000a8c958775d3bc3cb.png,opaque_interiors_lost_opacity
000000002ffbc88c7c4af7d0,efonte,ULES00502/ai_upscaled/models/vehicles/128_128/000000002ffbc88cbd7bbf21.png,opaque_original_became_translucent
00000000703d6b7194b3af81,efonte,ULES00502/ai_upscaled/models/vehicles/128_128/00000000703d6b717aef146e.png,opaque_original_became_translucent
000000003966036943f8aff7,efonte,ULES00502/ai_upscaled/models/vehicles/128_128/00000000396603698855c092.png,opaque_original_became_translucent
00000000e50a792a5bb3471a,efonte,ULES00502/ai_upscaled/models/vehicles/128_128/00000000e50a792ad2fd37d0.png,opaque_original_became_translucent
000000003cc05a1460b1632c,efonte,ULES00502/ai_upscaled/others/64_16/000000003cc05a1437ad6d6b.png,opaque_original_became_translucent
00000000d5aa242436592a99,efonte,ULES00502/ai_upscaled/models/vehicles/128_128/00000000d5aa2424ecb8c24a.png,opaque_original_became_translucent
000000001a85b4383755cfb0,efonte,ULES00502/ai_upscaled/others/64_64/000000001a85b4383fa0c2d1.png,opaque_original_became_translucent
00000000df52c36b3009d158,efonte,ULES00502/ai_upscaled/models/vehicles/128_128/00000000df52c36b43880067.png,opaque_original_became_translucent
0000000062c544b0b7430f14,efonte,ULES00502/ai_upscaled/others/64_64/0000000062c544b0bdd137f7.png,insufficient_visible_detail_beyond_resize
00000000e9c8e993fda8cf94,efonte,ULES00502/ai_upscaled/models/vehicles/128_128/00000000e9c8e993185da242.png,opaque_original_became_translucent
000000003fab3a2b47184f6a,efonte,ULES00502/ai_upscaled/others/64_64/000000003fab3a2b1b794265.png,opaque_original_became_translucent
00000000148eb1c5f30ec184,efonte,ULES00502/ai_upscaled/others/64_64/00000000148eb1c5444f0d65.png,opaque_original_became_translucent
00000000c7b9d20e0fb5692f,efonte,ULES00502/ai_upscaled/models/vehicles/128_128/00000000c7b9d20e47e1213b.png,opaque_original_became_translucent
00000000f10ce39c6ee03986,efonte,ULES00502/ai_upscaled/models/vehicles/128_128/00000000f10ce39c4571f5eb.png,opaque_original_became_translucent
00000000e827dca3be27f618,efonte,ULES00502/ai_upscaled/effects/00000000e827dca341c6e670.png,no_material_detail_beyond_simple_resize
000000008e795c6d609ff322,efonte,ULES00502/ai_upscaled/others/64_64/000000008e795c6dde8233d3.png,opaque_original_became_translucent
00000000fc5b86d45d4c76c2,efonte,ULES00502/ai_upscaled/others/64_64/00000000fc5b86d4b51d6dbd.png,opaque_original_became_translucent
000000009800e2f2bd18f9c4,efonte,ULES00502/ai_upscaled/others/32_32/000000009800e2f202a8b0db.png,opaque_original_became_translucent
000000008ab1da74bc871a11,efonte,ULES00502/ai_upscaled/others/32_32/000000008ab1da748503e471.png,opaque_original_became_translucent
00000000784bacb7b194b5c5,efonte,ULES00502/ai_upscaled/models/vehicles/128_128/00000000784bacb7afb8a427.png,opaque_original_became_translucent
0000000023be1ca89d8debbc,efonte,ULES00502/ai_upscaled/others/64_64/0000000023be1ca89b66da0e.png,opaque_original_became_translucent
000000002bb4f5967c117305,efonte,ULES00502/ai_upscaled/models/vehicles/64_64/000000002bb4f596f2c79b18.png,opaque_original_became_translucent
000000002bed8cbb3f2d4a01,efonte,ULES00502/ai_upscaled/models/vehicles/128_128/000000002bed8cbb2e3966d0.png,opaque_original_became_translucent
000000005b6dea2a2cb72300,efonte,ULES00502/ai_upscaled/texts/000000005b6dea2ad977ee5c.png,
0000000026f7b2f6ff3a66cf,efonte,ULES00502/ai_upscaled/texts/0000000026f7b2f64b3a3f86.png,
00000000b56494c21ce34946,efonte,ULES00502/ai_upscaled/others/32_64/00000000b56494c23c68b02d.png,opaque_original_became_translucent
00000000cd17440d3a8f09ed,efonte,ULES00502/ai_upscaled/texts/00000000cd17440d8fd03df2.png,opaque_interiors_lost_opacity
00000000dd00141d9343fc27,efonte,ULES00502/ai_upscaled/models/vehicles/128_128/00000000dd00141dbe20d86f.png,opaque_original_became_translucent
00000000e27e3175885339eb,efonte,ULES00502/ai_upscaled/others/64_32/00000000e27e31753d26323d.png,opaque_original_became_translucent
00000000cd221158e621b5b9,efonte,ULES00502/ai_upscaled/models/vehicles/64_64/00000000cd2211581d3d6f17.png,opaque_original_became_translucent
00000000255e864363a85850,efonte,ULES00502/ai_upscaled/models/vehicles/128_128/00000000255e8643e464e7f3.png,opaque_original_became_translucent
00000000d5cf34a42f3401cc,efonte,ULES00502/ai_upscaled/others/64_64/00000000d5cf34a4d34e4730.png,opaque_original_became_translucent
00000000e34b3ed2d33a68fd,efonte,ULES00502/ai_upscaled/others/64_64/00000000e34b3ed2c88c2874.png,opaque_original_became_translucent
00000000b9826cd520c130e0,efonte,ULES00502/ai_upscaled/effects/00000000b9826cd59b1d9867.png,alpha_range_reduced
0000000072b8556daf9c3895,efonte,ULES00502/ai_upscaled/models/vehicles/128_128/0000000072b8556d326c0515.png,opaque_original_became_translucent
000000007e5c576a4d9f2d54,efonte,ULES00502/ai_upscaled/others/128_128/000000007e5c576afa52efb5.png,opaque_original_became_translucent
000000007afe44071a7267f1,efonte,ULES00502/ai_upscaled/models/vehicles/128_128/000000007afe4407266b36cb.png,opaque_original_became_translucent
000000009acf8694053c35bd,efonte,ULES00502/ai_upscaled/others/64_64/000000009acf8694adc5b923.png,opaque_original_became_translucent
000000004c3f2cbb842ee6e7,efonte,ULES00502/ai_upscaled/models/vehicles/128_128/000000004c3f2cbbc98db04a.png,opaque_original_became_translucent
000000001bd1d3c027738666,efonte,ULES00502/ai_upscaled/others/64_64/000000001bd1d3c0c130670d.png,opaque_original_became_translucent
0000000096c7ce9245615e4e,efonte,ULES00502/ai_upscaled/others/64_64/0000000096c7ce92d0cb157f.png,opaque_original_became_translucent
00000000d03c6c630b115773,efonte,ULES00502/ai_upscaled/models/vehicles/128_128/00000000d03c6c635d7b3b93.png,opaque_original_became_translucent
0000000058fa76579f6881b7,efonte,ULES00502/ai_upscaled/models/vehicles/128_128/0000000058fa7657a765cb0b.png,opaque_original_became_translucent
000000002c21be46476a91ea,efonte,ULES00502/ai_upscaled/models/vehicles/128_128/000000002c21be46d74e7b76.png,opaque_original_became_translucent
000000008b9b9492b538150d,efonte,ULES00502/ai_upscaled/others/64_64/000000008b9b949246d6e633.png,transparency_mask_changed
00000000f702aace4b2bf325,efonte,ULES00502/ai_upscaled/models/vehicles/128_128/00000000f702aaceeb801506.png,opaque_original_became_translucent
000000006ec3abadf1147a2d,efonte,ULES00502/ai_upscaled/others/64_64/000000006ec3abad79dd4a4c.png,opaque_original_became_translucent
0000000015ffb0f67ceb1044,efonte,ULES00502/ai_upscaled/others/64_64/0000000015ffb0f6eae6dd94.png,opaque_original_became_translucent
000000001b786874f3eb50e7,efonte,ULES00502/ai_upscaled/others/64_64/000000001b78687495462ae7.png,opaque_original_became_translucent
00000000bf3ef797c1f93bdd,efonte,ULES00502/ai_upscaled/texts/00000000bf3ef797ff81f865.png,transparency_mask_changed
000000001477ca99333f759b,efonte,ULES00502/ai_upscaled/texts/000000001477ca99b74487a4.png,transparency_mask_changed
00000000e6288286a27d1fd7,efonte,ULES00502/ai_upscaled/models/vehicles/128_128/00000000e62882867a7a119c.png,opaque_original_became_translucent
000000003d3590e993645161,efonte,ULES00502/ai_upscaled/models/vehicles/128_128/000000003d3590e961da1df7.png,opaque_original_became_translucent
00000000b6c5c6dd0e4766b3,efonte,ULES00502/ai_upscaled/models/vehicles/128_128/00000000b6c5c6dd09aaee7d.png,opaque_original_became_translucent
00000000ecf96384ce5e055a,efonte,ULES00502/ai_upscaled/others/128_128/00000000ecf96384400e87c3.png,opaque_original_became_translucent
00000000824081c3c2ee908c,efonte,ULES00502/ai_upscaled/models/vehicles/128_128/00000000824081c3dce2d1a9.png,opaque_original_became_translucent
00000000e8331239d3c5b36b,efonte,ULES00502/ai_upscaled/others/64_64/00000000e83312397825473d.png,transparency_mask_changed
0000000001d6e070ebe39c21,efonte,ULES00502/ai_upscaled/models/vehicles/128_128/0000000001d6e070501a6eac.png,opaque_original_became_translucent
00000000fd9341324881fa5b,efonte,ULES00502/ai_upscaled/others/64_64/00000000fd934132946748c0.png,opaque_original_became_translucent
000000008c62ca8853dbfc17,efonte,ULES00502/ai_upscaled/others/32_32/000000008c62ca88061cceec.png,opaque_original_became_translucent
00000000da55b6d38a5dfe83,efonte,ULES00502/ai_upscaled/others/128_64/00000000da55b6d3142aaee9.png,opaque_original_became_translucent
000000001f6606b486dfeee2,efonte,ULES00502/ai_upscaled/models/vehicles/128_128/000000001f6606b490bbb2bd.png,opaque_original_became_translucent
000000002890176c8e8c908f,efonte,ULES00502/ai_upscaled/others/64_64/000000002890176ce1e799be.png,transparency_mask_changed
0000000051c0598f3db61bb4,efonte,ULES00502/ai_upscaled/others/128_64/0000000051c0598fadaccdce.png,opaque_original_became_translucent
00000000defc8878d8706f2e,efonte,ULES00502/ai_upscaled/others/64_32/00000000defc887887629a0c.png,opaque_original_became_translucent
00000000fd4e200150eaf6b4,efonte,ULES00502/ai_upscaled/models/vehicles/128_128/00000000fd4e2001f4e1f9d1.png,opaque_original_became_translucent
000000005f793391f2814ab0,efonte,ULES00502/ai_upscaled/models/vehicles/128_128/000000005f793391a1aa2a80.png,opaque_original_became_translucent
00000000bcfd233db9b6f611,efonte,ULES00502/ai_upscaled/texts/00000000bcfd233daed19567.png,no_material_detail_beyond_simple_resize
000000007b7e500cc37ed2e4,efonte,ULES00502/ai_upscaled/others/64_64/000000007b7e500c457c75bf.png,opaque_original_became_translucent
00000000c985479e2772c463,efonte,ULES00502/ai_upscaled/models/vehicles/128_128/00000000c985479e49cd4c01.png,opaque_original_became_translucent
00000000e68e9c47e7254edb,efonte,ULES00502/ai_upscaled/others/64_64/00000000e68e9c474fded36b.png,opaque_original_became_translucent
000000008c21a0c7c9e2f0fb,efonte,ULES00502/ai_upscaled/texts/000000008c21a0c73761c5de.png,opaque_interiors_lost_opacity | alpha_coverage_changed_over_5_percent
00000000fe69ecd6163f1d69,efonte,ULES00502/ai_upscaled/others/32_32/00000000fe69ecd6e2764182.png,opaque_original_became_translucent
000000000fc544eabfa0a2df,efonte,ULES00502/ai_upscaled/others/32_32/000000000fc544eaceb9df2e.png,opaque_original_became_translucent
000000009249ef5c0838100b,efonte,ULES00502/ai_upscaled/models/vehicles/128_128/000000009249ef5c5ac29136.png,opaque_original_became_translucent
00000000df0b3f1ca66165dc,efonte,ULES00502/ai_upscaled/models/vehicles/128_128/00000000df0b3f1ca78ec393.png,opaque_original_became_translucent
000000007666a868ed6ba7ed,efonte,ULES00502/ai_upscaled/others/64_64/000000007666a868873fc5dc.png,transparency_mask_changed
00000000fde1ead9a88d8abb,efonte,ULES00502/ai_upscaled/others/32_32/00000000fde1ead90f20552f.png,opaque_original_became_translucent
00000000efec0de03d806794,efonte,ULES00502/ai_upscaled/models/vehicles/128_128/00000000efec0de06fcca17d.png,opaque_original_became_translucent
0000000098863ad17dcb51b8,efonte,ULES00502/ai_upscaled/models/vehicles/128_128/0000000098863ad1580ec851.png,opaque_original_became_translucent
00000000d249371439a57a8c,efonte,ULES00502/ai_upscaled/others/32_32/00000000d24937146bb483f3.png,opaque_interiors_lost_opacity
00000000af25786668912d55,efonte,ULES00502/ai_upscaled/models/vehicles/128_128/00000000af2578664fec796b.png,opaque_original_became_translucent
000000000408f9448c61123f,efonte,ULES00502/ai_upscaled/others/64_64/000000000408f9443441f5ff.png,transparency_mask_changed
0000000042b04cb6d238f1fb,efonte,ULES00502/ai_upscaled/others/64_64/0000000042b04cb649717990.png,opaque_original_became_translucent
00000000bba6c448dd14dceb,efonte,ULES00502/ai_upscaled/models/vehicles/128_128/00000000bba6c4480b387004.png,opaque_original_became_translucent
00000000381c9cc6266dc85f,efonte,ULES00502/ai_upscaled/others/128_128/00000000381c9cc6bf092bd5.png,opaque_original_became_translucent
00000000a1d0932119fcda5d,efonte,ULES00502/ai_upscaled/models/vehicles/128_128/00000000a1d093211418525a.png,opaque_original_became_translucent
00000000374c9e5c9b910343,efonte,ULES00502/ai_upscaled/others/64_64/00000000374c9e5c6c97a3df.png,opaque_original_became_translucent
000000002e38deac7b7509c8,efonte,ULES00502/ai_upscaled/models/vehicles/128_128/000000002e38deac65017f94.png,opaque_original_became_translucent
00000000ed231cab13fe9a6f,efonte,ULES00502/ai_upscaled/texts/00000000ed231cab5cf31326.png,transparency_mask_changed
00000000de0b8fb4f0517d50,efonte,ULES00502/ai_upscaled/others/32_32/00000000de0b8fb4088c9d83.png,opaque_original_became_translucent
00000000d9914263cd644b92,efonte,ULES00502/ai_upscaled/models/vehicles/128_128/00000000d99142631ca662fc.png,opaque_original_became_translucent
00000000ff3afa1c8969dc06,efonte,ULES00502/ai_upscaled/others/64_64/00000000ff3afa1c3de60bab.png,opaque_original_became_translucent
000000006446edb028410069,efonte,ULES00502/ai_upscaled/models/vehicles/128_128/000000006446edb042910f0b.png,opaque_original_became_translucent
00000000c42d7cfbc127ab47,efonte,ULES00502/ai_upscaled/texts/00000000c42d7cfb1e0a09b2.png,transparency_mask_changed
00000000f5b2b78091c9f7e6,efonte,ULES00502/ai_upscaled/models/vehicles/128_128/00000000f5b2b780df8eec85.png,opaque_original_became_translucent
000000005094b87c6ee1206b,efonte,ULES00502/ai_upscaled/others/32_32/000000005094b87c5dd5bdf2.png,opaque_original_became_translucent
00000000958cf8fe978b0fb1,efonte,ULES00502/ai_upscaled/others/64_64/00000000958cf8fe59a4b062.png,opaque_original_became_translucent
00000000e1c62257c2cbd60a,efonte,ULES00502/ai_upscaled/models/vehicles/128_128/00000000e1c622576b34ab51.png,opaque_original_became_translucent
00000000645356c6db4c9bb2,efonte,ULES00502/ai_upscaled/others/64_64/00000000645356c67a2e40a5.png,opaque_original_became_translucent
000000008e2f125596f3cbe2,efonte,ULES00502/ai_upscaled/others/64_64/000000008e2f1255c083a623.png,opaque_original_became_translucent
0000000008287fa3c275afe6,efonte,ULES00502/ai_upscaled/models/vehicles/128_128/0000000008287fa391080736.png,opaque_original_became_translucent
00000000599ebda51d618a3b,efonte,ULES00502/ai_upscaled/models/vehicles/128_128/00000000599ebda50f2dd349.png,opaque_original_became_translucent
00000000b040d8535da4b69f,efonte,ULES00502/ai_upscaled/others/32_32/00000000b040d8536979b989.png,opaque_original_became_translucent
00000000a4db3b3d59f5e982,efonte,ULES00502/ai_upscaled/texts/00000000a4db3b3d8d347476.png,
00000000421aaa4d2ac8e910,efonte,ULES00502/ai_upscaled/others/32_32/00000000421aaa4dc3c73695.png,opaque_original_became_translucent
00000000d74b61af542748f4,efonte,ULES00502/ai_upscaled/others/64_64/00000000d74b61af70c4572c.png,opaque_original_became_translucent
00000000e570f21cd0b29787,efonte,ULES00502/ai_upscaled/models/vehicles/128_128/00000000e570f21c1facd9a4.png,opaque_original_became_translucent
0000000059c369b19369613b,efonte,ULES00502/ai_upscaled/others/64_64/0000000059c369b1d46d8589.png,opaque_original_became_translucent
00000000f089ae8a87e21f99,efonte,ULES00502/ai_upscaled/models/vehicles/128_128/00000000f089ae8ad4693453.png,opaque_original_became_translucent
00000000bfda0eb7d54ec7bc,efonte,ULES00502/ai_upscaled/models/vehicles/128_128/00000000bfda0eb71dd840da.png,opaque_original_became_translucent
0000000084da85e3e3a1f8f1,efonte,ULES00502/ai_upscaled/texts/0000000084da85e3f42dce65.png,transparency_mask_changed
0000000004575fc4a51320af,efonte,ULES00502/ai_upscaled/models/vehicles/128_128/0000000004575fc499190ad5.png,opaque_original_became_translucent
00000000f60c0f0b309975ba,efonte,ULES00502/ai_upscaled/texts/00000000f60c0f0bbd6efa21.png,opaque_original_became_translucent
000000001a59dece9971cdfe,efonte,ULES00502/ai_upscaled/models/vehicles/128_128/000000001a59dece7149102d.png,opaque_original_became_translucent
00000000c541b1e14f706f1d,efonte,ULES00502/ai_upscaled/others/128_128/00000000c541b1e1a9a10721.png,opaque_original_became_translucent
0000000018dc82514c684245,efonte,ULES00502/ai_upscaled/others/128_128/0000000018dc8251922894bc.png,opaque_original_became_translucent
0000000073d2f6959adc6bdb,efonte,ULES00502/ai_upscaled/models/vehicles/128_128/0000000073d2f695ead35a4f.png,opaque_original_became_translucent
0000000031ebb80ac139eb93,efonte,ULES00502/ai_upscaled/others/128_128/0000000031ebb80a14cbc939.png,opaque_original_became_translucent
00000000f85968a5b9990eef,efonte,ULES00502/ai_upscaled/others/64_64/00000000f85968a5eccd4bc9.png,opaque_original_became_translucent
0000000015abe88fa731b2b6,efonte,ULES00502/ai_upscaled/others/64_64/0000000015abe88fb4167229.png,opaque_original_became_translucent
000000009f2a9e1bcd867f54,efonte,ULES00502/ai_upscaled/texts/000000009f2a9e1b7faa4b09.png,transparency_mask_changed
00000000d92651b4ace778b7,efonte,ULES00502/ai_upscaled/others/128_128/00000000d92651b4e8a5d6d1.png,opaque_original_became_translucent
000000004e1b2f69486df228,efonte,ULES00502/ai_upscaled/others/32_32/000000004e1b2f6981435618.png,opaque_original_became_translucent
0000000050835a754a19abf9,efonte,ULES00502/ai_upscaled/models/vehicles/128_128/0000000050835a7557db495d.png,opaque_original_became_translucent
000000001313961c4c23245e,efonte,ULES00502/ai_upscaled/others/64_64/000000001313961c6dbe3c7d.png,opaque_original_became_translucent
00000000938af170db57b28a,efonte,ULES00502/ai_upscaled/others/64_64/00000000938af170af2010b9.png,opaque_original_became_translucent
0000000014b7ca37b9f08b8a,efonte,ULES00502/ai_upscaled/models/vehicles/128_128/0000000014b7ca3739157d29.png,opaque_original_became_translucent
000000008a634d3b765219f8,efonte,ULES00502/ai_upscaled/models/vehicles/128_128/000000008a634d3b04d1b2a9.png,opaque_original_became_translucent
0000000059de6c0be7daef1a,efonte,ULES00502/ai_upscaled/models/vehicles/128_128/0000000059de6c0b228b0437.png,opaque_original_became_translucent
000000005155ddf5b6384c7d,efonte,ULES00502/ai_upscaled/models/vehicles/128_128/000000005155ddf52340ea4f.png,opaque_original_became_translucent
00000000dabc3d7582007d08,efonte,ULES00502/ai_upscaled/others/64_64/00000000dabc3d750a85ce20.png,opaque_original_became_translucent
000000003545a80be1277f84,efonte,ULES00502/ai_upscaled/models/vehicles/128_128/000000003545a80bb80665a3.png,opaque_original_became_translucent
000000004175d736231665ac,efonte,ULES00502/ai_upscaled/models/vehicles/128_128/000000004175d7362fca6a27.png,opaque_original_became_translucent
00000000fc43f60dfc3cbb49,efonte,ULES00502/ai_upscaled/texts/00000000fc43f60da8403530.png,alpha_coverage_changed_over_5_percent
00000000ca23c5641ba18a74,efonte,ULES00502/ai_upscaled/models/vehicles/128_128/00000000ca23c564b96e1c78.png,opaque_original_became_translucent
0000000079dba1642fa65ab9,efonte,ULES00502/ai_upscaled/models/vehicles/128_128/0000000079dba16413d8f7b0.png,opaque_original_became_translucent
00000000caeb3f7fdc3a3239,efonte,ULES00502/ai_upscaled/others/64_64/00000000caeb3f7f891ca233.png,opaque_original_became_translucent
00000000c3527f14dd272871,efonte,ULES00502/ai_upscaled/models/vehicles/128_128/00000000c3527f14b468ccc0.png,opaque_original_became_translucent
000000002bd7c51e0cc4b7ec,efonte,ULES00502/ai_upscaled/others/128_128/000000002bd7c51ea196bc46.png,opaque_original_became_translucent
0000000043136b20baebcfff,efonte,ULES00502/ai_upscaled/models/vehicles/128_128/0000000043136b20b00e8d41.png,opaque_original_became_translucent
00000000cc4f7c607003ff10,efonte,ULES00502/ai_upscaled/models/vehicles/128_128/00000000cc4f7c60524296d9.png,opaque_original_became_translucent
00000000cfa79766154cb0a2,efonte,ULES00502/ai_upscaled/others/64_64/00000000cfa79766bc9d39c9.png,alpha_range_reduced
000000008873e7cb96f97ce1,efonte,ULES00502/ai_upscaled/texts/000000008873e7cb1b777ae5.png,opaque_interiors_lost_opacity
00000000e4754d9ea0974a5b,efonte,ULES00502/ai_upscaled/models/vehicles/128_128/00000000e4754d9eb18ea601.png,opaque_original_became_translucent
0000000027263a87433727db,efonte,ULES00502/ai_upscaled/others/64_32/0000000027263a87c63019fe.png,opaque_original_became_translucent
00000000db2ce1bd49e44f5c,efonte,ULES00502/ai_upscaled/others/32_32/00000000db2ce1bd356f571e.png,opaque_original_became_translucent
000000000f81b19b0b817b38,efonte,ULES00502/ai_upscaled/others/64_64/000000000f81b19bb448afd9.png,opaque_original_became_translucent
0000000025ef5050c9564e65,efonte,ULES00502/ai_upscaled/models/vehicles/128_128/0000000025ef50504b83b9dd.png,opaque_original_became_translucent
000000001b21cecd7a06ee19,efonte,ULES00502/ai_upscaled/effects/000000001b21cecde61e620f.png,transparency_mask_changed
000000005cc9ec115977b188,efonte,ULES00502/ai_upscaled/others/64_64/000000005cc9ec11113e5dd6.png,opaque_original_became_translucent
0000000042bda11d683272d9,efonte,ULES00502/ai_upscaled/models/vehicles/128_128/0000000042bda11d3aaf23de.png,opaque_original_became_translucent
00000000f71cab79b05eb902,efonte,ULES00502/ai_upscaled/models/vehicles/128_128/00000000f71cab79c0f2e7ba.png,opaque_original_became_translucent
0000000057e3225f099d54cc,efonte,ULES00502/ai_upscaled/others/128_128/0000000057e3225f97b1715a.png,opaque_original_became_translucent
000000000620993835fd0c30,efonte,ULES00502/ai_upscaled/others/128_128/00000000062099385ac6a0f4.png,opaque_original_became_translucent
0000000001ac1e77e4b4bd2b,efonte,ULES00502/ai_upscaled/others/128_128/0000000001ac1e77132698eb.png,opaque_original_became_translucent
0000000086c732b2b7059bd6,efonte,ULES00502/ai_upscaled/others/64_64/0000000086c732b2846e0051.png,opaque_original_became_translucent
000000009dafff2659d80c34,efonte,ULES00502/ai_upscaled/ui/weapons/000000009dafff26a965aa2e.png,insufficient_visible_detail_beyond_resize | opaque_interiors_lost_opacity
000000006e6a8e106ec0a57d,efonte,ULES00502/ai_upscaled/others/32_32/000000006e6a8e10b32fe342.png,opaque_original_became_translucent
000000005376a85375493d8e,efonte,ULES00502/ai_upscaled/others/32_32/000000005376a853dbf46454.png,opaque_original_became_translucent
00000000387102f06e70be3e,efonte,ULES00502/ai_upscaled/others/32_32/00000000387102f0d845a7c1.png,opaque_original_became_translucent
0000000073e07528e291951a,efonte,ULES00502/ai_upscaled/ui/weapons/0000000073e0752885e318a4.png,opaque_interiors_lost_opacity
0000000051a1ddb6c02a84fb,efonte,ULES00502/ai_upscaled/others/64_64/0000000051a1ddb6ba448cb3.png,opaque_original_became_translucent
00000000d9fcfbeddefebbee,efonte,ULES00502/ai_upscaled/others/32_32/00000000d9fcfbed498ac1be.png,opaque_original_became_translucent
00000000ef053dcd53fad432,efonte,ULES00502/ai_upscaled/others/32_32/00000000ef053dcd06eb52b1.png,opaque_original_became_translucent
0000000007b80c38af812df9,efonte,ULES00502/ai_upscaled/others/32_32/0000000007b80c382893532f.png,opaque_original_became_translucent
00000000253f64398824851d,efonte,ULES00502/ai_upscaled/others/32_32/00000000253f64394ad59c7b.png,opaque_original_became_translucent
00000000865a064c116bc4d9,efonte,ULES00502/ai_upscaled/others/64_64/00000000865a064cb8f4bbee.png,opaque_original_became_translucent
00000000000b29a00d7cf19f,efonte,ULES00502/ai_upscaled/others/32_32/00000000000b29a0c2487d41.png,opaque_original_became_translucent
00000000b24c9f2508459fef,efonte,ULES00502/ai_upscaled/others/32_32/00000000b24c9f25fad6c993.png,opaque_original_became_translucent
00000000e0a2405cbcd26f19,efonte,ULES00502/ai_upscaled/others/32_32/00000000e0a2405c58677108.png,opaque_original_became_translucent
00000000a73440594f6825cc,efonte,ULES00502/ai_upscaled/ui/weapons/00000000a73440595b2b4fca.png,opaque_interiors_lost_opacity
0000000066cc1ed734a718c8,efonte,ULES00502/ai_upscaled/others/32_32/0000000066cc1ed7858ffc3d.png,opaque_original_became_translucent
000000000c38e5bfd55beabe,efonte,ULES00502/ai_upscaled/others/64_64/000000000c38e5bff77b7fbd.png,opaque_original_became_translucent
00000000914ebd1c9a80acbd,efonte,ULES00502/ai_upscaled/others/32_32/00000000914ebd1c69f8765c.png,opaque_original_became_translucent
00000000d0fd6aae0e0fc1d9,efonte,ULES00502/ai_upscaled/others/32_32/00000000d0fd6aaec7262f3f.png,opaque_original_became_translucent
00000000379ebd029afb3cb5,efonte,ULES00502/ai_upscaled/others/32_32/00000000379ebd02e89df556.png,opaque_original_became_translucent
0000000072034a56a1ac0c5b,efonte,ULES00502/ai_upscaled/others/32_32/0000000072034a5682fd3303.png,opaque_original_became_translucent
00000000c9b4f99e400df524,efonte,ULES00502/ai_upscaled/others/32_32/00000000c9b4f99ee65e00c8.png,transparency_mask_changed
000000007061d8dde6681a48,efonte,ULES00502/ai_upscaled/others/64_64/000000007061d8dd85da42bd.png,opaque_original_became_translucent
0000000077160566b4930b49,efonte,ULES00502/ai_upscaled/others/64_64/0000000077160566d98f57de.png,opaque_original_became_translucent
00000000c5c8a81727fbaebf,efonte,ULES00502/ai_upscaled/others/64_64/00000000c5c8a8178d8306e9.png,transparency_mask_changed
00000000b798770766863647,efonte,ULES00502/ai_upscaled/others/64_64/00000000b798770759a8e51a.png,opaque_original_became_translucent
000000002272388bb289a05f,efonte,ULES00502/ai_upscaled/others/32_32/000000002272388bdc453502.png,opaque_original_became_translucent
0000000058e38dce1d822580,efonte,ULES00502/ai_upscaled/others/32_32/0000000058e38dce2291d508.png,opaque_original_became_translucent
00000000a229639c9b3713c7,efonte,ULES00502/ai_upscaled/others/64_64/00000000a229639c8509f6c5.png,opaque_original_became_translucent
0000000044776cd68d8b4f1b,efonte,ULES00502/ai_upscaled/others/32_32/0000000044776cd6fb2d3e69.png,opaque_original_became_translucent
00000000a50143664d6fb19e,efonte,ULES00502/ai_upscaled/others/64_64/00000000a5014366732bb38d.png,opaque_original_became_translucent
00000000a297b07f26125f92,efonte,ULES00502/ai_upscaled/others/32_32/00000000a297b07faca721f9.png,opaque_original_became_translucent
000000000d912257a0fb0c22,efonte,ULES00502/ai_upscaled/others/64_64/000000000d912257788897df.png,opaque_original_became_translucent
0000000012c0c9fcfe843d29,efonte,ULES00502/ai_upscaled/others/64_64/0000000012c0c9fc14358ae7.png,opaque_original_became_translucent
0000000083fc16b15c0ce5a7,efonte,ULES00502/ai_upscaled/others/64_64/0000000083fc16b1001fadd4.png,opaque_original_became_translucent
000000006bedd19ec2988b68,efonte,ULES00502/ai_upscaled/others/64_64/000000006bedd19e193d6036.png,opaque_original_became_translucent
00000000cd2a3dec1b0aaf84,efonte,ULES00502/ai_upscaled/others/64_64/00000000cd2a3deca6230359.png,opaque_original_became_translucent
00000000f9624b7573a43b00,efonte,ULES00502/ai_upscaled/others/64_64/00000000f9624b75a46fd7b8.png,opaque_original_became_translucent
00000000a294aa0ef50a5f50,efonte,ULES00502/ai_upscaled/others/32_32/00000000a294aa0ee2a2f4c5.png,opaque_original_became_translucent
000000000213e7f551393fa4,efonte,ULES00502/ai_upscaled/others/32_32/000000000213e7f5ad42065e.png,opaque_original_became_translucent
000000004d6be7c1286c56a7,efonte,ULES00502/ai_upscaled/others/64_64/000000004d6be7c13b67f2fa.png,opaque_interiors_lost_opacity
00000000802b1e89564bed38,efonte,ULES00502/ai_upscaled/others/32_32/00000000802b1e89f4b31220.png,opaque_original_became_translucent
000000007c900b40dc129944,efonte,ULES00502/ai_upscaled/others/32_32/000000007c900b4036d0e05c.png,opaque_original_became_translucent
00000000ae6e932151d5e43c,efonte,ULES00502/ai_upscaled/others/32_32/00000000ae6e932181ea6386.png,opaque_original_became_translucent
00000000ff2488279ad8559e,efonte,ULES00502/ai_upscaled/ui/00000000ff2488276af9daba.png,opaque_original_became_translucent
000000007082f898a594beb5,efonte,ULES00502/ai_upscaled/others/32_32/000000007082f898d52ae09a.png,opaque_original_became_translucent
00000000ebea47b68b37121d,efonte,ULES00502/ai_upscaled/others/64_64/00000000ebea47b6b1048e5e.png,opaque_original_became_translucent
00000000f92420801f84d9c3,efonte,ULES00502/ai_upscaled/texts/00000000f92420801f5548ae.png,opaque_original_became_translucent
0000000056a087e8d9a71a08,efonte,ULES00502/ai_upscaled/others/32_32/0000000056a087e8a078fd5f.png,opaque_original_became_translucent
000000005943331342188ff8,efonte,ULES00502/ai_upscaled/others/32_32/0000000059433313767919a3.png,opaque_original_became_translucent
000000005503730dd5cc801a,efonte,ULES00502/ai_upscaled/others/64_64/000000005503730d3ee01cd9.png,opaque_original_became_translucent
00000000ccd32e0193608eb0,efonte,ULES00502/ai_upscaled/others/32_32/00000000ccd32e016a581135.png,opaque_original_became_translucent
0000000062da14877deb7193,efonte,ULES00502/ai_upscaled/others/32_32/0000000062da148779d2179c.png,opaque_original_became_translucent
00000000f80b0d9afe40c432,efonte,ULES00502/ai_upscaled/others/32_32/00000000f80b0d9a7a720cdc.png,opaque_original_became_translucent
000000004d0310525a132739,efonte,ULES00502/ai_upscaled/others/64_64/000000004d03105281a4545f.png,opaque_original_became_translucent
0000000096cfaeb28ccd70ee,efonte,ULES00502/ai_upscaled/others/32_32/0000000096cfaeb28577cda1.png,opaque_original_became_translucent
00000000acb9ae787d287c5e,efonte,ULES00502/ai_upscaled/texts/00000000acb9ae7807069ec3.png,opaque_original_became_translucent
0000000065efb090f93cd2a8,efonte,ULES00502/ai_upscaled/others/64_64/0000000065efb090c66facdc.png,opaque_original_became_translucent
000000009bcfb690c5072fcc,efonte,ULES00502/ai_upscaled/others/32_32/000000009bcfb69063ee1598.png,opaque_original_became_translucent
00000000f354738e47951bff,efonte,ULES00502/ai_upscaled/others/64_64/00000000f354738ed2d24367.png,opaque_original_became_translucent
00000000591fa3cdcaa71015,efonte,ULES00502/ai_upscaled/others/32_32/00000000591fa3cdb28624cd.png,opaque_original_became_translucent
000000000c4ef32493d83e3a,efonte,ULES00502/ai_upscaled/others/64_64/000000000c4ef324dd150318.png,opaque_original_became_translucent
000000004d7b7608213b7fee,efonte,ULES00502/ai_upscaled/others/64_32/000000004d7b760803acc1cd.png,opaque_original_became_translucent
00000000d10ab49b4573c4e8,efonte,ULES00502/ai_upscaled/others/64_32/00000000d10ab49b359de206.png,opaque_original_became_translucent
00000000a44fe087e73b58eb,efonte,ULES00502/ai_upscaled/others/64_64/00000000a44fe087279b812c.png,opaque_original_became_translucent
0000000027deb31871d149be,efonte,ULES00502/ai_upscaled/others/32_32/0000000027deb31837eafda4.png,opaque_original_became_translucent
00000000893ba2bf376b50fb,efonte,ULES00502/ai_upscaled/others/32_32/00000000893ba2bfe0857f6c.png,opaque_original_became_translucent
00000000db4add2a12f295e6,efonte,ULES00502/ai_upscaled/others/64_64/00000000db4add2a2186ef73.png,opaque_original_became_translucent
00000000459d3f5fb9b6cd2a,efonte,ULES00502/ai_upscaled/others/32_32/00000000459d3f5fca4e661a.png,opaque_original_became_translucent
00000000046d20db822b430a,efonte,ULES00502/ai_upscaled/others/64_64/00000000046d20db69932dc1.png,
000000002cc43513310d33be,efonte,ULES00502/ai_upscaled/others/32_32/000000002cc43513e7310adb.png,transparency_mask_changed
0000000078a896664e1119e6,efonte,ULES00502/ai_upscaled/others/64_64/0000000078a8966646b43b2d.png,opaque_original_became_translucent
0000000045c007ecccdd6656,efonte,ULES00502/ai_upscaled/others/32_32/0000000045c007ec9b785fbf.png,opaque_original_became_translucent
0000000093de025eef481b86,efonte,ULES00502/ai_upscaled/others/32_32/0000000093de025e153f7617.png,opaque_original_became_translucent
00000000ab9590334ff405cc,efonte,ULES00502/ai_upscaled/others/32_32/00000000ab959033cce88b76.png,opaque_original_became_translucent
00000000da5676e79403a79c,efonte,ULES00502/ai_upscaled/others/32_32/00000000da5676e779a1fe31.png,opaque_original_became_translucent
00000000e46ddce2f5806e35,efonte,ULES00502/ai_upscaled/others/64_64/00000000e46ddce2fec98292.png,opaque_original_became_translucent
000000006505b584d7465190,efonte,ULES00502/ai_upscaled/others/64_64/000000006505b584c7b3e723.png,opaque_original_became_translucent
00000000c0f1d90b61003655,efonte,ULES00502/ai_upscaled/others/64_64/00000000c0f1d90b80a37aea.png,opaque_original_became_translucent
000000007ffe51880bc4886b,efonte,ULES00502/ai_upscaled/others/32_32/000000007ffe5188c3316596.png,opaque_original_became_translucent
00000000da102db59c8ac363,efonte,ULES00502/ai_upscaled/others/16_32/00000000da102db53c550336.png,opaque_original_became_translucent
0000000078604d44ef921f40,efonte,ULES00502/ai_upscaled/others/64_64/0000000078604d44d7ba695c.png,opaque_original_became_translucent
00000000fa05287774002fdc,efonte,ULES00502/ai_upscaled/others/64_64/00000000fa05287780c5a69e.png,opaque_original_became_translucent
000000005af275268aba7d17,efonte,ULES00502/ai_upscaled/others/64_64/000000005af27526a85a684b.png,
000000007f8199032aa69cba,efonte,ULES00502/ai_upscaled/others/32_32/000000007f819903d35f3b83.png,opaque_original_became_translucent
0000000060752f9ee6e56040,efonte,ULES00502/ai_upscaled/others/32_32/0000000060752f9e37597ad7.png,opaque_original_became_translucent
00000000bd3e66034f6a71a7,efonte,ULES00502/ai_upscaled/others/32_32/00000000bd3e6603b119ee80.png,opaque_original_became_translucent
0000000093149a0c91da4179,efonte,ULES00502/ai_upscaled/others/64_64/0000000093149a0c79eade30.png,opaque_original_became_translucent
000000007bd7a8a6e5f5d779,efonte,ULES00502/ai_upscaled/others/32_32/000000007bd7a8a692a13b30.png,transparency_mask_changed
0000000039731844fb41624d,efonte,ULES00502/ai_upscaled/others/64_64/00000000397318442e3ea134.png,opaque_original_became_translucent
00000000a832c7623c6fde00,efonte,ULES00502/ai_upscaled/others/64_64/00000000a832c762c4d5bb7e.png,opaque_original_became_translucent
000000002ff1eae2af45bf25,efonte,ULES00502/ai_upscaled/others/64_64/000000002ff1eae2055bd747.png,opaque_original_became_translucent
00000000b8d9c5353c735fb5,efonte,ULES00502/ai_upscaled/others/64_64/00000000b8d9c535cc0e0703.png,opaque_original_became_translucent
00000000f431c58e5d345a7a,efonte,ULES00502/ai_upscaled/others/64_64/00000000f431c58e6245e0eb.png,opaque_original_became_translucent
000000006eb8e40d263c3d8a,efonte,ULES00502/ai_upscaled/others/64_64/000000006eb8e40de940fc16.png,opaque_original_became_translucent
000000008728e4cfc457a597,efonte,ULES00502/ai_upscaled/others/64_64/000000008728e4cf3224340f.png,opaque_original_became_translucent
0000000020ce8d476cf85cfa,efonte,ULES00502/ai_upscaled/others/64_64/f9383eaf/0000000020ce8d47f9383eaf.png,no_material_detail_beyond_simple_resize
00000000a461779a06de577f,efonte,ULES00502/ai_upscaled/others/64_64/00000000a461779aae18cbc7.png,transparency_mask_changed
000000006b44e7532f9eb804,efonte,ULES00502/ai_upscaled/others/32_32/000000006b44e7533e2cf386.png,opaque_original_became_translucent
000000008fe4dd055ab2dce6,efonte,ULES00502/ai_upscaled/others/32_32/000000008fe4dd052ff78527.png,opaque_original_became_translucent
00000000c339a13c833d2537,efonte,ULES00502/ai_upscaled/others/64_64/00000000c339a13ce01ebf19.png,opaque_original_became_translucent
0000000069d531bdec9dc130,efonte,ULES00502/ai_upscaled/others/64_64/0000000069d531bd73d535cb.png,opaque_original_became_translucent
0000000054fb03cd3e048c40,efonte,ULES00502/ai_upscaled/others/32_32/0000000054fb03cddc92ba63.png,opaque_original_became_translucent
000000004e35e60566db274c,efonte,ULES00502/ai_upscaled/others/64_64/000000004e35e605b2558c33.png,opaque_original_became_translucent
00000000033987296ae22849,efonte,ULES00502/ai_upscaled/others/64_64/0000000003398729209b7aae.png,opaque_original_became_translucent
000000007b5b67cd2b770c75,efonte,ULES00502/ai_upscaled/others/64_64/000000007b5b67cdbb2cb92a.png,opaque_original_became_translucent
000000004624cf370df88c21,efonte,ULES00502/ai_upscaled/others/32_32/000000004624cf37f4bd3e9c.png,opaque_original_became_translucent
000000001bf4bb7db92d8fbd,efonte,ULES00502/ai_upscaled/others/32_32/000000001bf4bb7dff3a19a9.png,opaque_original_became_translucent
00000000a678369a3f74651b,efonte,ULES00502/ai_upscaled/others/64_64/00000000a678369a1cf2bf5c.png,opaque_original_became_translucent
0000000061352663dc9c16de,efonte,ULES00502/ai_upscaled/others/64_64/00000000613526639c701481.png,opaque_original_became_translucent
00000000f2c547105e22bafa,efonte,ULES00502/ai_upscaled/others/16_16/00000000f2c5471001a250c7.png,opaque_original_became_translucent
0000000020f1e7d800000000,efonte,ULES00502/ai_upscaled/others/8_16/0000000020f1e7d8dc8faf04.png,wildcard_key_not_safe_for_addon | opaque_original_became_translucent
0000000037b74e0ab1f6697e,efonte,ULES00502/ai_upscaled/others/32_32/0000000037b74e0aa5b59e41.png,opaque_original_became_translucent
0000000092b2fe9791517f48,efonte,ULES00502/ai_upscaled/others/32_32/0000000092b2fe97d0d4aa17.png,opaque_original_became_translucent
00000000cebd7ea821417120,efonte,ULES00502/ai_upscaled/others/64_64/00000000cebd7ea884975276.png,opaque_original_became_translucent
000000008764f3a8b74fad2f,efonte,ULES00502/ai_upscaled/others/32_32/000000008764f3a815ddef4f.png,opaque_original_became_translucent
00000000f11b27c63e88a52d,efonte,ULES00502/ai_upscaled/others/128_64/00000000f11b27c6ee3604a6.png,opaque_interiors_lost_opacity
0000000079797032eeeae2fb,efonte,ULES00502/ai_upscaled/others/32_32/00000000797970320824f752.png,opaque_original_became_translucent
000000006aca2e1bdc1a49d3,efonte,ULES00502/ai_upscaled/others/32_32/000000006aca2e1bec2147f4.png,opaque_original_became_translucent
00000000ea330fdf533f13e0,efonte,ULES00502/ai_upscaled/others/64_64/00000000ea330fdf33289748.png,opaque_original_became_translucent
000000005458b9452117581c,efonte,ULES00502/ai_upscaled/others/64_64/000000005458b945276b4992.png,opaque_original_became_translucent
00000000134a384800290e7c,efonte,ULES00502/ai_upscaled/texts/00000000134a384847a4d0f9.png,opaque_original_became_translucent
000000003591c4d4aa422706,efonte,ULES00502/ai_upscaled/others/64_64/000000003591c4d4c32c6edf.png,opaque_original_became_translucent
000000004d89ab04140a77a0,efonte,ULES00502/ai_upscaled/others/64_64/000000004d89ab046f86a8b5.png,transparency_mask_changed
00000000d2e3949549139e28,efonte,ULES00502/ai_upscaled/others/32_32/00000000d2e394952cd213a7.png,opaque_original_became_translucent
0000000082d201aa07abfd7c,efonte,ULES00502/ai_upscaled/texts/0000000082d201aabcdb8fd7.png,opaque_original_became_translucent
00000000940ebd5e817a4430,efonte,ULES00502/ai_upscaled/others/32_32/00000000940ebd5e0b00e9f2.png,opaque_original_became_translucent
00000000ef2a2285fe14a314,efonte,ULES00502/ai_upscaled/others/32_32/00000000ef2a2285ba5fde1e.png,opaque_original_became_translucent
0000000053e0d89cf179bdb1,efonte,ULES00502/ai_upscaled/others/32_32/0000000053e0d89c13c998b3.png,opaque_original_became_translucent
00000000de8083e6f363ac29,efonte,ULES00502/ai_upscaled/others/64_64/00000000de8083e6945d70ca.png,opaque_original_became_translucent
00000000f5634f2f8bed0dbb,efonte,ULES00502/ai_upscaled/others/64_64/00000000f5634f2f952478b8.png,opaque_original_became_translucent
0000000085699c0e071631c7,efonte,ULES00502/ai_upscaled/others/64_64/0000000085699c0ec4aa3940.png,transparency_mask_changed
000000007e040e93ac400550,efonte,ULES00502/ai_upscaled/texts/000000007e040e93c1d4287c.png,opaque_original_became_translucent
000000005cfe00c96c1658d9,efonte,ULES00502/ai_upscaled/others/32_32/000000005cfe00c93c35cdbe.png,opaque_original_became_translucent
0000000056f627660e22195d,efonte,ULES00502/ai_upscaled/others/64_64/0000000056f62766d61034c6.png,opaque_original_became_translucent
000000001d5728908058d450,efonte,ULES00502/ai_upscaled/others/64_64/000000001d572890f134bd3a.png,opaque_original_became_translucent
00000000c03166d8242ce01f,efonte,ULES00502/ai_upscaled/others/32_32/00000000c03166d888dd9dfd.png,opaque_original_became_translucent
000000007e808d16a4981d1f,efonte,ULES00502/ai_upscaled/others/64_64/000000007e808d169a0f6d56.png,opaque_original_became_translucent
00000000c086e7e2ec4be51a,efonte,ULES00502/ai_upscaled/others/64_64/00000000c086e7e2eb9e1156.png,opaque_original_became_translucent
0000000072c2165a65f55e90,efonte,ULES00502/ai_upscaled/others/64_64/0000000072c2165a95952e9b.png,opaque_original_became_translucent
00000000bcc8470fd8fbcf2f,efonte,ULES00502/ai_upscaled/others/32_32/00000000bcc8470f5a4a70d9.png,opaque_original_became_translucent
00000000e51671f1b2fd64de,efonte,ULES00502/ai_upscaled/others/64_64/00000000e51671f1543ecd45.png,opaque_original_became_translucent
00000000c1f24dcf00000000,efonte,ULES00502/ai_upscaled/others/8_8/04949fa8/00000000c1f24dcf04949fa8.png,wildcard_key_not_safe_for_addon | opaque_original_became_translucent
00000000d0fe778a1ee0f8ec,efonte,ULES00502/ai_upscaled/others/64_64/00000000d0fe778ae1ed451f.png,opaque_original_became_translucent
000000009d8da842c294b7e6,efonte,ULES00502/ai_upscaled/others/32_32/000000009d8da842617aec4e.png,opaque_original_became_translucent
00000000c7b1dd419cdc7044,efonte,ULES00502/ai_upscaled/texts/00000000c7b1dd412e3096ad.png,opaque_original_became_translucent
000000005402f746e9cf3e6f,efonte,ULES00502/ai_upscaled/others/32_32/000000005402f746478c8412.png,opaque_original_became_translucent
000000004f4546f94cb3ab8f,efonte,ULES00502/ai_upscaled/texts/000000004f4546f9ededf157.png,opaque_original_became_translucent
00000000d569328f777b2628,efonte,ULES00502/ai_upscaled/texts/00000000d569328ff577d08a.png,opaque_original_became_translucent
00000000175478255b5ad84e,efonte,ULES00502/ai_upscaled/others/64_64/00000000175478250a8f743a.png,opaque_original_became_translucent
0000000004f5a35fd53cd2f0,efonte,ULES00502/ai_upscaled/texts/0000000004f5a35facda45fc.png,opaque_original_became_translucent
00000000c2c3a2c656907a5a,efonte,ULES00502/ai_upscaled/others/128_128/00000000c2c3a2c6815c884f.png,opaque_original_became_translucent
00000000bffa6b2dcfb86005,efonte,ULES00502/ai_upscaled/others/128_64/00000000bffa6b2de4922c03.png,opaque_original_became_translucent
0000000023c95e7d777a9114,efonte,ULES00502/ai_upscaled/others/64_128/0000000023c95e7d14f02cbe.png,opaque_original_became_translucent
00000000e45391ae6d81374f,efonte,ULES00502/ai_upscaled/others/32_32/00000000e45391aec20acb85.png,opaque_original_became_translucent
0000000063e67150ac6b5b11,efonte,ULES00502/ai_upscaled/others/64_64/0000000063e67150d5c5eb3c.png,opaque_original_became_translucent
00000000bac0dda36ed33e35,efonte,ULES00502/ai_upscaled/others/64_64/00000000bac0dda32b69e918.png,opaque_original_became_translucent
00000000fededecc9e7b7971,efonte,ULES00502/ai_upscaled/others/64_64/00000000fededecc6e46e12a.png,opaque_original_became_translucent
000000005cefde272be7dc80,efonte,ULES00502/ai_upscaled/others/64_64/000000005cefde273e9ab19f.png,opaque_original_became_translucent
0000000060a8521d88950bae,efonte,ULES00502/ai_upscaled/others/32_32/0000000060a8521de6b9dd35.png,opaque_original_became_translucent
0000000007abc5ff81e67183,efonte,ULES00502/ai_upscaled/effects/0000000007abc5ff3c1d7920.png,no_material_detail_beyond_simple_resize
000000000479143ecf654ec1,efonte,ULES00502/ai_upscaled/others/64_64/000000000479143ee1ac8071.png,opaque_original_became_translucent
000000009844eb701b4a47b6,efonte,ULES00502/ai_upscaled/others/64_64/000000009844eb70f0d450f8.png,opaque_original_became_translucent
00000000f78c723c72171be5,efonte,ULES00502/ai_upscaled/others/64_64/00000000f78c723c697a87fe.png,opaque_original_became_translucent
00000000a5cdcb020ebaa9ff,efonte,ULES00502/ai_upscaled/characters/clothes/00000000a5cdcb028b08976a.png,opaque_original_became_translucent
000000006a54a8967dd71f98,efonte,ULES00502/ai_upscaled/others/32_64/000000006a54a896dc59c0a2.png,opaque_original_became_translucent
00000000b24a8bacbe6fa7b6,efonte,ULES00502/ai_upscaled/characters/clothes/00000000b24a8bac0349588d.png,opaque_original_became_translucent
00000000952a3873b2502443,efonte,ULES00502/ai_upscaled/characters/clothes/00000000952a387378356489.png,opaque_original_became_translucent
000000000bee2483f37c0fe8,efonte,ULES00502/ai_upscaled/others/64_64/000000000bee24834b9fac13.png,opaque_original_became_translucent
00000000363aad2e14a98a8b,efonte,ULES00502/ai_upscaled/others/64_64/00000000363aad2ed4a772c2.png,opaque_original_became_translucent
00000000cb119c36f333eedf,efonte,ULES00502/ai_upscaled/others/32_32/00000000cb119c36a0c7707d.png,opaque_original_became_translucent
00000000b9abb6db591c3a07,efonte,ULES00502/ai_upscaled/others/32_64/00000000b9abb6db53a6b536.png,opaque_original_became_translucent
00000000cdcbcec9ec8d840c,efonte,ULES00502/ai_upscaled/others/64_64/00000000cdcbcec95065cc76.png,opaque_original_became_translucent
00000000882935418cd36c66,efonte,ULES00502/ai_upscaled/others/64_64/000000008829354196603797.png,opaque_original_became_translucent
00000000176dc897a5f90f54,efonte,ULES00502/ai_upscaled/others/64_64/00000000176dc897aa9226ac.png,opaque_original_became_translucent
0000000009517001c47007f0,efonte,ULES00502/ai_upscaled/texts/00000000095170013b917668.png,opaque_original_became_translucent
00000000e375fd9cb5756a38,efonte,ULES00502/ai_upscaled/others/32_32/c13f0b26/00000000e375fd9cc13f0b26.png,opaque_original_became_translucent
00000000e9e596671bd5a836,efonte,ULES00502/ai_upscaled/others/64_64/00000000e9e596678062b0c5.png,opaque_original_became_translucent
00000000fb29f6bfc7a280d7,efonte,ULES00502/ai_upscaled/others/64_64/00000000fb29f6bf36c97645.png,opaque_original_became_translucent
000000009e019297c78dc88d,efonte,ULES00502/ai_upscaled/texts/000000009e0192974d342146.png,opaque_original_became_translucent
00000000b3f20f7241945ed4,efonte,ULES00502/ai_upscaled/texts/00000000b3f20f726afbe7e0.png,opaque_original_became_translucent
00000000ee371f45697fd060,efonte,ULES00502/ai_upscaled/others/32_32/00000000ee371f459a7b79df.png,opaque_original_became_translucent
000000008d00975e1571b50c,efonte,ULES00502/ai_upscaled/others/16_16/000000008d00975e3337978b.png,opaque_original_became_translucent
00000000b111d305d70687d2,efonte,ULES00502/ai_upscaled/characters/00000000b111d3050ba91fcf.png,opaque_original_became_translucent
000000004ad392e4b5a47559,efonte,ULES00502/ai_upscaled/others/32_32/000000004ad392e40a407ae1.png,opaque_original_became_translucent
00000000ab1f9d5966fceb35,efonte,ULES00502/ai_upscaled/others/64_64/00000000ab1f9d5943b8d196.png,opaque_original_became_translucent
00000000644a19ef980f7c6f,efonte,ULES00502/ai_upscaled/texts/00000000644a19efe0acd5cb.png,opaque_original_became_translucent
00000000de61ff3d97a4515c,efonte,ULES00502/ai_upscaled/texts/00000000de61ff3d5f95bcdc.png,opaque_original_became_translucent
000000003fa7f5135e358931,efonte,ULES00502/ai_upscaled/others/64_64/000000003fa7f513098e33d9.png,opaque_original_became_translucent
00000000064db0303c10da92,efonte,ULES00502/ai_upscaled/others/32_32/00000000064db030f9d18ac9.png,opaque_original_became_translucent
00000000bd348c32ea655e6a,efonte,ULES00502/ai_upscaled/others/16_16/00000000bd348c321db90af2.png,
000000006da260c27ab47f55,efonte,ULES00502/ai_upscaled/others/64_64/000000006da260c2610260f7.png,opaque_original_became_translucent
00000000aed6ab1ec8067de6,efonte,ULES00502/ai_upscaled/others/64_64/00000000aed6ab1e3de310f3.png,opaque_original_became_translucent
0000000073ea1c5ffa4651b2,efonte,ULES00502/ai_upscaled/others/64_64/0000000073ea1c5fe6d2f21a.png,opaque_original_became_translucent
000000009740993ad7668701,efonte,ULES00502/ai_upscaled/others/128_128/000000009740993a325eed6e.png,transparency_mask_changed
00000000915bae8515a9518d,efonte,ULES00502/ai_upscaled/others/32_32/00000000915bae8510b7471c.png,
00000000c06fc4c3f86e06ab,efonte,ULES00502/ai_upscaled/others/128_64/00000000c06fc4c36ff0ad9a.png,opaque_interiors_lost_opacity
000000001511e183b57cc3f7,efonte,ULES00502/ai_upscaled/others/32_32/000000001511e183c29dd83e.png,opaque_original_became_translucent
0000000040b799dd828d8045,efonte,ULES00502/ai_upscaled/others/32_16/0000000040b799dd906eca40.png,opaque_interiors_lost_opacity
00000000ca96b37415e2a47a,efonte,ULES00502/ai_upscaled/others/32_32/00000000ca96b37484bdfba7.png,opaque_original_became_translucent
0000000008774d412f3f515b,efonte,ULES00502/ai_upscaled/others/16_16/0000000008774d4172aec195.png,opaque_original_became_translucent
00000000fa35c64b81159982,efonte,ULES00502/ai_upscaled/others/32_32/00000000fa35c64b7cb5de51.png,transparency_mask_changed
00000000e7a29b25f5bb4e52,efonte,ULES00502/ai_upscaled/others/32_32/00000000e7a29b25e07b782f.png,transparency_mask_changed
000000008bc4c09a02b693a1,efonte,ULES00502/ai_upscaled/others/64_64/000000008bc4c09abf9fd082.png,opaque_original_became_translucent
00000000f7938dcfdc695015,efonte,ULES00502/ai_upscaled/others/128_128/00000000f7938dcf44efe55a.png,opaque_original_became_translucent
000000000da90533118fa5b3,efonte,ULES00502/ai_upscaled/others/64_64/000000000da905335f8e2da2.png,opaque_original_became_translucent
00000000fae32aa517ef0a99,efonte,ULES00502/ai_upscaled/others/64_64/00000000fae32aa5443701c0.png,opaque_original_became_translucent
00000000eaff4bf800000000,efonte,ULES00502/ai_upscaled/others/8_8/04949fa8/00000000eaff4bf804949fa8.png,wildcard_key_not_safe_for_addon | opaque_original_became_translucent
0000000045b345c2b4d76116,efonte,ULES00502/ai_upscaled/others/32_64/0000000045b345c2228401a9.png,opaque_original_became_translucent
000000009cd4ca6eea87ec73,efonte,ULES00502/ai_upscaled/others/128_128/000000009cd4ca6e63dcc406.png,opaque_original_became_translucent
00000000eb20312500000000,efonte,ULES00502/ai_upscaled/others/8_8/04949fa8/00000000eb20312504949fa8.png,wildcard_key_not_safe_for_addon | opaque_original_became_translucent
000000007aeeca4900000000,efonte,ULES00502/ai_upscaled/others/8_8/04949fa8/000000007aeeca4904949fa8.png,wildcard_key_not_safe_for_addon | opaque_original_became_translucent
000000008985c3cb00000000,efonte,ULES00502/ai_upscaled/others/8_8/04949fa8/000000008985c3cb04949fa8.png,wildcard_key_not_safe_for_addon | opaque_original_became_translucent
0000000085c328e400000000,efonte,ULES00502/ai_upscaled/others/8_8/04949fa8/0000000085c328e404949fa8.png,wildcard_key_not_safe_for_addon | opaque_original_became_translucent
0000000052decc8600000000,efonte,ULES00502/ai_upscaled/others/8_8/04949fa8/0000000052decc8604949fa8.png,wildcard_key_not_safe_for_addon | opaque_original_became_translucent
000000007a9054ec00000000,efonte,ULES00502/ai_upscaled/others/8_8/04949fa8/000000007a9054ec04949fa8.png,wildcard_key_not_safe_for_addon | opaque_original_became_translucent
00000000ff1c9a7e0a49b074,efonte,ULES00502/ai_upscaled/others/64_64/00000000ff1c9a7eeec48d74.png,opaque_original_became_translucent
000000005ab3309dece12156,efonte,ULES00502/ai_upscaled/others/64_64/000000005ab3309d13f192d2.png,opaque_original_became_translucent
000000009a869cf44c587219,efonte,ULES00502/ai_upscaled/others/64_64/000000009a869cf4526b9b08.png,opaque_original_became_translucent
0000000045fad3c21cd24e42,efonte,ULES00502/ai_upscaled/others/64_64/0000000045fad3c2c0ea6d8d.png,opaque_original_became_translucent
000000006f427a6e30bc9338,efonte,ULES00502/ai_upscaled/others/32_32/000000006f427a6e2d025dfa.png,opaque_original_became_translucent
00000000cf5a89b89106e7dd,efonte,ULES00502/ai_upscaled/others/64_64/00000000cf5a89b806263773.png,opaque_original_became_translucent
00000000d6582e3f241b17c2,efonte,ULES00502/ai_upscaled/others/64_64/00000000d6582e3f2c08df51.png,opaque_original_became_translucent
0000000077f030cac8243bad,efonte,ULES00502/ai_upscaled/others/32_16/0000000077f030ca9d483ea8.png,opaque_original_became_translucent
000000007b9fef923c080b16,efonte,ULES00502/ai_upscaled/others/32_32/000000007b9fef922f1f6077.png,opaque_original_became_translucent
000000003bf9fd4cca46fdc6,efonte,ULES00502/ai_upscaled/others/64_64/000000003bf9fd4c7dbd4150.png,opaque_original_became_translucent
00000000c55eee1db1be9ebd,efonte,ULES00502/ai_upscaled/others/64_64/00000000c55eee1d7eec70b9.png,opaque_original_became_translucent
0000000065be551312a047a3,efonte,ULES00502/ai_upscaled/others/64_64/0000000065be55134faf85e7.png,opaque_original_became_translucent
00000000be133854befacaa5,efonte,ULES00502/ai_upscaled/others/32_32/00000000be133854487d8ea8.png,transparency_mask_changed
0000000004cd17ffa55a1110,efonte,ULES00502/ai_upscaled/others/64_64/0000000004cd17ffd7a5e391.png,opaque_original_became_translucent
00000000c39f2d387fdd77be,efonte,ULES00502/ai_upscaled/others/32_32/00000000c39f2d3822e7be9e.png,opaque_original_became_translucent
00000000bda1970ddeba2d9c,efonte,ULES00502/ai_upscaled/map/00000000bda1970da6aa2f27.png,
00000000eb2f37547dd71d28,efonte,ULES00502/ai_upscaled/map/00000000eb2f3754d1862293.png,alpha_range_reduced
00000000d4037395d0fb1649,efonte,ULES00502/ai_upscaled/map/00000000d40373950137179d.png,alpha_range_reduced
00000000ce57706d6e214404,efonte,ULES00502/ai_upscaled/map/00000000ce57706d6343ec61.png,
00000000f5d16a343f36039c,efonte,ULES00502/ai_upscaled/map/00000000f5d16a344f0aca1d.png,
00000000ea1badf4eb394b99,efonte,ULES00502/ai_upscaled/map/00000000ea1badf48123c2b6.png,transparency_mask_changed
000000008f89a3a8c9dca0df,efonte,ULES00502/ai_upscaled/map/000000008f89a3a8ab5131e3.png,alpha_range_reduced | transparency_mask_changed
000000003d93f4106ea28df2,efonte,ULES00502/ai_upscaled/map/000000003d93f410c761fd66.png,alpha_range_reduced
000000006d56239a626187df,efonte,ULES00502/ai_upscaled/map/000000006d56239a5ca2003f.png,opaque_interiors_lost_opacity
00000000f50b3a6f1ac51255,efonte,ULES00502/ai_upscaled/map/00000000f50b3a6f9df0dec7.png,opaque_interiors_lost_opacity
0000000050292b925181635b,efonte,ULES00502/ai_upscaled/map/0000000050292b9270869655.png,opaque_interiors_lost_opacity
000000003ac7496fb77191e1,efonte,ULES00502/ai_upscaled/map/000000003ac7496f1a56a10a.png,transparency_mask_changed
000000000fb284482e1bd72b,efonte,ULES00502/ai_upscaled/map/000000000fb284483713c077.png,opaque_interiors_lost_opacity
00000000aeafe9d7bb8c2d09,efonte,ULES00502/ai_upscaled/map/00000000aeafe9d7ab16eb2e.png,opaque_interiors_lost_opacity
00000000b7faa5f5413cbd4d,efonte,ULES00502/ai_upscaled/map/00000000b7faa5f506e5ba5b.png,transparency_mask_changed
000000001bb3d28b82e6c9f9,efonte,ULES00502/ai_upscaled/map/000000001bb3d28b912abde5.png,alpha_range_reduced
0000000074fab16ade1dd567,efonte,ULES00502/ai_upscaled/map/0000000074fab16a8aa80c4b.png,opaque_interiors_lost_opacity
0000000089af105a893f3eea,efonte,ULES00502/ai_upscaled/map/0000000089af105ad4bdfded.png,opaque_interiors_lost_opacity
000000007819538b93194898,efonte,ULES00502/ai_upscaled/map/000000007819538bc8fbb79a.png,
00000000304c3cd167ca4ced,efonte,ULES00502/ai_upscaled/map/00000000304c3cd1b90b0f3b.png,alpha_range_reduced | transparency_mask_changed
00000000be7fb78e81ad774c,efonte,ULES00502/ai_upscaled/map/00000000be7fb78e1dd96c54.png,alpha_range_reduced | transparency_mask_changed
0000000075d48265f6a4d9b6,efonte,ULES00502/ai_upscaled/map/0000000075d4826518060066.png,opaque_interiors_lost_opacity
00000000ff3a34df4210895e,efonte,ULES00502/ai_upscaled/map/00000000ff3a34dfa534e3fb.png,transparency_mask_changed
00000000087037148ab58286,efonte,ULES00502/ai_upscaled/map/000000000870371440c07f28.png,opaque_interiors_lost_opacity
00000000969775f408402b1b,efonte,ULES00502/ai_upscaled/map/00000000969775f474250745.png,opaque_interiors_lost_opacity
00000000d53d892037491974,efonte,ULES00502/ai_upscaled/map/00000000d53d89209714b5e2.png,transparency_mask_changed
0000000082df81fdae8d522a,efonte,ULES00502/ai_upscaled/map/0000000082df81fd8eed88b9.png,transparency_mask_changed
00000000593f0e48616c9c22,efonte,ULES00502/ai_upscaled/map/00000000593f0e4882728557.png,opaque_interiors_lost_opacity
0000000057f0a070b9dd338c,efonte,ULES00502/ai_upscaled/map/0000000057f0a0701d85b5dd.png,alpha_range_reduced | transparency_mask_changed
000000009e663a0c09ae19e4,efonte,ULES00502/ai_upscaled/map/000000009e663a0c203fcfbb.png,opaque_interiors_lost_opacity
0000000011dd5b8caddbf795,efonte,ULES00502/ai_upscaled/map/0000000011dd5b8ceb7faa56.png,opaque_interiors_lost_opacity
000000000c30158f2a6653b8,efonte,ULES00502/ai_upscaled/map/000000000c30158f73493f1b.png,transparency_mask_changed
00000000a70d1636d98c494d,efonte,ULES00502/ai_upscaled/map/00000000a70d1636547f3078.png,alpha_range_reduced | transparency_mask_changed
00000000f90efe3efa3aea10,efonte,ULES00502/ai_upscaled/map/00000000f90efe3e7e4ae64a.png,opaque_interiors_lost_opacity
000000003e78ef977b70e734,efonte,ULES00502/ai_upscaled/map/000000003e78ef971d2ae848.png,alpha_range_reduced | transparency_mask_changed
0000000014e2b63553aa74d1,efonte,ULES00502/ai_upscaled/map/0000000014e2b6359f67dc05.png,alpha_range_reduced
000000000b7abdfa64e97f1c,efonte,ULES00502/ai_upscaled/map/000000000b7abdfab2da1e80.png,opaque_interiors_lost_opacity
000000005d1b30f308bd639f,efonte,ULES00502/ai_upscaled/map/000000005d1b30f38e58117e.png,alpha_range_reduced | transparency_mask_changed
00000000ad1ad5c3e6f6321a,efonte,ULES00502/ai_upscaled/map/00000000ad1ad5c38997dbb3.png,alpha_range_reduced
000000008fd2ed430c927c8f,efonte,ULES00502/ai_upscaled/map/000000008fd2ed43305d4a8a.png,alpha_range_reduced
00000000aedbdc4a498dd52e,efonte,ULES00502/ai_upscaled/map/00000000aedbdc4ae8191e8e.png,alpha_range_reduced
00000000cc09d7baae9fea9a,efonte,ULES00502/ai_upscaled/map/00000000cc09d7bae29f1e30.png,
00000000f3002d8ffc56fd6f,efonte,ULES00502/ai_upscaled/map/00000000f3002d8f8eaefb74.png,opaque_interiors_lost_opacity
0000000013463dabf5d3e73b,efonte,ULES00502/ai_upscaled/characters/0000000013463dab30e8d804.png,opaque_original_became_translucent
0000000022d7b253bfbfd7d9,efonte,ULES00502/ai_upscaled/others/64_128/0000000022d7b253495bc3ed.png,opaque_original_became_translucent
0000000075015d66328b65db,efonte,ULES00502/ai_upscaled/others/64_128/0000000075015d66d7a47cdd.png,opaque_original_became_translucent
000000005e426dcb94e12469,efonte,ULES00502/ai_upscaled/others/64_64/000000005e426dcb273b167d.png,opaque_original_became_translucent
00000000000b1ce5ec6d9556,efonte,ULES00502/ai_upscaled/others/64_64/00000000000b1ce5d6be99f4.png,opaque_original_became_translucent
000000003a46a6fbb15c02e9,efonte,ULES00502/ai_upscaled/others/128_128/000000003a46a6fbcfe3efcd.png,opaque_original_became_translucent
000000008392aa9d469dfd63,efonte,ULES00502/ai_upscaled/others/128_128/000000008392aa9d540a3f49.png,opaque_original_became_translucent
00000000afc3dab2f5d3e73b,efonte,ULES00502/ai_upscaled/characters/00000000afc3dab230e8d804.png,opaque_original_became_translucent
0000000087f143889d7adef1,efonte,ULES00502/ai_upscaled/characters/0000000087f143880661aed6.png,opaque_original_became_translucent
000000004db2866816391054,efonte,ULES00502/ai_upscaled/characters/000000004db28668c6c72b89.png,opaque_original_became_translucent
000000003e7425aa6ce9ca22,efonte,ULES00502/ai_upscaled/characters/clothes/000000003e7425aab21f808d.png,opaque_original_became_translucent
00000000c6554fd82fd71a87,efonte,ULES00502/ai_upscaled/characters/clothes/00000000c6554fd83d2c28fc.png,opaque_original_became_translucent
00000000c6554fd801dda013,efonte,ULES00502/ai_upscaled/characters/clothes/00000000c6554fd83cadb3a9.png,opaque_original_became_translucent
00000000ab7acf870cb4dfad,efonte,ULES00502/ai_upscaled/characters/00000000ab7acf87b10ecc15.png,opaque_original_became_translucent
0000000076978b534581b072,efonte,ULES00502/ai_upscaled/characters/clothes/0000000076978b530706d057.png,opaque_original_became_translucent
000000006ac4249e9cc432e6,efonte,ULES00502/ai_upscaled/characters/000000006ac4249e31e91b93.png,opaque_original_became_translucent
000000004d467f8a8e58a289,efonte,ULES00502/ai_upscaled/characters/000000004d467f8a58e9bfd0.png,opaque_original_became_translucent
000000008d4ab6cb3a37a516,efonte,ULES00502/ai_upscaled/characters/000000008d4ab6cb50725960.png,opaque_original_became_translucent
0000000046b196f642701d40,efonte,ULES00502/ai_upscaled/characters/clothes/0000000046b196f67d8d48d9.png,opaque_original_became_translucent
000000005e369d6fe92c0c7c,efonte,ULES00502/ai_upscaled/others/128_128/000000005e369d6f7a730c9b.png,opaque_original_became_translucent
0000000058f492f7fb51be3b,efonte,ULES00502/ai_upscaled/characters/0000000058f492f77ddb2034.png,opaque_original_became_translucent
00000000ada271895f189128,efonte,ULES00502/ai_upscaled/characters/00000000ada2718998f8e9ea.png,opaque_original_became_translucent
000000009c458aeb4dbe20b9,efonte,ULES00502/ai_upscaled/characters/000000009c458aeb7e49b91d.png,opaque_original_became_translucent
0000000093cd64af1f9ee9ab,efonte,ULES00502/ai_upscaled/characters/0000000093cd64afaf6a8ee6.png,opaque_original_became_translucent
00000000f5c2bff322cb5519,efonte,ULES00502/ai_upscaled/characters/00000000f5c2bff31f383783.png,opaque_original_became_translucent
000000006336739ac7920525,efonte,ULES00502/ai_upscaled/others/64_128/000000006336739a55a2960e.png,opaque_original_became_translucent
00000000dffa5e23fba49224,efonte,ULES00502/ai_upscaled/characters/clothes/00000000dffa5e2319cf9c1b.png,opaque_original_became_translucent
000000000bf5326f099f566b,efonte,ULES00502/ai_upscaled/characters/clothes/000000000bf5326ffa87e231.png,opaque_original_became_translucent
000000003ffd4ebce362a882,efonte,ULES00502/ai_upscaled/characters/000000003ffd4ebc96e10924.png,opaque_original_became_translucent
00000000929feb4f0e157ced,efonte,ULES00502/ai_upscaled/characters/00000000929feb4f191d045b.png,opaque_original_became_translucent
000000002565efafa9cc8c21,efonte,ULES00502/ai_upscaled/characters/000000002565efaf637e7426.png,opaque_original_became_translucent
00000000afa4c7ab6f70d3b1,efonte,ULES00502/ai_upscaled/characters/00000000afa4c7ab7bf9e196.png,opaque_original_became_translucent
00000000d58f2f98efd5f506,efonte,ULES00502/ai_upscaled/characters/00000000d58f2f98322ff1e0.png,opaque_original_became_translucent
00000000224f551aca7331fe,efonte,ULES00502/ai_upscaled/characters/00000000224f551a0af80510.png,opaque_original_became_translucent
00000000bc76a54d8b0ca359,efonte,ULES00502/ai_upscaled/others/64_64/00000000bc76a54dbe823270.png,opaque_original_became_translucent
000000004734986c5a91581c,efonte,ULES00502/ai_upscaled/others/64_64/000000004734986cc814ebc0.png,opaque_original_became_translucent
0000000012fd9700721f0792,efonte,ULES00502/ai_upscaled/others/32_16/0000000012fd970032159cbc.png,opaque_original_became_translucent
000000003f3fc1bdbd6f46ed,efonte,ULES00502/ai_upscaled/others/128_128/000000003f3fc1bdf7872b7f.png,opaque_original_became_translucent
00000000b88d52b6e82d9fa8,efonte,ULES00502/ai_upscaled/characters/00000000b88d52b61b4ecb4c.png,opaque_original_became_translucent
00000000217fa801712c74f1,efonte,ULES00502/ai_upscaled/characters/00000000217fa80189b7462d.png,opaque_original_became_translucent
00000000078d5682561b0fee,efonte,ULES00502/ai_upscaled/others/128_128/00000000078d5682e2aadb73.png,opaque_original_became_translucent
00000000e7e4b5ad6473be5a,efonte,ULES00502/ai_upscaled/characters/clothes/00000000e7e4b5ad0718c112.png,opaque_original_became_translucent
00000000967f893c9034f36a,efonte,ULES00502/ai_upscaled/texts/00000000967f893c9b86c54a.png,opaque_original_became_translucent
000000005356d4f7a7a5473c,efonte,ULES00502/ai_upscaled/characters/000000005356d4f7e6b1b6eb.png,opaque_original_became_translucent
000000003059d90278b5e952,efonte,ULES00502/ai_upscaled/characters/000000003059d90249e84a62.png,opaque_original_became_translucent
00000000d33c106a4ea4c91a,efonte,ULES00502/ai_upscaled/characters/00000000d33c106a6d696fdc.png,opaque_original_became_translucent
00000000e0d137d90b1c2469,efonte,ULES00502/ai_upscaled/characters/00000000e0d137d9e3f648b3.png,opaque_original_became_translucent
000000007a843b082f288f0d,efonte,ULES00502/ai_upscaled/others/32_16/cfc5bdcc/000000007a843b08cfc5bdcc.png,opaque_original_became_translucent
000000004d1a0d154ea4c91a,efonte,ULES00502/ai_upscaled/characters/000000004d1a0d156d696fdc.png,opaque_original_became_translucent
000000001adf6f7d16391054,efonte,ULES00502/ai_upscaled/characters/000000001adf6f7dc6c72b89.png,opaque_original_became_translucent
000000001ec75404afec1faa,efonte,ULES00502/ai_upscaled/characters/clothes/000000001ec75404d7e099d5.png,opaque_original_became_translucent
00000000ff724c4699ff0c5b,efonte,ULES00502/ai_upscaled/others/32_16/00000000ff724c46a7155fec.png,opaque_original_became_translucent
00000000c624380cb3080912,efonte,ULES00502/ai_upscaled/characters/clothes/00000000c624380c9c1aea9b.png,opaque_original_became_translucent
00000000139b58744fc3a868,efonte,ULES00502/ai_upscaled/characters/clothes/00000000139b587486deea10.png,opaque_original_became_translucent
0000000059e21d2e819a854f,efonte,ULES00502/ai_upscaled/characters/0000000059e21d2ed74e4d04.png,opaque_original_became_translucent
000000006217951ea8489289,efonte,ULES00502/ai_upscaled/characters/clothes/000000006217951e73ec0f4d.png,opaque_original_became_translucent
000000006bedd2c6d6881fd3,efonte,ULES00502/ai_upscaled/characters/000000006bedd2c6184c144b.png,opaque_original_became_translucent
0000000067e62d0dd86845fd,efonte,ULES00502/ai_upscaled/others/64_32/0000000067e62d0de88dbd78.png,opaque_original_became_translucent
0000000077311d7ea08e7762,efonte,ULES00502/ai_upscaled/characters/clothes/0000000077311d7ee4f6231a.png,opaque_original_became_translucent
000000006099db2b8e2bbb49,efonte,ULES00502/ai_upscaled/characters/clothes/000000006099db2b6bb40ad2.png,opaque_original_became_translucent
000000004d3a2ed68cde278c,efonte,ULES00502/ai_upscaled/characters/000000004d3a2ed6e38aa062.png,opaque_original_became_translucent
00000000bf69ff84123b7a4a,efonte,ULES00502/ai_upscaled/characters/00000000bf69ff8436d9ab8f.png,opaque_original_became_translucent
000000006a61b03f3b9ce69f,efonte,ULES00502/ai_upscaled/characters/000000006a61b03fbcca8d24.png,opaque_original_became_translucent
000000005c00de6d2f288f0d,efonte,ULES00502/ai_upscaled/others/32_16/cfc5bdcc/000000005c00de6dcfc5bdcc.png,opaque_original_became_translucent
000000000888f413f66fec69,efonte,ULES00502/ai_upscaled/characters/000000000888f41315c38629.png,opaque_original_became_translucent
000000002764105b29c5857e,efonte,ULES00502/ai_upscaled/characters/000000002764105b83baa4fa.png,opaque_original_became_translucent
00000000baad675087d3970e,efonte,ULES00502/ai_upscaled/others/64_64/00000000baad67506c93c9f7.png,opaque_original_became_translucent
00000000e8b8425343c8496f,efonte,ULES00502/ai_upscaled/others/64_64/00000000e8b84253ee5826fc.png,opaque_original_became_translucent
0000000084e7289efeee0ba9,efonte,ULES00502/ai_upscaled/characters/0000000084e7289ede2f346b.png,opaque_original_became_translucent
000000008d4b2fe7dd94f4e1,efonte,ULES00502/ai_upscaled/others/128_128/000000008d4b2fe7db50992d.png,opaque_original_became_translucent
000000006555e51ac4addd72,efonte,ULES00502/ai_upscaled/characters/000000006555e51a4fd94bd6.png,opaque_original_became_translucent
000000002ef549bf966699b4,efonte,ULES00502/ai_upscaled/others/128_32/000000002ef549bff98b22f6.png,insufficient_visible_detail_beyond_resize
0000000043b64993f66fec69,efonte,ULES00502/ai_upscaled/characters/0000000043b6499315c38629.png,opaque_original_became_translucent
000000004424b5f929c5857e,efonte,ULES00502/ai_upscaled/characters/000000004424b5f983baa4fa.png,opaque_original_became_translucent
00000000fbbb06c742f1e634,efonte,ULES00502/ai_upscaled/others/128_128/00000000fbbb06c761947da9.png,opaque_original_became_translucent
000000003ef9dcb2d9cc6b0d,efonte,ULES00502/ai_upscaled/others/64_64/000000003ef9dcb20cf75f5d.png,opaque_original_became_translucent
00000000a836d462dcce6e07,efonte,ULES00502/ai_upscaled/characters/00000000a836d462cee509e1.png,opaque_original_became_translucent
00000000c38a7439e6b87c75,efonte,ULES00502/ai_upscaled/characters/clothes/00000000c38a7439394c1f51.png,opaque_original_became_translucent
00000000d03959ce20e5f86f,efonte,ULES00502/ai_upscaled/characters/00000000d03959ce73e4301c.png,opaque_original_became_translucent
000000003f695ee2789c505b,efonte,ULES00502/ai_upscaled/others/64_64/000000003f695ee2a45f689b.png,opaque_original_became_translucent
00000000126c4ff330835048,efonte,ULES00502/ai_upscaled/characters/00000000126c4ff3930c2a4b.png,opaque_original_became_translucent
000000008d3b8b86b647a34c,efonte,ULES00502/ai_upscaled/characters/clothes/000000008d3b8b86bac9ba8d.png,opaque_original_became_translucent
00000000f5674b7e68a2fabb,efonte,ULES00502/ai_upscaled/characters/clothes/00000000f5674b7e824241d1.png,opaque_original_became_translucent
00000000e941794c5aa71ce2,efonte,ULES00502/ai_upscaled/others/128_128/00000000e941794c037687a1.png,opaque_original_became_translucent
000000000d385332571d081d,efonte,ULES00502/ai_upscaled/others/128_128/000000000d3853322afb16f4.png,opaque_original_became_translucent
00000000755feec3a7d9e5c2,efonte,ULES00502/ai_upscaled/characters/00000000755feec3b5dba5c2.png,opaque_original_became_translucent
000000008a4020bcaa230823,efonte,ULES00502/ai_upscaled/characters/000000008a4020bc85be7080.png,opaque_original_became_translucent
00000000b6c7d7475a31f52e,efonte,ULES00502/ai_upscaled/others/64_128/00000000b6c7d7471ec33a5c.png,opaque_original_became_translucent
00000000d699608373a66371,efonte,ULES00502/ai_upscaled/others/64_64/00000000d6996083c0411b10.png,opaque_original_became_translucent
00000000cab034f945681f07,efonte,ULES00502/ai_upscaled/characters/00000000cab034f93c1db7c0.png,opaque_original_became_translucent
00000000d4c93cb29f1d3c97,efonte,ULES00502/ai_upscaled/characters/clothes/00000000d4c93cb28d75e67a.png,opaque_original_became_translucent
0000000057370ef840f3f654,efonte,ULES00502/ai_upscaled/characters/0000000057370ef8ca5d1937.png,opaque_original_became_translucent
00000000c5a3bbfea3258a02,efonte,ULES00502/ai_upscaled/characters/00000000c5a3bbfe81c595c3.png,opaque_original_became_translucent
000000009b49b521583479a3,efonte,ULES00502/ai_upscaled/others/64_64/000000009b49b5212ef1c43b.png,opaque_original_became_translucent
00000000a482b3f052341e1f,efonte,ULES00502/ai_upscaled/characters/clothes/00000000a482b3f0453515eb.png,opaque_original_became_translucent
000000008f4f3403284d329a,efonte,ULES00502/ai_upscaled/others/16_32/000000008f4f34038ab5fe62.png,opaque_original_became_translucent
000000005577bc54fb51be3b,efonte,ULES00502/ai_upscaled/characters/000000005577bc547ddb2034.png,opaque_original_became_translucent
00000000934280524dbe20b9,efonte,ULES00502/ai_upscaled/characters/00000000934280527e49b91d.png,opaque_original_became_translucent
00000000e7a68cad30eb382d,efonte,ULES00502/ai_upscaled/others/128_128/00000000e7a68cad28f1b1f4.png,opaque_original_became_translucent
00000000d9efab6960b9b23f,efonte,ULES00502/ai_upscaled/characters/00000000d9efab690d42648b.png,opaque_original_became_translucent
00000000929557ac639311af,efonte,ULES00502/ai_upscaled/characters/00000000929557acc7131a3f.png,opaque_original_became_translucent
0000000062e4d3e2918c758b,efonte,ULES00502/ai_upscaled/characters/0000000062e4d3e23df26732.png,opaque_original_became_translucent
000000002de7a8fa093f5a75,efonte,ULES00502/ai_upscaled/characters/000000002de7a8fa0d07904b.png,opaque_original_became_translucent
000000005c59bbdcbb0764cd,efonte,ULES00502/ai_upscaled/characters/clothes/000000005c59bbdc583d6056.png,opaque_original_became_translucent
0000000068f2ceec42d914e5,efonte,ULES00502/ai_upscaled/characters/clothes/0000000068f2ceec5e5202f4.png,opaque_original_became_translucent
000000005397efd1b22fd802,efonte,ULES00502/ai_upscaled/others/16_16/000000005397efd1323c298e.png,opaque_original_became_translucent
00000000e578e97ffdbb1528,efonte,ULES00502/ai_upscaled/others/128_128/00000000e578e97f6ca29770.png,opaque_original_became_translucent
00000000202ec9e4214cf2fa,efonte,ULES00502/ai_upscaled/characters/clothes/00000000202ec9e46ad85982.png,opaque_original_became_translucent
000000004c34799d16b4c3c4,efonte,ULES00502/ai_upscaled/characters/000000004c34799d714b2c43.png,opaque_original_became_translucent
00000000b500f15fd948b88b,efonte,ULES00502/ai_upscaled/characters/00000000b500f15f9b95ec50.png,opaque_original_became_translucent
00000000446eda78ce1f3341,efonte,ULES00502/ai_upscaled/characters/00000000446eda78e6746579.png,opaque_original_became_translucent
000000004cab2477fba4b2da,efonte,ULES00502/ai_upscaled/others/128_128/000000004cab247736db70e8.png,opaque_original_became_translucent
00000000dd47f485b64f02a3,efonte,ULES00502/ai_upscaled/characters/00000000dd47f48515269867.png,opaque_original_became_translucent
000000006e00e7b19ef01df6,efonte,ULES00502/ai_upscaled/others/64_64/000000006e00e7b1d5c6fec2.png,opaque_original_became_translucent
000000008d611f17b8ef1361,efonte,ULES00502/ai_upscaled/characters/clothes/000000008d611f17e16db722.png,opaque_original_became_translucent
00000000b628084f093f5a75,efonte,ULES00502/ai_upscaled/characters/00000000b628084f0d07904b.png,opaque_original_became_translucent
00000000b1f7e0b95eae7e21,efonte,ULES00502/ai_upscaled/others/128_128/00000000b1f7e0b957d2c270.png,opaque_original_became_translucent
00000000eb07b8140e6bcf8e,efonte,ULES00502/ai_upscaled/characters/00000000eb07b8145e1d157f.png,opaque_original_became_translucent
000000004d9d1bc87118230a,efonte,ULES00502/ai_upscaled/others/128_128/000000004d9d1bc8e509e837.png,opaque_original_became_translucent
0000000048b5d44be9bb00c7,efonte,ULES00502/ai_upscaled/characters/clothes/0000000048b5d44b1cc05190.png,opaque_original_became_translucent
000000001e15db2d983b1f1c,efonte,ULES00502/ai_upscaled/others/64_64/000000001e15db2d377c9650.png,opaque_original_became_translucent
00000000f3b19ff71092f1dc,efonte,ULES00502/ai_upscaled/characters/clothes/00000000f3b19ff79f3d8a23.png,opaque_original_became_translucent
0000000071728bfa276c53e4,efonte,ULES00502/ai_upscaled/characters/0000000071728bfa9dedcc27.png,opaque_original_became_translucent
0000000028cf22eb72995ad9,efonte,ULES00502/ai_upscaled/others/64_64/0000000028cf22eb38e8752e.png,transparency_mask_changed
00000000be029fa2d9450f75,efonte,ULES00502/ai_upscaled/others/32_16/00000000be029fa2e74eb476.png,opaque_original_became_translucent
000000002ed23221a96ec1c3,efonte,ULES00502/ai_upscaled/characters/clothes/000000002ed23221bbf4e0c9.png,opaque_original_became_translucent
00000000c988419335e8d03d,efonte,ULES00502/ai_upscaled/others/128_128/00000000c9884193d11ecc4e.png,opaque_original_became_translucent
000000006b2bedb5f0f5d72e,efonte,ULES00502/ai_upscaled/characters/000000006b2bedb54c0da6bd.png,opaque_original_became_translucent
00000000f064ee92c9ff84ef,efonte,ULES00502/ai_upscaled/characters/00000000f064ee92ceeeb3d7.png,opaque_original_became_translucent
00000000a52167445b06e859,efonte,ULES00502/ai_upscaled/characters/00000000a5216744a3256859.png,opaque_original_became_translucent
00000000f2b92277c7e70d25,efonte,ULES00502/ai_upscaled/characters/00000000f2b92277ea4d199a.png,opaque_original_became_translucent
000000007a49c7a446f07b5a,efonte,ULES00502/ai_upscaled/others/16_32/000000007a49c7a4da20dad0.png,opaque_original_became_translucent
00000000596e6c7e8a7d5036,efonte,ULES00502/ai_upscaled/characters/clothes/00000000596e6c7e364016f7.png,opaque_original_became_translucent
00000000ae5932b9864637ac,efonte,ULES00502/ai_upscaled/characters/clothes/00000000ae5932b98b551f03.png,opaque_original_became_translucent
0000000069acb4476569d944,efonte,ULES00502/ai_upscaled/characters/0000000069acb44794f02256.png,opaque_original_became_translucent
0000000065b55837c094daa0,efonte,ULES00502/ai_upscaled/characters/0000000065b558379f1ce6d8.png,opaque_original_became_translucent
0000000088a7720052ba209a,efonte,ULES00502/ai_upscaled/characters/0000000088a77200227cb83d.png,opaque_original_became_translucent
000000006eadae31f6a6dc41,efonte,ULES00502/ai_upscaled/characters/000000006eadae3125a88a9a.png,opaque_original_became_translucent
000000003471ee03e4cde5fe,efonte,ULES00502/ai_upscaled/others/64_64/000000003471ee03245615a6.png,opaque_original_became_translucent
000000004ceddca66e6ecb7b,efonte,ULES00502/ai_upscaled/characters/000000004ceddca60d2c90a4.png,opaque_original_became_translucent
00000000c6deeabeb3796cad,efonte,ULES00502/ai_upscaled/characters/00000000c6deeabe87b1ec30.png,opaque_original_became_translucent
00000000b895bdc29c9bba7b,efonte,ULES00502/ai_upscaled/characters/clothes/00000000b895bdc2a8eb7355.png,opaque_original_became_translucent
0000000049350cdce6f59c62,efonte,ULES00502/ai_upscaled/characters/0000000049350cdc049285f9.png,opaque_original_became_translucent
000000002b318f4645fee037,efonte,ULES00502/ai_upscaled/models/vehicles/128_128/000000002b318f4672330d38.png,opaque_original_became_translucent
000000006834891430769787,efonte,ULES00502/ai_upscaled/others/64_32/00000000683489141a1d5d5c.png,opaque_original_became_translucent
00000000c2375047e6a62596,efonte,ULES00502/ai_upscaled/others/16_16/00000000c23750470f248c07.png,opaque_original_became_translucent
00000000e5f84dd0837f452c,efonte,ULES00502/ai_upscaled/others/64_64/00000000e5f84dd07a690fbf.png,opaque_original_became_translucent
000000007cab4be83c8c0ecb,efonte,ULES00502/ai_upscaled/characters/000000007cab4be8388a1144.png,opaque_original_became_translucent
000000004b4cbe672ef443a2,efonte,ULES00502/ai_upscaled/others/32_64/000000004b4cbe6765c5122a.png,opaque_original_became_translucent
00000000d02198b5e48fd312,efonte,ULES00502/ai_upscaled/models/weapons/00000000d02198b50c08bde0.png,opaque_original_became_translucent
000000007aae9d8f9616730b,efonte,ULES00502/ai_upscaled/others/64_64/000000007aae9d8f4bdd90e2.png,opaque_original_became_translucent
00000000aaa4630848469a24,efonte,ULES00502/ai_upscaled/others/64_64/00000000aaa46308133097ed.png,transparency_mask_changed
00000000d6e8591210d8e6c1,efonte,ULES00502/ai_upscaled/texts/00000000d6e85912988c0720.png,transparency_mask_changed
0000000056e812f85200e5d8,efonte,ULES00502/ai_upscaled/others/128_64/0000000056e812f8bef96afe.png,opaque_original_became_translucent
000000002961a46b428e5bf1,efonte,ULES00502/ai_upscaled/others/64_64/000000002961a46b173e3775.png,opaque_original_became_translucent
000000001254b589b379441d,efonte,ULES00502/ai_upscaled/others/128_128/000000001254b58960d81d0d.png,opaque_original_became_translucent
00000000abdb4bce58e78a47,efonte,ULES00502/ai_upscaled/others/128_128/00000000abdb4bced6fe6ba4.png,opaque_original_became_translucent
00000000cdb20c8677662895,efonte,ULES00502/ai_upscaled/others/64_32/00000000cdb20c86a8022ac2.png,opaque_original_became_translucent
00000000d08b4fcfb6b412ad,efonte,ULES00502/ai_upscaled/others/32_32/00000000d08b4fcf6fa5bf36.png,opaque_original_became_translucent
00000000271cae16f4d9214e,efonte,ULES00502/ai_upscaled/others/128_128/00000000271cae166f193c0a.png,opaque_original_became_translucent
00000000c38bc700c27f6dd6,efonte,ULES00502/ai_upscaled/others/32_32/00000000c38bc700d431f12a.png,opaque_original_became_translucent
00000000df278e9a5598f9e5,efonte,ULES00502/ai_upscaled/others/32_32/00000000df278e9a962d3f29.png,opaque_original_became_translucent
00000000af55c9d931e8b1b9,efonte,ULES00502/ai_upscaled/others/128_128/00000000af55c9d97386f7cf.png,opaque_original_became_translucent
0000000073465106fb90b74b,efonte,ULES00502/ai_upscaled/models/vehicles/128_128/0000000073465106a4ad6ef9.png,opaque_original_became_translucent
000000002111ff113561cc56,efonte,ULES00502/ai_upscaled/ui/loading/000000002111ff1151d2b1c9.png,opaque_original_became_translucent
000000006ef712520b24fb17,efonte,ULES00502/ai_upscaled/ui/loading/000000006ef71252e0d8524c.png,opaque_original_became_translucent
0000000060b9639bd7dae8bf,efonte,ULES00502/ai_upscaled/ui/loading/0000000060b9639bca73b34d.png,opaque_original_became_translucent
00000000f16aa564f83f22e8,efonte,ULES00502/ai_upscaled/ui/loading/00000000f16aa564f4b484d5.png,opaque_original_became_translucent
00000000b97cf8c46b10daab,efonte,ULES00502/ai_upscaled/ui/loading/00000000b97cf8c44c1fd165.png,opaque_original_became_translucent
000000006692e5b3356603bc,efonte,ULES00502/ai_upscaled/ui/loading/000000006692e5b3af1c6faf.png,opaque_original_became_translucent
000000009355b16b46c8250a,efonte,ULES00502/ai_upscaled/ui/loading/000000009355b16b490d20de.png,opaque_original_became_translucent
000000006a4ec7d66e7aeb51,efonte,ULES00502/ai_upscaled/ui/000000006a4ec7d6077bc1d3.png,opaque_original_became_translucent
00000000a6123a35b2783309,efonte,ULES00502/ai_upscaled/texts/00000000a6123a35cc963be9.png,opaque_interiors_lost_opacity
00000000c1afad85e3fdaffe,efonte,ULES00502/ai_upscaled/texts/00000000c1afad8560ac9493.png,transparency_mask_changed
000000008620e6a25ee16643,efonte,ULES00502/ai_upscaled/texts/000000008620e6a2e84e63bb.png,opaque_interiors_lost_opacity
0000000057631f1b99c479d3,efonte,ULES00502/ai_upscaled/texts/0000000057631f1ba1b24cdd.png,transparency_mask_changed
00000000cd593c7ed4b465ff,efonte,ULES00502/ai_upscaled/texts/00000000cd593c7e33c1ad3b.png,
0000000018fbd34f84b2c05c,efonte,ULES00502/ai_upscaled/texts/0000000018fbd34f7d102a5b.png,
00000000012d62e6060235f0,efonte,ULES00502/ai_upscaled/texts/00000000012d62e691864bd3.png,transparency_mask_changed
00000000175586b9dc9e62e2,efonte,ULES00502/ai_upscaled/texts/00000000175586b9aac186b1.png,opaque_interiors_lost_opacity
00000000d3bc75645a5dce93,efonte,ULES00502/ai_upscaled/texts/00000000d3bc75642d961c9e.png,transparency_mask_changed
00000000e98726e8e404736a,efonte,ULES00502/ai_upscaled/ui/00000000e98726e85a89c192.png,opaque_original_became_translucent
00000000c6507277a5679900,efonte,ULES00502/ai_upscaled/others/128_128/00000000c65072778f6a1219.png,opaque_interiors_lost_opacity
00000000577e84236256cafb,efonte,ULES00502/ai_upscaled/ui/00000000577e84239c818614.png,opaque_interiors_lost_opacity
0000000018d164d21aa57f0b,efonte,ULES00502/ai_upscaled/map/0000000018d164d2feb2e548.png,opaque_interiors_lost_opacity
00000000769d836edc1bc2c0,efonte,ULES00502/ai_upscaled/ui/english/00000000769d836e865eb754.png,opaque_original_became_translucent
000000002399df1bf0e275d8,efonte,ULES00502/ai_upscaled/ui/spanish/000000002399df1b841360a6.png,opaque_original_became_translucent
00000000252c9fb1f1bb085a,efonte,ULES00502/ai_upscaled/ui/00000000252c9fb17fd82b30.png,opaque_original_became_translucent
000000000d865d34e202d7b0,decked_psp,VCS-PSP (Europe) Texture PackUpdated16-04-2026/Main Characters Outfits/Armando Mendez Outfits/Original Remastered/000000000d865d34d7cbfdc1.png,insufficient_visible_detail_beyond_resize
0000000028fc0a1f66173c20,decked_psp,VCS-PSP (Europe) Texture PackUpdated16-04-2026/Main Characters Outfits/Armando Mendez Outfits/Original Remastered/0000000028fc0a1f3dbb8762.png,insufficient_visible_detail_beyond_resize
0000000045b9ac116cfdcc04,decked_psp,VCS-PSP (Europe) Texture PackUpdated16-04-2026/Main Characters Outfits/Armando Mendez Outfits/Original Remastered/0000000045b9ac1171f613e3.png,insufficient_visible_detail_beyond_resize
000000005bea65ce1b26b08c,decked_psp,VCS-PSP (Europe) Texture PackUpdated16-04-2026/Main Characters Outfits/Armando Mendez Outfits/Original Remastered/000000005bea65cec04038ee.png,no_material_detail_beyond_simple_resize
00000000db54fec5cb83a4b5,decked_psp,VCS-PSP (Europe) Texture PackUpdated16-04-2026/Main Characters Outfits/Armando Mendez Outfits/Original Remastered/00000000db54fec5d716529f.png,insufficient_visible_detail_beyond_resize
00000000fb117b7c7b7ca41f,decked_psp,VCS-PSP (Europe) Texture PackUpdated16-04-2026/Main Characters Outfits/Armando Mendez Outfits/Original Remastered/00000000fb117b7c54f798c5.png,no_material_detail_beyond_simple_resize
000000000d865d34e202d7b0,decked_psp,VCS-PSP (Europe) Texture PackUpdated16-04-2026/Main Characters Outfits/Armando Mendez Outfits/Outfit (2)/000000000d865d34d7cbfdc1.png,artwork_or_layout_differs_needs_manual_comparison
000000001a8eda7d45a056fb,decked_psp,VCS-PSP (Europe) Texture PackUpdated16-04-2026/Main Characters Outfits/Armando Mendez Outfits/Outfit (2)/000000001a8eda7d7521780a.png,opaque_original_became_translucent | artwork_or_layout_differs_needs_manual_comparison
0000000028fc0a1f66173c20,decked_psp,VCS-PSP (Europe) Texture PackUpdated16-04-2026/Main Characters Outfits/Armando Mendez Outfits/Outfit (2)/0000000028fc0a1f3dbb8762.png,
000000003c67d9fd70bc397e,decked_psp,VCS-PSP (Europe) Texture PackUpdated16-04-2026/Main Characters Outfits/Armando Mendez Outfits/Outfit (2)/000000003c67d9fd2cd661fa.png,aspect_ratio_changed | artwork_or_layout_differs_needs_manual_comparison
0000000045b9ac116cfdcc04,decked_psp,VCS-PSP (Europe) Texture PackUpdated16-04-2026/Main Characters Outfits/Armando Mendez Outfits/Outfit (2)/0000000045b9ac1171f613e3.png,
0000000057422eb1f5c491d3,decked_psp,VCS-PSP (Europe) Texture PackUpdated16-04-2026/Main Characters Outfits/Armando Mendez Outfits/Outfit (2)/0000000057422eb1407ca7e9.png,artwork_or_layout_differs_needs_manual_comparison
000000005bea65ce1b26b08c,decked_psp,VCS-PSP (Europe) Texture PackUpdated16-04-2026/Main Characters Outfits/Armando Mendez Outfits/Outfit (2)/000000005bea65cec04038ee.png,visual_recolor_or_changed_design | character_recolor_or_artwork_change
00000000a6759bc0b4216e04,decked_psp,VCS-PSP (Europe) Texture PackUpdated16-04-2026/Main Characters Outfits/Armando Mendez Outfits/Outfit (2)/00000000a6759bc08c2e5283.png,character_recolor_or_artwork_change
00000000db54fec5cb83a4b5,decked_psp,VCS-PSP (Europe) Texture PackUpdated16-04-2026/Main Characters Outfits/Armando Mendez Outfits/Outfit (2)/00000000db54fec5d716529f.png,artwork_or_layout_differs_needs_manual_comparison
00000000fb117b7c7b7ca41f,decked_psp,VCS-PSP (Europe) Texture PackUpdated16-04-2026/Main Characters Outfits/Armando Mendez Outfits/Outfit (2)/00000000fb117b7c54f798c5.png,visual_recolor_or_changed_design | character_recolor_or_artwork_change
000000000d865d34e202d7b0,decked_psp,VCS-PSP (Europe) Texture PackUpdated16-04-2026/Main Characters Outfits/Armando Mendez Outfits/Outfit (3)/000000000d865d34d7cbfdc1.png,character_recolor_or_artwork_change
000000001a8eda7d45a056fb,decked_psp,VCS-PSP (Europe) Texture PackUpdated16-04-2026/Main Characters Outfits/Armando Mendez Outfits/Outfit (3)/000000001a8eda7d7521780a.png,opaque_original_became_translucent | artwork_or_layout_differs_needs_manual_comparison
0000000028fc0a1f66173c20,decked_psp,VCS-PSP (Europe) Texture PackUpdated16-04-2026/Main Characters Outfits/Armando Mendez Outfits/Outfit (3)/0000000028fc0a1f3dbb8762.png,
000000003c67d9fd70bc397e,decked_psp,VCS-PSP (Europe) Texture PackUpdated16-04-2026/Main Characters Outfits/Armando Mendez Outfits/Outfit (3)/000000003c67d9fd2cd661fa.png,aspect_ratio_changed | artwork_or_layout_differs_needs_manual_comparison
0000000045b9ac116cfdcc04,decked_psp,VCS-PSP (Europe) Texture PackUpdated16-04-2026/Main Characters Outfits/Armando Mendez Outfits/Outfit (3)/0000000045b9ac1171f613e3.png,
0000000057422eb1f5c491d3,decked_psp,VCS-PSP (Europe) Texture PackUpdated16-04-2026/Main Characters Outfits/Armando Mendez Outfits/Outfit (3)/0000000057422eb1407ca7e9.png,
000000005bea65ce1b26b08c,decked_psp,VCS-PSP (Europe) Texture PackUpdated16-04-2026/Main Characters Outfits/Armando Mendez Outfits/Outfit (3)/000000005bea65cec04038ee.png,visual_recolor_or_changed_design | character_recolor_or_artwork_change
00000000a6759bc0b4216e04,decked_psp,VCS-PSP (Europe) Texture PackUpdated16-04-2026/Main Characters Outfits/Armando Mendez Outfits/Outfit (3)/00000000a6759bc08c2e5283.png,character_recolor_or_artwork_change
00000000db54fec5cb83a4b5,decked_psp,VCS-PSP (Europe) Texture PackUpdated16-04-2026/Main Characters Outfits/Armando Mendez Outfits/Outfit (3)/00000000db54fec5d716529f.png,artwork_or_layout_differs_needs_manual_comparison
00000000fb117b7c7b7ca41f,decked_psp,VCS-PSP (Europe) Texture PackUpdated16-04-2026/Main Characters Outfits/Armando Mendez Outfits/Outfit (3)/00000000fb117b7c54f798c5.png,visual_recolor_or_changed_design | character_recolor_or_artwork_change
000000000d865d34e202d7b0,decked_psp,VCS-PSP (Europe) Texture PackUpdated16-04-2026/Main Characters Outfits/Armando Mendez Outfits/Outfit (4)/000000000d865d34d7cbfdc1.png,character_recolor_or_artwork_change
000000001a8eda7d45a056fb,decked_psp,VCS-PSP (Europe) Texture PackUpdated16-04-2026/Main Characters Outfits/Armando Mendez Outfits/Outfit (4)/000000001a8eda7d7521780a.png,opaque_original_became_translucent | artwork_or_layout_differs_needs_manual_comparison
0000000028fc0a1f66173c20,decked_psp,VCS-PSP (Europe) Texture PackUpdated16-04-2026/Main Characters Outfits/Armando Mendez Outfits/Outfit (4)/0000000028fc0a1f3dbb8762.png,
000000003c67d9fd70bc397e,decked_psp,VCS-PSP (Europe) Texture PackUpdated16-04-2026/Main Characters Outfits/Armando Mendez Outfits/Outfit (4)/000000003c67d9fd2cd661fa.png,aspect_ratio_changed | artwork_or_layout_differs_needs_manual_comparison
0000000045b9ac116cfdcc04,decked_psp,VCS-PSP (Europe) Texture PackUpdated16-04-2026/Main Characters Outfits/Armando Mendez Outfits/Outfit (4)/0000000045b9ac1171f613e3.png,
0000000057422eb1f5c491d3,decked_psp,VCS-PSP (Europe) Texture PackUpdated16-04-2026/Main Characters Outfits/Armando Mendez Outfits/Outfit (4)/0000000057422eb1407ca7e9.png,
000000005bea65ce1b26b08c,decked_psp,VCS-PSP (Europe) Texture PackUpdated16-04-2026/Main Characters Outfits/Armando Mendez Outfits/Outfit (4)/000000005bea65cec04038ee.png,visual_recolor_or_changed_design | character_recolor_or_artwork_change
00000000a6759bc0b4216e04,decked_psp,VCS-PSP (Europe) Texture PackUpdated16-04-2026/Main Characters Outfits/Armando Mendez Outfits/Outfit (4)/00000000a6759bc08c2e5283.png,character_recolor_or_artwork_change
00000000db54fec5cb83a4b5,decked_psp,VCS-PSP (Europe) Texture PackUpdated16-04-2026/Main Characters Outfits/Armando Mendez Outfits/Outfit (4)/00000000db54fec5d716529f.png,artwork_or_layout_differs_needs_manual_comparison
00000000fb117b7c7b7ca41f,decked_psp,VCS-PSP (Europe) Texture PackUpdated16-04-2026/Main Characters Outfits/Armando Mendez Outfits/Outfit (4)/00000000fb117b7c54f798c5.png,visual_recolor_or_changed_design | character_recolor_or_artwork_change
000000000d865d34e202d7b0,decked_psp,VCS-PSP (Europe) Texture PackUpdated16-04-2026/Main Characters Outfits/Armando Mendez Outfits/Outfit 5/000000000d865d34d7cbfdc1.png,artwork_or_layout_differs_needs_manual_comparison
000000001a8eda7d45a056fb,decked_psp,VCS-PSP (Europe) Texture PackUpdated16-04-2026/Main Characters Outfits/Armando Mendez Outfits/Outfit 5/000000001a8eda7d7521780a.png,opaque_original_became_translucent
0000000028fc0a1f66173c20,decked_psp,VCS-PSP (Europe) Texture PackUpdated16-04-2026/Main Characters Outfits/Armando Mendez Outfits/Outfit 5/0000000028fc0a1f3dbb8762.png,artwork_or_layout_differs_needs_manual_comparison
000000003c67d9fd70bc397e,decked_psp,VCS-PSP (Europe) Texture PackUpdated16-04-2026/Main Characters Outfits/Armando Mendez Outfits/Outfit 5/000000003c67d9fd2cd661fa.png,aspect_ratio_changed | artwork_or_layout_differs_needs_manual_comparison
0000000045b9ac116cfdcc04,decked_psp,VCS-PSP (Europe) Texture PackUpdated16-04-2026/Main Characters Outfits/Armando Mendez Outfits/Outfit 5/0000000045b9ac1171f613e3.png,artwork_or_layout_differs_needs_manual_comparison
0000000057422eb1f5c491d3,decked_psp,VCS-PSP (Europe) Texture PackUpdated16-04-2026/Main Characters Outfits/Armando Mendez Outfits/Outfit 5/0000000057422eb1407ca7e9.png,artwork_or_layout_differs_needs_manual_comparison
000000005bea65ce1b26b08c,decked_psp,VCS-PSP (Europe) Texture PackUpdated16-04-2026/Main Characters Outfits/Armando Mendez Outfits/Outfit 5/000000005bea65cec04038ee.png,artwork_or_layout_differs_needs_manual_comparison
00000000a6759bc0b4216e04,decked_psp,VCS-PSP (Europe) Texture PackUpdated16-04-2026/Main Characters Outfits/Armando Mendez Outfits/Outfit 5/00000000a6759bc08c2e5283.png,character_recolor_or_artwork_change
00000000db54fec5cb83a4b5,decked_psp,VCS-PSP (Europe) Texture PackUpdated16-04-2026/Main Characters Outfits/Armando Mendez Outfits/Outfit 5/00000000db54fec5d716529f.png,character_recolor_or_artwork_change
00000000fb117b7c7b7ca41f,decked_psp,VCS-PSP (Europe) Texture PackUpdated16-04-2026/Main Characters Outfits/Armando Mendez Outfits/Outfit 5/00000000fb117b7c54f798c5.png,artwork_or_layout_differs_needs_manual_comparison
0000000020eb2ef4a3e6faaa,decked_psp,VCS-PSP (Europe) Texture PackUpdated16-04-2026/Main Characters Outfits/Diego Mendez/2/0000000020eb2ef437ac37ad.png,artwork_or_layout_differs_needs_manual_comparison
000000002fad116a595b517e,decked_psp,VCS-PSP (Europe) Texture PackUpdated16-04-2026/Main Characters Outfits/Diego Mendez/2/000000002fad116ac901143a.png,artwork_or_layout_differs_needs_manual_comparison
000000002fce7315426d3aa3,decked_psp,VCS-PSP (Europe) Texture PackUpdated16-04-2026/Main Characters Outfits/Diego Mendez/2/000000002fce73156d9d5cf8.png,artwork_or_layout_differs_needs_manual_comparison
0000000042e3ce63e1b44cb6,decked_psp,VCS-PSP (Europe) Texture PackUpdated16-04-2026/Main Characters Outfits/Diego Mendez/2/0000000042e3ce632d440c80.png,insufficient_visible_detail_beyond_resize
0000000043f34c7425a3a67c,decked_psp,VCS-PSP (Europe) Texture PackUpdated16-04-2026/Main Characters Outfits/Diego Mendez/2/0000000043f34c7477b483ce.png,artwork_or_layout_differs_needs_manual_comparison
00000000ac452ab6ba33ce27,decked_psp,VCS-PSP (Europe) Texture PackUpdated16-04-2026/Main Characters Outfits/Diego Mendez/2/00000000ac452ab63e889479.png,artwork_or_layout_differs_needs_manual_comparison
00000000d4d1d067eb2a33de,decked_psp,VCS-PSP (Europe) Texture PackUpdated16-04-2026/Main Characters Outfits/Diego Mendez/2/00000000d4d1d06771c09b4c.png,artwork_or_layout_differs_needs_manual_comparison
0000000020eb2ef4a3e6faaa,decked_psp,VCS-PSP (Europe) Texture PackUpdated16-04-2026/Main Characters Outfits/Diego Mendez/3/0000000020eb2ef437ac37ad.png,artwork_or_layout_differs_needs_manual_comparison
000000002a0fca545085bdf2,decked_psp,VCS-PSP (Europe) Texture PackUpdated16-04-2026/Main Characters Outfits/Diego Mendez/3/000000002a0fca54923390d1.png,artwork_or_layout_differs_needs_manual_comparison
000000002fad116a595b517e,decked_psp,VCS-PSP (Europe) Texture PackUpdated16-04-2026/Main Characters Outfits/Diego Mendez/3/000000002fad116ac901143a.png,artwork_or_layout_differs_needs_manual_comparison
000000002fce7315426d3aa3,decked_psp,VCS-PSP (Europe) Texture PackUpdated16-04-2026/Main Characters Outfits/Diego Mendez/3/000000002fce73156d9d5cf8.png,artwork_or_layout_differs_needs_manual_comparison
0000000042e3ce63e1b44cb6,decked_psp,VCS-PSP (Europe) Texture PackUpdated16-04-2026/Main Characters Outfits/Diego Mendez/3/0000000042e3ce632d440c80.png,insufficient_visible_detail_beyond_resize
0000000043f34c7425a3a67c,decked_psp,VCS-PSP (Europe) Texture PackUpdated16-04-2026/Main Characters Outfits/Diego Mendez/3/0000000043f34c7477b483ce.png,artwork_or_layout_differs_needs_manual_comparison
00000000ac452ab6ba33ce27,decked_psp,VCS-PSP (Europe) Texture PackUpdated16-04-2026/Main Characters Outfits/Diego Mendez/3/00000000ac452ab63e889479.png,artwork_or_layout_differs_needs_manual_comparison
00000000cd0d74089524d566,decked_psp,VCS-PSP (Europe) Texture PackUpdated16-04-2026/Main Characters Outfits/Diego Mendez/3/00000000cd0d7408c2afc651.png,artwork_or_layout_differs_needs_manual_comparison
00000000d4d1d067eb2a33de,decked_psp,VCS-PSP (Europe) Texture PackUpdated16-04-2026/Main Characters Outfits/Diego Mendez/3/00000000d4d1d06771c09b4c.png,artwork_or_layout_differs_needs_manual_comparison
0000000020eb2ef4a3e6faaa,decked_psp,VCS-PSP (Europe) Texture PackUpdated16-04-2026/Main Characters Outfits/Diego Mendez/Original Remastered/0000000020eb2ef437ac37ad.png,insufficient_visible_detail_beyond_resize
000000002de62f895bc90946,decked_psp,VCS-PSP (Europe) Texture PackUpdated16-04-2026/Main Characters Outfits/Diego Mendez/Original Remastered/000000002de62f891803faa9.png,transparency_mask_changed
000000002fad116a595b517e,decked_psp,VCS-PSP (Europe) Texture PackUpdated16-04-2026/Main Characters Outfits/Diego Mendez/Original Remastered/000000002fad116ac901143a.png,insufficient_visible_detail_beyond_resize
000000002fce7315426d3aa3,decked_psp,VCS-PSP (Europe) Texture PackUpdated16-04-2026/Main Characters Outfits/Diego Mendez/Original Remastered/000000002fce73156d9d5cf8.png,insufficient_visible_detail_beyond_resize
0000000042e3ce63e1b44cb6,decked_psp,VCS-PSP (Europe) Texture PackUpdated16-04-2026/Main Characters Outfits/Diego Mendez/Original Remastered/0000000042e3ce632d440c80.png,insufficient_visible_detail_beyond_resize
0000000043f34c7425a3a67c,decked_psp,VCS-PSP (Europe) Texture PackUpdated16-04-2026/Main Characters Outfits/Diego Mendez/Original Remastered/0000000043f34c7477b483ce.png,no_material_detail_beyond_simple_resize
00000000ac452ab6ba33ce27,decked_psp,VCS-PSP (Europe) Texture PackUpdated16-04-2026/Main Characters Outfits/Diego Mendez/Original Remastered/00000000ac452ab63e889479.png,no_material_detail_beyond_simple_resize
00000000c08246e688d7e2af,decked_psp,VCS-PSP (Europe) Texture PackUpdated16-04-2026/Main Characters Outfits/Diego Mendez/Original Remastered/00000000c08246e6e1bf43a9.png,transparency_mask_changed
00000000d4d1d067eb2a33de,decked_psp,VCS-PSP (Europe) Texture PackUpdated16-04-2026/Main Characters Outfits/Diego Mendez/Original Remastered/00000000d4d1d06771c09b4c.png,no_material_detail_beyond_simple_resize
000000007c55f4b2a01ce8ac,decked_psp,VCS-PSP (Europe) Texture PackUpdated16-04-2026/Main Characters Outfits/Gonzales Artwork Outfit/000000007c55f4b2344b6dcb.png,artwork_or_layout_differs_needs_manual_comparison
000000007c55f4b2a01ce8ac,decked_psp,VCS-PSP (Europe) Texture PackUpdated16-04-2026/Main Characters Outfits/Gonzales Artwork Outfit/2/000000007c55f4b2344b6dcb.png,artwork_or_layout_differs_needs_manual_comparison
0000000059e21d2e819a854f,decked_psp,VCS-PSP (Europe) Texture PackUpdated16-04-2026/Main Characters Outfits/Jerry Martinez/0000000059e21d2ed74e4d04.png,insufficient_visible_detail_beyond_resize
000000006217951ea8489289,decked_psp,VCS-PSP (Europe) Texture PackUpdated16-04-2026/Main Characters Outfits/Jerry Martinez/000000006217951e73ec0f4d.png,insufficient_visible_detail_beyond_resize
0000000037e725d701d97e67,decked_psp,VCS-PSP (Europe) Texture PackUpdated16-04-2026/Main Characters Outfits/Lance Vance Outfits/Artwork Yellow Suit - Lance Vance/0000000037e725d7035731f6.png,artwork_or_layout_differs_needs_manual_comparison
000000004c1d73a01c6b7ac9,decked_psp,VCS-PSP (Europe) Texture PackUpdated16-04-2026/Main Characters Outfits/Lance Vance Outfits/Artwork Yellow Suit - Lance Vance/000000004c1d73a04248f576.png,character_recolor_or_artwork_change
000000008709a0ec35d65804,decked_psp,VCS-PSP (Europe) Texture PackUpdated16-04-2026/Main Characters Outfits/Lance Vance Outfits/Artwork Yellow Suit - Lance Vance/000000008709a0ecaa3d9073.png,character_recolor_or_artwork_change
000000009e2f40b32616dac5,decked_psp,VCS-PSP (Europe) Texture PackUpdated16-04-2026/Main Characters Outfits/Lance Vance Outfits/Artwork Yellow Suit - Lance Vance/000000009e2f40b37975075f.png,artwork_or_layout_differs_needs_manual_comparison
00000000a8d719151e7aa022,decked_psp,VCS-PSP (Europe) Texture PackUpdated16-04-2026/Main Characters Outfits/Lance Vance Outfits/Artwork Yellow Suit - Lance Vance/00000000a8d71915a20228a4.png,artwork_or_layout_differs_needs_manual_comparison
000000006099db2b8e2bbb49,decked_psp,VCS-PSP (Europe) Texture PackUpdated16-04-2026/Main Characters Outfits/Lance Vance Outfits/Lance Vance - Black Casual Outfit/000000006099db2b6bb40ad2.png,artwork_or_layout_differs_needs_manual_comparison
0000000067e62d0dd86845fd,decked_psp,VCS-PSP (Europe) Texture PackUpdated16-04-2026/Main Characters Outfits/Lance Vance Outfits/Lance Vance - Black Casual Outfit/0000000067e62d0de88dbd78.png,artwork_or_layout_differs_needs_manual_comparison
0000000077311d7ea08e7762,decked_psp,VCS-PSP (Europe) Texture PackUpdated16-04-2026/Main Characters Outfits/Lance Vance Outfits/Lance Vance - Black Casual Outfit/0000000077311d7ee4f6231a.png,artwork_or_layout_differs_needs_manual_comparison
000000006099db2b8e2bbb49,decked_psp,VCS-PSP (Europe) Texture PackUpdated16-04-2026/Main Characters Outfits/Lance Vance Outfits/Lance Vance - Blue Casual Outfit/000000006099db2b6bb40ad2.png,artwork_or_layout_differs_needs_manual_comparison
0000000067e62d0dd86845fd,decked_psp,VCS-PSP (Europe) Texture PackUpdated16-04-2026/Main Characters Outfits/Lance Vance Outfits/Lance Vance - Blue Casual Outfit/0000000067e62d0de88dbd78.png,artwork_or_layout_differs_needs_manual_comparison
0000000077311d7ea08e7762,decked_psp,VCS-PSP (Europe) Texture PackUpdated16-04-2026/Main Characters Outfits/Lance Vance Outfits/Lance Vance - Blue Casual Outfit/0000000077311d7ee4f6231a.png,artwork_or_layout_differs_needs_manual_comparison
000000006099db2b8e2bbb49,decked_psp,VCS-PSP (Europe) Texture PackUpdated16-04-2026/Main Characters Outfits/Lance Vance Outfits/Lance Vance - Pink Casual Outfit/000000006099db2b6bb40ad2.png,character_recolor_or_artwork_change
0000000067e62d0dd86845fd,decked_psp,VCS-PSP (Europe) Texture PackUpdated16-04-2026/Main Characters Outfits/Lance Vance Outfits/Lance Vance - Pink Casual Outfit/0000000067e62d0de88dbd78.png,artwork_or_layout_differs_needs_manual_comparison
0000000077311d7ea08e7762,decked_psp,VCS-PSP (Europe) Texture PackUpdated16-04-2026/Main Characters Outfits/Lance Vance Outfits/Lance Vance - Pink Casual Outfit/0000000077311d7ee4f6231a.png,artwork_or_layout_differs_needs_manual_comparison
000000006099db2b8e2bbb49,decked_psp,VCS-PSP (Europe) Texture PackUpdated16-04-2026/Main Characters Outfits/Lance Vance Outfits/Lance Vance - Violet Casual Outfit/000000006099db2b6bb40ad2.png,artwork_or_layout_differs_needs_manual_comparison
0000000067e62d0dd86845fd,decked_psp,VCS-PSP (Europe) Texture PackUpdated16-04-2026/Main Characters Outfits/Lance Vance Outfits/Lance Vance - Violet Casual Outfit/0000000067e62d0de88dbd78.png,artwork_or_layout_differs_needs_manual_comparison
0000000077311d7ea08e7762,decked_psp,VCS-PSP (Europe) Texture PackUpdated16-04-2026/Main Characters Outfits/Lance Vance Outfits/Lance Vance - Violet Casual Outfit/0000000077311d7ee4f6231a.png,artwork_or_layout_differs_needs_manual_comparison
000000006099db2b8e2bbb49,decked_psp,VCS-PSP (Europe) Texture PackUpdated16-04-2026/Main Characters Outfits/Lance Vance Outfits/Lance Vance - Yellow Casual Outfit/000000006099db2b6bb40ad2.png,character_recolor_or_artwork_change
0000000067e62d0dd86845fd,decked_psp,VCS-PSP (Europe) Texture PackUpdated16-04-2026/Main Characters Outfits/Lance Vance Outfits/Lance Vance - Yellow Casual Outfit/0000000067e62d0de88dbd78.png,artwork_or_layout_differs_needs_manual_comparison
0000000077311d7ea08e7762,decked_psp,VCS-PSP (Europe) Texture PackUpdated16-04-2026/Main Characters Outfits/Lance Vance Outfits/Lance Vance - Yellow Casual Outfit/0000000077311d7ee4f6231a.png,artwork_or_layout_differs_needs_manual_comparison
0000000037e725d701d97e67,decked_psp,VCS-PSP (Europe) Texture PackUpdated16-04-2026/Main Characters Outfits/Lance Vance Outfits/Purple Suit - Lance Vance/0000000037e725d7035731f6.png,artwork_or_layout_differs_needs_manual_comparison
000000004c1d73a01c6b7ac9,decked_psp,VCS-PSP (Europe) Texture PackUpdated16-04-2026/Main Characters Outfits/Lance Vance Outfits/Purple Suit - Lance Vance/000000004c1d73a04248f576.png,character_recolor_or_artwork_change
000000008709a0ec35d65804,decked_psp,VCS-PSP (Europe) Texture PackUpdated16-04-2026/Main Characters Outfits/Lance Vance Outfits/Purple Suit - Lance Vance/000000008709a0ecaa3d9073.png,artwork_or_layout_differs_needs_manual_comparison
000000009e2f40b32616dac5,decked_psp,VCS-PSP (Europe) Texture PackUpdated16-04-2026/Main Characters Outfits/Lance Vance Outfits/Purple Suit - Lance Vance/000000009e2f40b37975075f.png,artwork_or_layout_differs_needs_manual_comparison
00000000a8d719151e7aa022,decked_psp,VCS-PSP (Europe) Texture PackUpdated16-04-2026/Main Characters Outfits/Lance Vance Outfits/Purple Suit - Lance Vance/00000000a8d71915a20228a4.png,artwork_or_layout_differs_needs_manual_comparison
0000000037e725d701d97e67,decked_psp,VCS-PSP (Europe) Texture PackUpdated16-04-2026/Main Characters Outfits/Lance Vance Outfits/Remastered Smartsuit/0000000037e725d7035731f6.png,no_material_detail_beyond_simple_resize
000000004c1d73a01c6b7ac9,decked_psp,VCS-PSP (Europe) Texture PackUpdated16-04-2026/Main Characters Outfits/Lance Vance Outfits/Remastered Smartsuit/000000004c1d73a04248f576.png,
000000008709a0ec35d65804,decked_psp,VCS-PSP (Europe) Texture PackUpdated16-04-2026/Main Characters Outfits/Lance Vance Outfits/Remastered Smartsuit/000000008709a0ecaa3d9073.png,character_recolor_or_artwork_change
000000009e2f40b32616dac5,decked_psp,VCS-PSP (Europe) Texture PackUpdated16-04-2026/Main Characters Outfits/Lance Vance Outfits/Remastered Smartsuit/000000009e2f40b37975075f.png,insufficient_visible_detail_beyond_resize
0000000037e725d701d97e67,decked_psp,VCS-PSP (Europe) Texture PackUpdated16-04-2026/Main Characters Outfits/Lance Vance Outfits/White Smartsuit - Lance Vance/0000000037e725d7035731f6.png,artwork_or_layout_differs_needs_manual_comparison
000000004c1d73a01c6b7ac9,decked_psp,VCS-PSP (Europe) Texture PackUpdated16-04-2026/Main Characters Outfits/Lance Vance Outfits/White Smartsuit - Lance Vance/000000004c1d73a04248f576.png,character_recolor_or_artwork_change
000000008709a0ec35d65804,decked_psp,VCS-PSP (Europe) Texture PackUpdated16-04-2026/Main Characters Outfits/Lance Vance Outfits/White Smartsuit - Lance Vance/000000008709a0ecaa3d9073.png,artwork_or_layout_differs_needs_manual_comparison
000000009e2f40b32616dac5,decked_psp,VCS-PSP (Europe) Texture PackUpdated16-04-2026/Main Characters Outfits/Lance Vance Outfits/White Smartsuit - Lance Vance/000000009e2f40b37975075f.png,artwork_or_layout_differs_needs_manual_comparison
00000000a8d719151e7aa022,decked_psp,VCS-PSP (Europe) Texture PackUpdated16-04-2026/Main Characters Outfits/Lance Vance Outfits/White Smartsuit - Lance Vance/00000000a8d71915a20228a4.png,artwork_or_layout_differs_needs_manual_comparison
000000001e66177414a29698,decked_psp,VCS-PSP (Europe) Texture PackUpdated16-04-2026/Main Characters Outfits/Louise Cassidy Outfits/Louise Cassidy Outfit 2/000000001e661774f93da538.PNG,character_recolor_or_artwork_change
000000008d4b2fe7dd94f4e1,decked_psp,VCS-PSP (Europe) Texture PackUpdated16-04-2026/Main Characters Outfits/Louise Cassidy Outfits/Louise Cassidy Outfit 2/000000008d4b2fe7db50992d.PNG,character_recolor_or_artwork_change
00000000baad675087d3970e,decked_psp,VCS-PSP (Europe) Texture PackUpdated16-04-2026/Main Characters Outfits/Louise Cassidy Outfits/Louise Cassidy Outfit 2/00000000baad67506c93c9f7.PNG,character_recolor_or_artwork_change
000000001e66177414a29698,decked_psp,VCS-PSP (Europe) Texture PackUpdated16-04-2026/Main Characters Outfits/Louise Cassidy Outfits/Louise Cassidy Outfit 3/000000001e661774f93da538.png,artwork_or_layout_differs_needs_manual_comparison
000000008d4b2fe7dd94f4e1,decked_psp,VCS-PSP (Europe) Texture PackUpdated16-04-2026/Main Characters Outfits/Louise Cassidy Outfits/Louise Cassidy Outfit 3/000000008d4b2fe7db50992d.png,artwork_or_layout_differs_needs_manual_comparison
00000000baad675087d3970e,decked_psp,VCS-PSP (Europe) Texture PackUpdated16-04-2026/Main Characters Outfits/Louise Cassidy Outfits/Louise Cassidy Outfit 3/00000000baad67506c93c9f7.png,artwork_or_layout_differs_needs_manual_comparison
000000008d4b2fe7dd94f4e1,decked_psp,VCS-PSP (Europe) Texture PackUpdated16-04-2026/Main Characters Outfits/Louise Cassidy Outfits/OG Remastered/000000008d4b2fe7db50992d.png,character_recolor_or_artwork_change
00000000baad675087d3970e,decked_psp,VCS-PSP (Europe) Texture PackUpdated16-04-2026/Main Characters Outfits/Louise Cassidy Outfits/OG Remastered/00000000baad67506c93c9f7.png,insufficient_visible_detail_beyond_resize
000000002e5c261e1d46703c,decked_psp,VCS-PSP (Europe) Texture PackUpdated16-04-2026/Main Characters Outfits/Mendez Goons Cutscene Outfits/Ped 1 A/1/000000002e5c261e88611816.png,insufficient_visible_detail_beyond_resize
000000008cb2ed7e2527907e,decked_psp,VCS-PSP (Europe) Texture PackUpdated16-04-2026/Main Characters Outfits/Mendez Goons Cutscene Outfits/Ped 1 A/1/000000008cb2ed7eb19b3783.png,visual_recolor_or_changed_design | character_recolor_or_artwork_change
00000000dbf1e60df5d93820,decked_psp,VCS-PSP (Europe) Texture PackUpdated16-04-2026/Main Characters Outfits/Mendez Goons Cutscene Outfits/Ped 1 A/1/00000000dbf1e60dc333484b.png,no_material_detail_beyond_simple_resize
0000000027f477f6ccf56805,decked_psp,VCS-PSP (Europe) Texture PackUpdated16-04-2026/Main Characters Outfits/Mendez Goons Cutscene Outfits/Ped 1 A/2/0000000027f477f68603428a.png,less_than_2x_resolution | artwork_or_layout_differs_needs_manual_comparison
000000002e5c261e1d46703c,decked_psp,VCS-PSP (Europe) Texture PackUpdated16-04-2026/Main Characters Outfits/Mendez Goons Cutscene Outfits/Ped 1 A/2/000000002e5c261e88611816.png,less_than_2x_resolution
000000005d70fa5c204bdd75,decked_psp,VCS-PSP (Europe) Texture PackUpdated16-04-2026/Main Characters Outfits/Mendez Goons Cutscene Outfits/Ped 1 A/2/000000005d70fa5cc597ce76.png,less_than_2x_resolution | artwork_or_layout_differs_needs_manual_comparison
000000008cb2ed7e2527907e,decked_psp,VCS-PSP (Europe) Texture PackUpdated16-04-2026/Main Characters Outfits/Mendez Goons Cutscene Outfits/Ped 1 A/2/000000008cb2ed7eb19b3783.png,opaque_original_became_translucent
00000000dbf1e60df5d93820,decked_psp,VCS-PSP (Europe) Texture PackUpdated16-04-2026/Main Characters Outfits/Mendez Goons Cutscene Outfits/Ped 1 A/2/00000000dbf1e60dc333484b.png,less_than_2x_resolution | artwork_or_layout_differs_needs_manual_comparison
0000000027f477f6ccf56805,decked_psp,VCS-PSP (Europe) Texture PackUpdated16-04-2026/Main Characters Outfits/Mendez Goons Cutscene Outfits/Ped 1 A/3/0000000027f477f68603428a.png,less_than_2x_resolution | artwork_or_layout_differs_needs_manual_comparison
000000002e5c261e1d46703c,decked_psp,VCS-PSP (Europe) Texture PackUpdated16-04-2026/Main Characters Outfits/Mendez Goons Cutscene Outfits/Ped 1 A/3/000000002e5c261e88611816.png,less_than_2x_resolution
000000005d70fa5c204bdd75,decked_psp,VCS-PSP (Europe) Texture PackUpdated16-04-2026/Main Characters Outfits/Mendez Goons Cutscene Outfits/Ped 1 A/3/000000005d70fa5cc597ce76.png,less_than_2x_resolution
000000008cb2ed7e2527907e,decked_psp,VCS-PSP (Europe) Texture PackUpdated16-04-2026/Main Characters Outfits/Mendez Goons Cutscene Outfits/Ped 1 A/3/000000008cb2ed7eb19b3783.png,less_than_2x_resolution
00000000dbf1e60df5d93820,decked_psp,VCS-PSP (Europe) Texture PackUpdated16-04-2026/Main Characters Outfits/Mendez Goons Cutscene Outfits/Ped 1 A/3/00000000dbf1e60dc333484b.png,less_than_2x_resolution | artwork_or_layout_differs_needs_manual_comparison
000000006d7637fe939b2c19,decked_psp,VCS-PSP (Europe) Texture PackUpdated16-04-2026/Main Characters Outfits/Mendez Goons Cutscene Outfits/Ped 2 B/2/000000006d7637fed1617173.png,less_than_2x_resolution | artwork_or_layout_differs_needs_manual_comparison
00000000a4a2618be41d5f33,decked_psp,VCS-PSP (Europe) Texture PackUpdated16-04-2026/Main Characters Outfits/Mendez Goons Cutscene Outfits/Ped 2 B/2/00000000a4a2618bd6eb3aae.png,less_than_2x_resolution | artwork_or_layout_differs_needs_manual_comparison
00000000bc3d3fa9ec931214,decked_psp,VCS-PSP (Europe) Texture PackUpdated16-04-2026/Main Characters Outfits/Mendez Goons Cutscene Outfits/Ped 2 B/2/00000000bc3d3fa9b7bcab83.png,less_than_2x_resolution | artwork_or_layout_differs_needs_manual_comparison
00000000cba33b27ccf56805,decked_psp,VCS-PSP (Europe) Texture PackUpdated16-04-2026/Main Characters Outfits/Mendez Goons Cutscene Outfits/Ped 2 B/2/00000000cba33b278603428a.png,less_than_2x_resolution | artwork_or_layout_differs_needs_manual_comparison
000000006d7637fe939b2c19,decked_psp,VCS-PSP (Europe) Texture PackUpdated16-04-2026/Main Characters Outfits/Mendez Goons Cutscene Outfits/Ped 2 B/3/000000006d7637fed1617173.png,less_than_2x_resolution | artwork_or_layout_differs_needs_manual_comparison
00000000a4a2618be41d5f33,decked_psp,VCS-PSP (Europe) Texture PackUpdated16-04-2026/Main Characters Outfits/Mendez Goons Cutscene Outfits/Ped 2 B/3/00000000a4a2618bd6eb3aae.png,less_than_2x_resolution | artwork_or_layout_differs_needs_manual_comparison
00000000bc3d3fa9ec931214,decked_psp,VCS-PSP (Europe) Texture PackUpdated16-04-2026/Main Characters Outfits/Mendez Goons Cutscene Outfits/Ped 2 B/3/00000000bc3d3fa9b7bcab83.png,less_than_2x_resolution | artwork_or_layout_differs_needs_manual_comparison
00000000cba33b27ccf56805,decked_psp,VCS-PSP (Europe) Texture PackUpdated16-04-2026/Main Characters Outfits/Mendez Goons Cutscene Outfits/Ped 2 B/3/00000000cba33b278603428a.png,less_than_2x_resolution | artwork_or_layout_differs_needs_manual_comparison
00000000bc3d3fa9ec931214,decked_psp,VCS-PSP (Europe) Texture PackUpdated16-04-2026/Main Characters Outfits/Mendez Goons Cutscene Outfits/Ped 2 B/Original Remastered/00000000bc3d3fa9b7bcab83.png,no_material_detail_beyond_simple_resize
000000005278dc506bfa1cf5,decked_psp,VCS-PSP (Europe) Texture PackUpdated16-04-2026/Main Characters Outfits/Ricardo Diaz Outfits/Diaz Outfit 2 - Dankaishin/000000005278dc5018ef8dfc.png,artwork_or_layout_differs_needs_manual_comparison
000000008d681e9de25b8642,decked_psp,VCS-PSP (Europe) Texture PackUpdated16-04-2026/Main Characters Outfits/Ricardo Diaz Outfits/Diaz Outfit 2 - Dankaishin/000000008d681e9d8f9dda97.png,artwork_or_layout_differs_needs_manual_comparison
000000005278dc506bfa1cf5,decked_psp,VCS-PSP (Europe) Texture PackUpdated16-04-2026/Main Characters Outfits/Ricardo Diaz Outfits/Diaz Outfit 3 - Dankaishin/000000005278dc5018ef8dfc.png,artwork_or_layout_differs_needs_manual_comparison
000000008d681e9de25b8642,decked_psp,VCS-PSP (Europe) Texture PackUpdated16-04-2026/Main Characters Outfits/Ricardo Diaz Outfits/Diaz Outfit 3 - Dankaishin/000000008d681e9d8f9dda97.png,artwork_or_layout_differs_needs_manual_comparison
000000005278dc506bfa1cf5,decked_psp,VCS-PSP (Europe) Texture PackUpdated16-04-2026/Main Characters Outfits/Ricardo Diaz Outfits/Diaz Outfit 4 - Dankaishin/000000005278dc5018ef8dfc.png,artwork_or_layout_differs_needs_manual_comparison
000000008d681e9de25b8642,decked_psp,VCS-PSP (Europe) Texture PackUpdated16-04-2026/Main Characters Outfits/Ricardo Diaz Outfits/Diaz Outfit 4 - Dankaishin/000000008d681e9d8f9dda97.png,artwork_or_layout_differs_needs_manual_comparison
000000008d681e9de25b8642,decked_psp,VCS-PSP (Europe) Texture PackUpdated16-04-2026/Main Characters Outfits/Ricardo Diaz Outfits/Original Remastered/000000008d681e9d8f9dda97.png,artwork_or_layout_differs_needs_manual_comparison
000000004c34799d16b4c3c4,decked_psp,VCS-PSP (Europe) Texture PackUpdated16-04-2026/Main Characters Outfits/Vic Vance Suits/B.E.T.A. Victor Vance By Toguro45/000000004c34799d714b2c43.png,character_recolor_or_artwork_change
00000000b485c9db1195b23b,decked_psp,VCS-PSP (Europe) Texture PackUpdated16-04-2026/Main Characters Outfits/Vic Vance Suits/B.E.T.A. Victor Vance By Toguro45/00000000b485c9dbcab956a3.png,artwork_or_layout_differs_needs_manual_comparison
00000000c01a998145cd0b82,decked_psp,VCS-PSP (Europe) Texture PackUpdated16-04-2026/Main Characters Outfits/Vic Vance Suits/B.E.T.A. Victor Vance By Toguro45/00000000c01a998126c598c3.png,visual_recolor_or_changed_design | character_recolor_or_artwork_change
000000000829d984db5bfed9,decked_psp,VCS-PSP (Europe) Texture PackUpdated16-04-2026/Main Characters Outfits/Vic Vance Suits/Beta - Brighter Blue/000000000829d98456c1d7a8.png,less_than_2x_resolution
000000004cab2477fba4b2da,decked_psp,VCS-PSP (Europe) Texture PackUpdated16-04-2026/Main Characters Outfits/Vic Vance Suits/Beta - Brighter Blue/000000004cab247736db70e8.png,less_than_2x_resolution
000000008d611f17b8ef1361,decked_psp,VCS-PSP (Europe) Texture PackUpdated16-04-2026/Main Characters Outfits/Vic Vance Suits/Beta - Brighter Blue/000000008d611f17e16db722.png,less_than_2x_resolution
00000000b1f7e0b95eae7e21,decked_psp,VCS-PSP (Europe) Texture PackUpdated16-04-2026/Main Characters Outfits/Vic Vance Suits/Beta - Brighter Blue/00000000b1f7e0b957d2c270.png,less_than_2x_resolution
00000000cbaaae4f8d9ef039,decked_psp,VCS-PSP (Europe) Texture PackUpdated16-04-2026/Main Characters Outfits/Vic Vance Suits/Beta - Brighter Blue/00000000cbaaae4f310266b2.png,less_than_2x_resolution
00000000cfca0d83ceac4455,decked_psp,VCS-PSP (Europe) Texture PackUpdated16-04-2026/Main Characters Outfits/Vic Vance Suits/Beta - Brighter Blue/00000000cfca0d83985d785e.png,less_than_2x_resolution
000000000829d984db5bfed9,decked_psp,VCS-PSP (Europe) Texture PackUpdated16-04-2026/Main Characters Outfits/Vic Vance Suits/Black Shirt/000000000829d98456c1d7a8.png,less_than_2x_resolution
00000000cbaaae4f8d9ef039,decked_psp,VCS-PSP (Europe) Texture PackUpdated16-04-2026/Main Characters Outfits/Vic Vance Suits/Black Shirt/00000000cbaaae4f310266b2.png,opaque_original_became_translucent | artwork_or_layout_differs_needs_manual_comparison
00000000cfca0d83ceac4455,decked_psp,VCS-PSP (Europe) Texture PackUpdated16-04-2026/Main Characters Outfits/Vic Vance Suits/Black Shirt/00000000cfca0d83985d785e.png,opaque_original_became_translucent | artwork_or_layout_differs_needs_manual_comparison
000000002fd845fb7d31a409,decked_psp,VCS-PSP (Europe) Texture PackUpdated16-04-2026/Main Characters Outfits/Vic Vance Suits/Blue Leisure Outfit/000000002fd845fbab72e1c1.png,artwork_or_layout_differs_needs_manual_comparison
000000003cf2c667efc8d553,decked_psp,VCS-PSP (Europe) Texture PackUpdated16-04-2026/Main Characters Outfits/Vic Vance Suits/Blue Leisure Outfit/000000003cf2c6678255d29c.png,artwork_or_layout_differs_needs_manual_comparison
00000000891675f2f6737a71,decked_psp,VCS-PSP (Europe) Texture PackUpdated16-04-2026/Main Characters Outfits/Vic Vance Suits/Blue Leisure Outfit/00000000891675f2ae682082.png,artwork_or_layout_differs_needs_manual_comparison
00000000a0d16ffc8563033f,decked_psp,VCS-PSP (Europe) Texture PackUpdated16-04-2026/Main Characters Outfits/Vic Vance Suits/Blue Leisure Outfit/00000000a0d16ffc27b369aa.png,artwork_or_layout_differs_needs_manual_comparison
00000000a2cd76b3b1e02c74,decked_psp,VCS-PSP (Europe) Texture PackUpdated16-04-2026/Main Characters Outfits/Vic Vance Suits/Blue Leisure Outfit/00000000a2cd76b32774f450.png,artwork_or_layout_differs_needs_manual_comparison
00000000ca1b0fb55896aedb,decked_psp,VCS-PSP (Europe) Texture PackUpdated16-04-2026/Main Characters Outfits/Vic Vance Suits/Blue Leisure Outfit/00000000ca1b0fb52dfd7704.png,artwork_or_layout_differs_needs_manual_comparison
000000004c34799d16b4c3c4,decked_psp,VCS-PSP (Europe) Texture PackUpdated16-04-2026/Main Characters Outfits/Vic Vance Suits/Original Vic Face/000000004c34799d714b2c43.png,insufficient_visible_detail_beyond_resize
000000000f2dca0071ba7755,decked_psp,VCS-PSP (Europe) Texture PackUpdated16-04-2026/Main Characters Outfits/Vic Vance Suits/Remastered Smartsuit/000000000f2dca004424bb26.png,insufficient_visible_detail_beyond_resize
00000000352daa4473af1a97,decked_psp,VCS-PSP (Europe) Texture PackUpdated16-04-2026/Main Characters Outfits/Vic Vance Suits/Remastered Smartsuit/00000000352daa44ced36f52.png,no_material_detail_beyond_simple_resize
0000000035d0805fa4381da7,decked_psp,VCS-PSP (Europe) Texture PackUpdated16-04-2026/Main Characters Outfits/Vic Vance Suits/Remastered Smartsuit/0000000035d0805ff0ee293d.png,visual_recolor_or_changed_design | character_recolor_or_artwork_change
00000000e06a47b02271b0ef,decked_psp,VCS-PSP (Europe) Texture PackUpdated16-04-2026/Main Characters Outfits/Vic Vance Suits/Remastered Smartsuit/00000000e06a47b0a39823d5.png,
000000000b832e5e1ca72ceb,decked_psp,VCS-PSP (Europe) Texture PackUpdated16-04-2026/Main Characters Outfits/Vic Vance Suits/Repo Man Outfit 2/000000000b832e5ecbcb5159.png,
000000000e8676dd4cf9754e,decked_psp,VCS-PSP (Europe) Texture PackUpdated16-04-2026/Main Characters Outfits/Vic Vance Suits/Repo Man Outfit 2/000000000e8676dd1b230061.png,insufficient_visible_detail_beyond_resize
000000001d639ae5bc4768fd,decked_psp,VCS-PSP (Europe) Texture PackUpdated16-04-2026/Main Characters Outfits/Vic Vance Suits/Repo Man Outfit 2/000000001d639ae570beaa8c.png,artwork_or_layout_differs_needs_manual_comparison
00000000948a8cd29d209fcc,decked_psp,VCS-PSP (Europe) Texture PackUpdated16-04-2026/Main Characters Outfits/Vic Vance Suits/Repo Man Outfit 2/00000000948a8cd251dbcbc1.png,insufficient_visible_detail_beyond_resize
00000000a3c51e0c7bfdf6ca,decked_psp,VCS-PSP (Europe) Texture PackUpdated16-04-2026/Main Characters Outfits/Vic Vance Suits/Repo Man Outfit 2/00000000a3c51e0c42da39d3.png,
00000000b96c0c4f821e9f72,decked_psp,VCS-PSP (Europe) Texture PackUpdated16-04-2026/Main Characters Outfits/Vic Vance Suits/Repo Man Outfit 2/00000000b96c0c4f3fb89984.png,no_material_detail_beyond_simple_resize
00000000bb21d4bf000b0ada,decked_psp,VCS-PSP (Europe) Texture PackUpdated16-04-2026/Main Characters Outfits/Vic Vance Suits/Repo Man Outfit 2/00000000bb21d4bf15312e20.png,artwork_or_layout_differs_needs_manual_comparison
00000000c6b8ef3b562d5fcb,decked_psp,VCS-PSP (Europe) Texture PackUpdated16-04-2026/Main Characters Outfits/Vic Vance Suits/Repo Man Outfit 2/00000000c6b8ef3be6b17f4b.png,no_material_detail_beyond_simple_resize
000000000b832e5e1ca72ceb,decked_psp,VCS-PSP (Europe) Texture PackUpdated16-04-2026/Main Characters Outfits/Vic Vance Suits/Repo Man Outfit 3/000000000b832e5ecbcb5159.png,
000000000e8676dd4cf9754e,decked_psp,VCS-PSP (Europe) Texture PackUpdated16-04-2026/Main Characters Outfits/Vic Vance Suits/Repo Man Outfit 3/000000000e8676dd1b230061.png,insufficient_visible_detail_beyond_resize
000000001d639ae5bc4768fd,decked_psp,VCS-PSP (Europe) Texture PackUpdated16-04-2026/Main Characters Outfits/Vic Vance Suits/Repo Man Outfit 3/000000001d639ae570beaa8c.png,artwork_or_layout_differs_needs_manual_comparison
00000000948a8cd29d209fcc,decked_psp,VCS-PSP (Europe) Texture PackUpdated16-04-2026/Main Characters Outfits/Vic Vance Suits/Repo Man Outfit 3/00000000948a8cd251dbcbc1.png,insufficient_visible_detail_beyond_resize
00000000a3c51e0c7bfdf6ca,decked_psp,VCS-PSP (Europe) Texture PackUpdated16-04-2026/Main Characters Outfits/Vic Vance Suits/Repo Man Outfit 3/00000000a3c51e0c42da39d3.png,
00000000b96c0c4f821e9f72,decked_psp,VCS-PSP (Europe) Texture PackUpdated16-04-2026/Main Characters Outfits/Vic Vance Suits/Repo Man Outfit 3/00000000b96c0c4f3fb89984.png,no_material_detail_beyond_simple_resize
00000000bb21d4bf000b0ada,decked_psp,VCS-PSP (Europe) Texture PackUpdated16-04-2026/Main Characters Outfits/Vic Vance Suits/Repo Man Outfit 3/00000000bb21d4bf15312e20.png,artwork_or_layout_differs_needs_manual_comparison
00000000c6b8ef3b562d5fcb,decked_psp,VCS-PSP (Europe) Texture PackUpdated16-04-2026/Main Characters Outfits/Vic Vance Suits/Repo Man Outfit 3/00000000c6b8ef3be6b17f4b.png,no_material_detail_beyond_simple_resize
000000000b832e5e1ca72ceb,decked_psp,VCS-PSP (Europe) Texture PackUpdated16-04-2026/Main Characters Outfits/Vic Vance Suits/Repo Man Remastered/000000000b832e5ecbcb5159.png,
000000000e8676dd4cf9754e,decked_psp,VCS-PSP (Europe) Texture PackUpdated16-04-2026/Main Characters Outfits/Vic Vance Suits/Repo Man Remastered/000000000e8676dd1b230061.png,insufficient_visible_detail_beyond_resize
000000001d639ae5bc4768fd,decked_psp,VCS-PSP (Europe) Texture PackUpdated16-04-2026/Main Characters Outfits/Vic Vance Suits/Repo Man Remastered/000000001d639ae570beaa8c.png,artwork_or_layout_differs_needs_manual_comparison
00000000948a8cd29d209fcc,decked_psp,VCS-PSP (Europe) Texture PackUpdated16-04-2026/Main Characters Outfits/Vic Vance Suits/Repo Man Remastered/00000000948a8cd251dbcbc1.png,insufficient_visible_detail_beyond_resize
00000000a3c51e0c7bfdf6ca,decked_psp,VCS-PSP (Europe) Texture PackUpdated16-04-2026/Main Characters Outfits/Vic Vance Suits/Repo Man Remastered/00000000a3c51e0c42da39d3.png,
00000000b96c0c4f821e9f72,decked_psp,VCS-PSP (Europe) Texture PackUpdated16-04-2026/Main Characters Outfits/Vic Vance Suits/Repo Man Remastered/00000000b96c0c4f3fb89984.png,no_material_detail_beyond_simple_resize
00000000bb21d4bf000b0ada,decked_psp,VCS-PSP (Europe) Texture PackUpdated16-04-2026/Main Characters Outfits/Vic Vance Suits/Repo Man Remastered/00000000bb21d4bf15312e20.png,artwork_or_layout_differs_needs_manual_comparison
00000000c6b8ef3b562d5fcb,decked_psp,VCS-PSP (Europe) Texture PackUpdated16-04-2026/Main Characters Outfits/Vic Vance Suits/Repo Man Remastered/00000000c6b8ef3be6b17f4b.png,no_material_detail_beyond_simple_resize
000000004c34799d16b4c3c4,decked_psp,VCS-PSP (Europe) Texture PackUpdated16-04-2026/Main Characters Outfits/Vic Vance Suits/Vic 1986 Remastered PSP/000000004c34799d714b2c43.png,character_recolor_or_artwork_change
000000000829d984db5bfed9,decked_psp,VCS-PSP (Europe) Texture PackUpdated16-04-2026/Main Characters Outfits/Vic Vance Suits/Vic Vance - Beta Casual Outfit/000000000829d98456c1d7a8.png,less_than_2x_resolution
000000004cab2477fba4b2da,decked_psp,VCS-PSP (Europe) Texture PackUpdated16-04-2026/Main Characters Outfits/Vic Vance Suits/Vic Vance - Beta Casual Outfit/000000004cab247736db70e8.png,less_than_2x_resolution | artwork_or_layout_differs_needs_manual_comparison
000000008d611f17b8ef1361,decked_psp,VCS-PSP (Europe) Texture PackUpdated16-04-2026/Main Characters Outfits/Vic Vance Suits/Vic Vance - Beta Casual Outfit/000000008d611f17e16db722.png,less_than_2x_resolution
00000000b1f7e0b95eae7e21,decked_psp,VCS-PSP (Europe) Texture PackUpdated16-04-2026/Main Characters Outfits/Vic Vance Suits/Vic Vance - Beta Casual Outfit/00000000b1f7e0b957d2c270.png,less_than_2x_resolution | artwork_or_layout_differs_needs_manual_comparison
00000000cbaaae4f8d9ef039,decked_psp,VCS-PSP (Europe) Texture PackUpdated16-04-2026/Main Characters Outfits/Vic Vance Suits/Vic Vance - Beta Casual Outfit/00000000cbaaae4f310266b2.png,less_than_2x_resolution | artwork_or_layout_differs_needs_manual_comparison
00000000cfca0d83ceac4455,decked_psp,VCS-PSP (Europe) Texture PackUpdated16-04-2026/Main Characters Outfits/Vic Vance Suits/Vic Vance - Beta Casual Outfit/00000000cfca0d83985d785e.png,less_than_2x_resolution | artwork_or_layout_differs_needs_manual_comparison
000000004cab2477fba4b2da,decked_psp,VCS-PSP (Europe) Texture PackUpdated16-04-2026/Main Characters Outfits/Vic Vance Suits/Vic Vance - Casual Outfit Remastered - Dankaishin/000000004cab247736db70e8.png,less_than_2x_resolution
00000000b1f7e0b95eae7e21,decked_psp,VCS-PSP (Europe) Texture PackUpdated16-04-2026/Main Characters Outfits/Vic Vance Suits/Vic Vance - Casual Outfit Remastered - Dankaishin/00000000b1f7e0b957d2c270.png,less_than_2x_resolution
00000000cbaaae4f8d9ef039,decked_psp,VCS-PSP (Europe) Texture PackUpdated16-04-2026/Main Characters Outfits/Vic Vance Suits/Vic Vance - Casual Outfit Remastered - Dankaishin/00000000cbaaae4f310266b2.png,less_than_2x_resolution
00000000cfca0d83ceac4455,decked_psp,VCS-PSP (Europe) Texture PackUpdated16-04-2026/Main Characters Outfits/Vic Vance Suits/Vic Vance - Casual Outfit Remastered - Dankaishin/00000000cfca0d83985d785e.png,less_than_2x_resolution
000000001200f554ee0ab2f1,decked_psp,VCS-PSP (Europe) Texture PackUpdated16-04-2026/Main Characters Outfits/Vic Vance Suits/Vic Vance - Purple Pastel Suit/000000001200f5548df96fd1.png,artwork_or_layout_differs_needs_manual_comparison
0000000026d2c15656e8cd96,decked_psp,VCS-PSP (Europe) Texture PackUpdated16-04-2026/Main Characters Outfits/Vic Vance Suits/Vic Vance - Purple Pastel Suit/0000000026d2c1567e07714c.png,visual_recolor_or_changed_design | character_recolor_or_artwork_change
0000000079f113ba86169c90,decked_psp,VCS-PSP (Europe) Texture PackUpdated16-04-2026/Main Characters Outfits/Vic Vance Suits/Vic Vance - Purple Pastel Suit/0000000079f113ba4d55f7fc.png,artwork_or_layout_differs_needs_manual_comparison
0000000088c83ae0c9cd65d8,decked_psp,VCS-PSP (Europe) Texture PackUpdated16-04-2026/Main Characters Outfits/Vic Vance Suits/Vic Vance - Purple Pastel Suit/0000000088c83ae0dcad37ec.png,artwork_or_layout_differs_needs_manual_comparison
0000000096ee7464da8374bf,decked_psp,VCS-PSP (Europe) Texture PackUpdated16-04-2026/Main Characters Outfits/Vic Vance Suits/Vic Vance - Purple Pastel Suit/0000000096ee7464c49ae574.png,artwork_or_layout_differs_needs_manual_comparison
00000000a460de1a2527907e,decked_psp,VCS-PSP (Europe) Texture PackUpdated16-04-2026/Main Characters Outfits/Vic Vance Suits/Vic Vance - Purple Pastel Suit/00000000a460de1ab19b3783.png,visual_recolor_or_changed_design | character_recolor_or_artwork_change
00000000a8e74c0ca9277214,decked_psp,VCS-PSP (Europe) Texture PackUpdated16-04-2026/Main Characters Outfits/Vic Vance Suits/Vic Vance - Purple Pastel Suit/00000000a8e74c0ce058c2e1.png,artwork_or_layout_differs_needs_manual_comparison
00000000c13f356cec931214,decked_psp,VCS-PSP (Europe) Texture PackUpdated16-04-2026/Main Characters Outfits/Vic Vance Suits/Vic Vance - Purple Pastel Suit/00000000c13f356cb7bcab83.png,artwork_or_layout_differs_needs_manual_comparison
00000000c84231f84634452e,decked_psp,VCS-PSP (Europe) Texture PackUpdated16-04-2026/Main Characters Outfits/Vic Vance Suits/Vic Vance - Purple Pastel Suit/00000000c84231f8fad95080.png,artwork_or_layout_differs_needs_manual_comparison
00000000eb77db9e66b348a0,decked_psp,VCS-PSP (Europe) Texture PackUpdated16-04-2026/Main Characters Outfits/Vic Vance Suits/Vic Vance - Purple Pastel Suit/00000000eb77db9ea00868de.png,artwork_or_layout_differs_needs_manual_comparison
000000000829d984db5bfed9,decked_psp,VCS-PSP (Europe) Texture PackUpdated16-04-2026/Main Characters Outfits/Vic Vance Suits/Vic Vance - Rockstar Outfit/000000000829d98456c1d7a8.png,less_than_2x_resolution
000000004cab2477fba4b2da,decked_psp,VCS-PSP (Europe) Texture PackUpdated16-04-2026/Main Characters Outfits/Vic Vance Suits/Vic Vance - Rockstar Outfit/000000004cab247736db70e8.png,artwork_or_layout_differs_needs_manual_comparison
000000008d611f17b8ef1361,decked_psp,VCS-PSP (Europe) Texture PackUpdated16-04-2026/Main Characters Outfits/Vic Vance Suits/Vic Vance - Rockstar Outfit/000000008d611f17e16db722.png,less_than_2x_resolution
00000000b1f7e0b95eae7e21,decked_psp,VCS-PSP (Europe) Texture PackUpdated16-04-2026/Main Characters Outfits/Vic Vance Suits/Vic Vance - Rockstar Outfit/00000000b1f7e0b957d2c270.png,artwork_or_layout_differs_needs_manual_comparison
00000000cbaaae4f8d9ef039,decked_psp,VCS-PSP (Europe) Texture PackUpdated16-04-2026/Main Characters Outfits/Vic Vance Suits/Vic Vance - Rockstar Outfit/00000000cbaaae4f310266b2.png,artwork_or_layout_differs_needs_manual_comparison
00000000cfca0d83ceac4455,decked_psp,VCS-PSP (Europe) Texture PackUpdated16-04-2026/Main Characters Outfits/Vic Vance Suits/Vic Vance - Rockstar Outfit/00000000cfca0d83985d785e.png,artwork_or_layout_differs_needs_manual_comparison
00000000202ec9e4214cf2fa,decked_psp,VCS-PSP (Europe) Texture PackUpdated16-04-2026/Main Characters Outfits/Vic Vance Suits/Vic Vance - Soldier Outfit Remastered/00000000202ec9e46ad85982.png,insufficient_visible_detail_beyond_resize
00000000266e23d47311d21a,decked_psp,VCS-PSP (Europe) Texture PackUpdated16-04-2026/Main Characters Outfits/Vic Vance Suits/Vic Vance - Soldier Outfit Remastered/00000000266e23d460b03b82.png,insufficient_visible_detail_beyond_resize
00000000320ede7614386f35,decked_psp,VCS-PSP (Europe) Texture PackUpdated16-04-2026/Main Characters Outfits/Vic Vance Suits/Vic Vance - Soldier Outfit Remastered/00000000320ede76b96c7976.png,no_material_detail_beyond_simple_resize
000000005c59bbdcbb0764cd,decked_psp,VCS-PSP (Europe) Texture PackUpdated16-04-2026/Main Characters Outfits/Vic Vance Suits/Vic Vance - Soldier Outfit Remastered/000000005c59bbdc583d6056.png,insufficient_visible_detail_beyond_resize
0000000073ebdc4c93d0d510,decked_psp,VCS-PSP (Europe) Texture PackUpdated16-04-2026/Main Characters Outfits/Vic Vance Suits/Vic Vance - Soldier Outfit Remastered/0000000073ebdc4c5e445162.png,insufficient_visible_detail_beyond_resize
00000000e578e97ffdbb1528,decked_psp,VCS-PSP (Europe) Texture PackUpdated16-04-2026/Main Characters Outfits/Vic Vance Suits/Vic Vance - Soldier Outfit Remastered/00000000e578e97f6ca29770.png,insufficient_visible_detail_beyond_resize
000000000829d984db5bfed9,decked_psp,VCS-PSP (Europe) Texture PackUpdated16-04-2026/Main Characters Outfits/Vic Vance Suits/Vic Vance - Violet Shirt/000000000829d98456c1d7a8.png,less_than_2x_resolution
000000004cab2477fba4b2da,decked_psp,VCS-PSP (Europe) Texture PackUpdated16-04-2026/Main Characters Outfits/Vic Vance Suits/Vic Vance - Violet Shirt/000000004cab247736db70e8.png,less_than_2x_resolution | artwork_or_layout_differs_needs_manual_comparison
000000008d611f17b8ef1361,decked_psp,VCS-PSP (Europe) Texture PackUpdated16-04-2026/Main Characters Outfits/Vic Vance Suits/Vic Vance - Violet Shirt/000000008d611f17e16db722.png,less_than_2x_resolution
00000000b1f7e0b95eae7e21,decked_psp,VCS-PSP (Europe) Texture PackUpdated16-04-2026/Main Characters Outfits/Vic Vance Suits/Vic Vance - Violet Shirt/00000000b1f7e0b957d2c270.png,less_than_2x_resolution | artwork_or_layout_differs_needs_manual_comparison
00000000cbaaae4f8d9ef039,decked_psp,VCS-PSP (Europe) Texture PackUpdated16-04-2026/Main Characters Outfits/Vic Vance Suits/Vic Vance - Violet Shirt/00000000cbaaae4f310266b2.png,less_than_2x_resolution | artwork_or_layout_differs_needs_manual_comparison
00000000cfca0d83ceac4455,decked_psp,VCS-PSP (Europe) Texture PackUpdated16-04-2026/Main Characters Outfits/Vic Vance Suits/Vic Vance - Violet Shirt/00000000cfca0d83985d785e.png,less_than_2x_resolution | artwork_or_layout_differs_needs_manual_comparison
000000001200f554ee0ab2f1,decked_psp,VCS-PSP (Europe) Texture PackUpdated16-04-2026/Main Characters Outfits/Vic Vance Suits/Vic Vance - White Blue PastelSuit/000000001200f5548df96fd1.png,less_than_2x_resolution | artwork_or_layout_differs_needs_manual_comparison
0000000026d2c15656e8cd96,decked_psp,VCS-PSP (Europe) Texture PackUpdated16-04-2026/Main Characters Outfits/Vic Vance Suits/Vic Vance - White Blue PastelSuit/0000000026d2c1567e07714c.png,visual_recolor_or_changed_design | character_recolor_or_artwork_change
000000004c34799d16b4c3c4,decked_psp,VCS-PSP (Europe) Texture PackUpdated16-04-2026/Main Characters Outfits/Vic Vance Suits/Vic Vance - White Blue PastelSuit/000000004c34799d714b2c43.png,less_than_2x_resolution
0000000079f113ba86169c90,decked_psp,VCS-PSP (Europe) Texture PackUpdated16-04-2026/Main Characters Outfits/Vic Vance Suits/Vic Vance - White Blue PastelSuit/0000000079f113ba4d55f7fc.png,less_than_2x_resolution | artwork_or_layout_differs_needs_manual_comparison
0000000088c83ae0c9cd65d8,decked_psp,VCS-PSP (Europe) Texture PackUpdated16-04-2026/Main Characters Outfits/Vic Vance Suits/Vic Vance - White Blue PastelSuit/0000000088c83ae0dcad37ec.png,less_than_2x_resolution | artwork_or_layout_differs_needs_manual_comparison
0000000096ee7464da8374bf,decked_psp,VCS-PSP (Europe) Texture PackUpdated16-04-2026/Main Characters Outfits/Vic Vance Suits/Vic Vance - White Blue PastelSuit/0000000096ee7464c49ae574.png,less_than_2x_resolution | artwork_or_layout_differs_needs_manual_comparison
00000000a460de1a2527907e,decked_psp,VCS-PSP (Europe) Texture PackUpdated16-04-2026/Main Characters Outfits/Vic Vance Suits/Vic Vance - White Blue PastelSuit/00000000a460de1ab19b3783.png,visual_recolor_or_changed_design | character_recolor_or_artwork_change
00000000a8e74c0ca9277214,decked_psp,VCS-PSP (Europe) Texture PackUpdated16-04-2026/Main Characters Outfits/Vic Vance Suits/Vic Vance - White Blue PastelSuit/00000000a8e74c0ce058c2e1.png,less_than_2x_resolution | artwork_or_layout_differs_needs_manual_comparison
00000000c13f356cec931214,decked_psp,VCS-PSP (Europe) Texture PackUpdated16-04-2026/Main Characters Outfits/Vic Vance Suits/Vic Vance - White Blue PastelSuit/00000000c13f356cb7bcab83.png,less_than_2x_resolution | artwork_or_layout_differs_needs_manual_comparison
00000000c84231f84634452e,decked_psp,VCS-PSP (Europe) Texture PackUpdated16-04-2026/Main Characters Outfits/Vic Vance Suits/Vic Vance - White Blue PastelSuit/00000000c84231f8fad95080.png,less_than_2x_resolution | artwork_or_layout_differs_needs_manual_comparison
00000000eb77db9e66b348a0,decked_psp,VCS-PSP (Europe) Texture PackUpdated16-04-2026/Main Characters Outfits/Vic Vance Suits/Vic Vance - White Blue PastelSuit/00000000eb77db9ea00868de.png,less_than_2x_resolution | artwork_or_layout_differs_needs_manual_comparison
000000001200f554ee0ab2f1,decked_psp,VCS-PSP (Europe) Texture PackUpdated16-04-2026/Main Characters Outfits/Vic Vance Suits/Vic Vance - White Pink PastelSuit/000000001200f5548df96fd1.png,less_than_2x_resolution | artwork_or_layout_differs_needs_manual_comparison
0000000026d2c15656e8cd96,decked_psp,VCS-PSP (Europe) Texture PackUpdated16-04-2026/Main Characters Outfits/Vic Vance Suits/Vic Vance - White Pink PastelSuit/0000000026d2c1567e07714c.png,visual_recolor_or_changed_design | character_recolor_or_artwork_change
000000004c34799d16b4c3c4,decked_psp,VCS-PSP (Europe) Texture PackUpdated16-04-2026/Main Characters Outfits/Vic Vance Suits/Vic Vance - White Pink PastelSuit/000000004c34799d714b2c43.png,less_than_2x_resolution
0000000079f113ba86169c90,decked_psp,VCS-PSP (Europe) Texture PackUpdated16-04-2026/Main Characters Outfits/Vic Vance Suits/Vic Vance - White Pink PastelSuit/0000000079f113ba4d55f7fc.png,less_than_2x_resolution | artwork_or_layout_differs_needs_manual_comparison
0000000088c83ae0c9cd65d8,decked_psp,VCS-PSP (Europe) Texture PackUpdated16-04-2026/Main Characters Outfits/Vic Vance Suits/Vic Vance - White Pink PastelSuit/0000000088c83ae0dcad37ec.png,artwork_or_layout_differs_needs_manual_comparison
0000000096ee7464da8374bf,decked_psp,VCS-PSP (Europe) Texture PackUpdated16-04-2026/Main Characters Outfits/Vic Vance Suits/Vic Vance - White Pink PastelSuit/0000000096ee7464c49ae574.png,less_than_2x_resolution | artwork_or_layout_differs_needs_manual_comparison
00000000a460de1a2527907e,decked_psp,VCS-PSP (Europe) Texture PackUpdated16-04-2026/Main Characters Outfits/Vic Vance Suits/Vic Vance - White Pink PastelSuit/00000000a460de1ab19b3783.png,visual_recolor_or_changed_design | character_recolor_or_artwork_change
00000000a8e74c0ca9277214,decked_psp,VCS-PSP (Europe) Texture PackUpdated16-04-2026/Main Characters Outfits/Vic Vance Suits/Vic Vance - White Pink PastelSuit/00000000a8e74c0ce058c2e1.png,artwork_or_layout_differs_needs_manual_comparison
00000000c13f356cec931214,decked_psp,VCS-PSP (Europe) Texture PackUpdated16-04-2026/Main Characters Outfits/Vic Vance Suits/Vic Vance - White Pink PastelSuit/00000000c13f356cb7bcab83.png,less_than_2x_resolution | artwork_or_layout_differs_needs_manual_comparison
00000000c84231f84634452e,decked_psp,VCS-PSP (Europe) Texture PackUpdated16-04-2026/Main Characters Outfits/Vic Vance Suits/Vic Vance - White Pink PastelSuit/00000000c84231f8fad95080.png,less_than_2x_resolution | artwork_or_layout_differs_needs_manual_comparison
00000000eb77db9e66b348a0,decked_psp,VCS-PSP (Europe) Texture PackUpdated16-04-2026/Main Characters Outfits/Vic Vance Suits/Vic Vance - White Pink PastelSuit/00000000eb77db9ea00868de.png,less_than_2x_resolution | artwork_or_layout_differs_needs_manual_comparison
000000001200f554ee0ab2f1,decked_psp,VCS-PSP (Europe) Texture PackUpdated16-04-2026/Main Characters Outfits/Vic Vance Suits/Vic Vance - White Violet PastelSuit/000000001200f5548df96fd1.png,less_than_2x_resolution | artwork_or_layout_differs_needs_manual_comparison
0000000026d2c15656e8cd96,decked_psp,VCS-PSP (Europe) Texture PackUpdated16-04-2026/Main Characters Outfits/Vic Vance Suits/Vic Vance - White Violet PastelSuit/0000000026d2c1567e07714c.png,visual_recolor_or_changed_design | character_recolor_or_artwork_change
000000004c34799d16b4c3c4,decked_psp,VCS-PSP (Europe) Texture PackUpdated16-04-2026/Main Characters Outfits/Vic Vance Suits/Vic Vance - White Violet PastelSuit/000000004c34799d714b2c43.png,less_than_2x_resolution
0000000079f113ba86169c90,decked_psp,VCS-PSP (Europe) Texture PackUpdated16-04-2026/Main Characters Outfits/Vic Vance Suits/Vic Vance - White Violet PastelSuit/0000000079f113ba4d55f7fc.png,less_than_2x_resolution | artwork_or_layout_differs_needs_manual_comparison
0000000088c83ae0c9cd65d8,decked_psp,VCS-PSP (Europe) Texture PackUpdated16-04-2026/Main Characters Outfits/Vic Vance Suits/Vic Vance - White Violet PastelSuit/0000000088c83ae0dcad37ec.png,artwork_or_layout_differs_needs_manual_comparison
0000000096ee7464da8374bf,decked_psp,VCS-PSP (Europe) Texture PackUpdated16-04-2026/Main Characters Outfits/Vic Vance Suits/Vic Vance - White Violet PastelSuit/0000000096ee7464c49ae574.png,less_than_2x_resolution | artwork_or_layout_differs_needs_manual_comparison
00000000a460de1a2527907e,decked_psp,VCS-PSP (Europe) Texture PackUpdated16-04-2026/Main Characters Outfits/Vic Vance Suits/Vic Vance - White Violet PastelSuit/00000000a460de1ab19b3783.png,visual_recolor_or_changed_design | character_recolor_or_artwork_change
00000000a8e74c0ca9277214,decked_psp,VCS-PSP (Europe) Texture PackUpdated16-04-2026/Main Characters Outfits/Vic Vance Suits/Vic Vance - White Violet PastelSuit/00000000a8e74c0ce058c2e1.png,artwork_or_layout_differs_needs_manual_comparison
00000000c13f356cec931214,decked_psp,VCS-PSP (Europe) Texture PackUpdated16-04-2026/Main Characters Outfits/Vic Vance Suits/Vic Vance - White Violet PastelSuit/00000000c13f356cb7bcab83.png,less_than_2x_resolution | artwork_or_layout_differs_needs_manual_comparison
00000000c84231f84634452e,decked_psp,VCS-PSP (Europe) Texture PackUpdated16-04-2026/Main Characters Outfits/Vic Vance Suits/Vic Vance - White Violet PastelSuit/00000000c84231f8fad95080.png,less_than_2x_resolution | artwork_or_layout_differs_needs_manual_comparison
00000000eb77db9e66b348a0,decked_psp,VCS-PSP (Europe) Texture PackUpdated16-04-2026/Main Characters Outfits/Vic Vance Suits/Vic Vance - White Violet PastelSuit/00000000eb77db9ea00868de.png,less_than_2x_resolution | artwork_or_layout_differs_needs_manual_comparison
000000001200f554ee0ab2f1,decked_psp,VCS-PSP (Europe) Texture PackUpdated16-04-2026/Main Characters Outfits/Vic Vance Suits/Vic Vance Brown PastelSuit/000000001200f5548df96fd1.png,artwork_or_layout_differs_needs_manual_comparison
0000000026d2c15656e8cd96,decked_psp,VCS-PSP (Europe) Texture PackUpdated16-04-2026/Main Characters Outfits/Vic Vance Suits/Vic Vance Brown PastelSuit/0000000026d2c1567e07714c.png,visual_recolor_or_changed_design | character_recolor_or_artwork_change
000000004c34799d16b4c3c4,decked_psp,VCS-PSP (Europe) Texture PackUpdated16-04-2026/Main Characters Outfits/Vic Vance Suits/Vic Vance Brown PastelSuit/000000004c34799d714b2c43.png,less_than_2x_resolution
0000000079f113ba86169c90,decked_psp,VCS-PSP (Europe) Texture PackUpdated16-04-2026/Main Characters Outfits/Vic Vance Suits/Vic Vance Brown PastelSuit/0000000079f113ba4d55f7fc.png,artwork_or_layout_differs_needs_manual_comparison
0000000088c83ae0c9cd65d8,decked_psp,VCS-PSP (Europe) Texture PackUpdated16-04-2026/Main Characters Outfits/Vic Vance Suits/Vic Vance Brown PastelSuit/0000000088c83ae0dcad37ec.png,artwork_or_layout_differs_needs_manual_comparison
0000000096ee7464da8374bf,decked_psp,VCS-PSP (Europe) Texture PackUpdated16-04-2026/Main Characters Outfits/Vic Vance Suits/Vic Vance Brown PastelSuit/0000000096ee7464c49ae574.png,artwork_or_layout_differs_needs_manual_comparison
00000000a460de1a2527907e,decked_psp,VCS-PSP (Europe) Texture PackUpdated16-04-2026/Main Characters Outfits/Vic Vance Suits/Vic Vance Brown PastelSuit/00000000a460de1ab19b3783.png,visual_recolor_or_changed_design | character_recolor_or_artwork_change
00000000a8e74c0ca9277214,decked_psp,VCS-PSP (Europe) Texture PackUpdated16-04-2026/Main Characters Outfits/Vic Vance Suits/Vic Vance Brown PastelSuit/00000000a8e74c0ce058c2e1.png,artwork_or_layout_differs_needs_manual_comparison
00000000c13f356cec931214,decked_psp,VCS-PSP (Europe) Texture PackUpdated16-04-2026/Main Characters Outfits/Vic Vance Suits/Vic Vance Brown PastelSuit/00000000c13f356cb7bcab83.png,artwork_or_layout_differs_needs_manual_comparison
00000000c84231f84634452e,decked_psp,VCS-PSP (Europe) Texture PackUpdated16-04-2026/Main Characters Outfits/Vic Vance Suits/Vic Vance Brown PastelSuit/00000000c84231f8fad95080.png,artwork_or_layout_differs_needs_manual_comparison
00000000eb77db9e66b348a0,decked_psp,VCS-PSP (Europe) Texture PackUpdated16-04-2026/Main Characters Outfits/Vic Vance Suits/Vic Vance Brown PastelSuit/00000000eb77db9ea00868de.png,artwork_or_layout_differs_needs_manual_comparison
000000000829d984db5bfed9,decked_psp,VCS-PSP (Europe) Texture PackUpdated16-04-2026/Main Characters Outfits/Vic Vance Suits/White Casual Outfit/000000000829d98456c1d7a8.png,character_recolor_or_artwork_change
000000004cab2477fba4b2da,decked_psp,VCS-PSP (Europe) Texture PackUpdated16-04-2026/Main Characters Outfits/Vic Vance Suits/White Casual Outfit/000000004cab247736db70e8.png,artwork_or_layout_differs_needs_manual_comparison
000000008d611f17b8ef1361,decked_psp,VCS-PSP (Europe) Texture PackUpdated16-04-2026/Main Characters Outfits/Vic Vance Suits/White Casual Outfit/000000008d611f17e16db722.png,character_recolor_or_artwork_change
00000000b1f7e0b95eae7e21,decked_psp,VCS-PSP (Europe) Texture PackUpdated16-04-2026/Main Characters Outfits/Vic Vance Suits/White Casual Outfit/00000000b1f7e0b957d2c270.png,artwork_or_layout_differs_needs_manual_comparison
00000000cbaaae4f8d9ef039,decked_psp,VCS-PSP (Europe) Texture PackUpdated16-04-2026/Main Characters Outfits/Vic Vance Suits/White Casual Outfit/00000000cbaaae4f310266b2.png,artwork_or_layout_differs_needs_manual_comparison
00000000cfca0d83ceac4455,decked_psp,VCS-PSP (Europe) Texture PackUpdated16-04-2026/Main Characters Outfits/Vic Vance Suits/White Casual Outfit/00000000cfca0d83985d785e.png,artwork_or_layout_differs_needs_manual_comparison
00000000026b62a1e1654188,decked_psp,VCS-PSP (Europe) Texture PackUpdated16-04-2026/Main Characters Outfits/Vic Vance Suits/Yellow Cuban Outfit/00000000026b62a16bb901e0.png,artwork_or_layout_differs_needs_manual_comparison
00000000a9a5d4a6ecadb197,decked_psp,VCS-PSP (Europe) Texture PackUpdated16-04-2026/Main Characters Outfits/Vic Vance Suits/Yellow Cuban Outfit/00000000a9a5d4a68723dca9.png,artwork_or_layout_differs_needs_manual_comparison
00000000aadee97b7f97e879,decked_psp,VCS-PSP (Europe) Texture PackUpdated16-04-2026/Main Characters Outfits/Vic Vance Suits/Yellow Cuban Outfit/00000000aadee97b840ba500.png,insufficient_visible_detail_beyond_resize
00000000d61e07f276c0803f,decked_psp,VCS-PSP (Europe) Texture PackUpdated16-04-2026/Main Characters Outfits/Vic Vance Suits/Yellow Cuban Outfit/00000000d61e07f2a559d081.png,insufficient_visible_detail_beyond_resize
00000000aadee97b7f97e879,decked_psp,VCS-PSP (Europe) Texture PackUpdated16-04-2026/Main Characters Outfits/Vic Vance Suits/Yellow Cuban Outfit/Original/00000000aadee97b840ba500.png,insufficient_visible_detail_beyond_resize
00000000d61e07f276c0803f,decked_psp,VCS-PSP (Europe) Texture PackUpdated16-04-2026/Main Characters Outfits/Vic Vance Suits/Yellow Cuban Outfit/Original/00000000d61e07f2a559d081.png,insufficient_visible_detail_beyond_resize
000000000b832e5e1ca72ceb,decked_psp,VCS-PSP (Europe) Texture PackUpdated16-04-2026/ULES00502/000000000b832e5ecbcb5159.png,
000000000d865d34e202d7b0,decked_psp,VCS-PSP (Europe) Texture PackUpdated16-04-2026/ULES00502/000000000d865d34d7cbfdc1.png,insufficient_visible_detail_beyond_resize
000000000e8676dd4cf9754e,decked_psp,VCS-PSP (Europe) Texture PackUpdated16-04-2026/ULES00502/000000000e8676dd1b230061.png,insufficient_visible_detail_beyond_resize
000000000f2dca0071ba7755,decked_psp,VCS-PSP (Europe) Texture PackUpdated16-04-2026/ULES00502/000000000f2dca004424bb26.png,insufficient_visible_detail_beyond_resize
000000001200f554ee0ab2f1,decked_psp,VCS-PSP (Europe) Texture PackUpdated16-04-2026/ULES00502/000000001200f5548df96fd1.png,artwork_or_layout_differs_needs_manual_comparison
00000000175586b9dc9e62e2,decked_psp,VCS-PSP (Europe) Texture PackUpdated16-04-2026/ULES00502/00000000175586b9aac186b1.png,transparency_mask_changed
0000000018fbd34f84b2c05c,decked_psp,VCS-PSP (Europe) Texture PackUpdated16-04-2026/ULES00502/0000000018fbd34f7d102a5b.png,transparency_mask_changed | artwork_or_layout_differs_needs_manual_comparison
000000001bb3d28b82e6c9f9,decked_psp,VCS-PSP (Europe) Texture PackUpdated16-04-2026/ULES00502/000000001bb3d28b912abde5.png,transparency_mask_changed
000000001d639ae5bc4768fd,decked_psp,VCS-PSP (Europe) Texture PackUpdated16-04-2026/ULES00502/000000001d639ae570beaa8c.png,artwork_or_layout_differs_needs_manual_comparison
0000000020eb2ef4a3e6faaa,decked_psp,VCS-PSP (Europe) Texture PackUpdated16-04-2026/ULES00502/0000000020eb2ef437ac37ad.png,insufficient_visible_detail_beyond_resize
00000000252c9fb1f1bb085a,decked_psp,VCS-PSP (Europe) Texture PackUpdated16-04-2026/ULES00502/00000000252c9fb17fd82b30.png,aspect_ratio_changed | artwork_or_layout_differs_needs_manual_comparison
0000000026d2c15656e8cd96,decked_psp,VCS-PSP (Europe) Texture PackUpdated16-04-2026/ULES00502/0000000026d2c1567e07714c.png,visual_recolor_or_changed_design | character_recolor_or_artwork_change
0000000028fc0a1f66173c20,decked_psp,VCS-PSP (Europe) Texture PackUpdated16-04-2026/ULES00502/0000000028fc0a1f3dbb8762.png,insufficient_visible_detail_beyond_resize
000000002a4016bb99820284,decked_psp,VCS-PSP (Europe) Texture PackUpdated16-04-2026/ULES00502/000000002a4016bbf8e70f8a.png,opaque_original_became_translucent | artwork_or_layout_differs_needs_manual_comparison
000000002de62f895bc90946,decked_psp,VCS-PSP (Europe) Texture PackUpdated16-04-2026/ULES00502/000000002de62f891803faa9.png,transparency_mask_changed
000000002e5c261e1d46703c,decked_psp,VCS-PSP (Europe) Texture PackUpdated16-04-2026/ULES00502/000000002e5c261e88611816.png,insufficient_visible_detail_beyond_resize
000000002fad116a595b517e,decked_psp,VCS-PSP (Europe) Texture PackUpdated16-04-2026/ULES00502/000000002fad116ac901143a.png,insufficient_visible_detail_beyond_resize
000000002fce7315426d3aa3,decked_psp,VCS-PSP (Europe) Texture PackUpdated16-04-2026/ULES00502/000000002fce73156d9d5cf8.png,insufficient_visible_detail_beyond_resize
00000000352daa4473af1a97,decked_psp,VCS-PSP (Europe) Texture PackUpdated16-04-2026/ULES00502/00000000352daa44ced36f52.png,no_material_detail_beyond_simple_resize
0000000035d0805fa4381da7,decked_psp,VCS-PSP (Europe) Texture PackUpdated16-04-2026/ULES00502/0000000035d0805ff0ee293d.png,visual_recolor_or_changed_design | character_recolor_or_artwork_change
0000000037e725d701d97e67,decked_psp,VCS-PSP (Europe) Texture PackUpdated16-04-2026/ULES00502/0000000037e725d7035731f6.png,no_material_detail_beyond_simple_resize
0000000042e3ce63e1b44cb6,decked_psp,VCS-PSP (Europe) Texture PackUpdated16-04-2026/ULES00502/0000000042e3ce632d440c80.png,insufficient_visible_detail_beyond_resize
0000000043f34c7425a3a67c,decked_psp,VCS-PSP (Europe) Texture PackUpdated16-04-2026/ULES00502/0000000043f34c7477b483ce.png,no_material_detail_beyond_simple_resize
0000000045b9ac116cfdcc04,decked_psp,VCS-PSP (Europe) Texture PackUpdated16-04-2026/ULES00502/0000000045b9ac1171f613e3.png,insufficient_visible_detail_beyond_resize
000000004c1d73a01c6b7ac9,decked_psp,VCS-PSP (Europe) Texture PackUpdated16-04-2026/ULES00502/000000004c1d73a04248f576.png,
000000004cab2477fba4b2da,decked_psp,VCS-PSP (Europe) Texture PackUpdated16-04-2026/ULES00502/000000004cab247736db70e8.png,less_than_2x_resolution
000000004ee64eb7534f6782,decked_psp,VCS-PSP (Europe) Texture PackUpdated16-04-2026/ULES00502/000000004ee64eb7c86bf818.png,transparency_mask_changed
0000000057631f1b99c479d3,decked_psp,VCS-PSP (Europe) Texture PackUpdated16-04-2026/ULES00502/0000000057631f1ba1b24cdd.png,transparency_mask_changed | artwork_or_layout_differs_needs_manual_comparison
00000000577e84231a4694c5,decked_psp,VCS-PSP (Europe) Texture PackUpdated16-04-2026/ULES00502/00000000577e84235cce40c0.png,alpha_range_reduced | transparency_mask_changed | artwork_or_layout_differs_needs_manual_comparison
00000000577e84236256cafb,decked_psp,VCS-PSP (Europe) Texture PackUpdated16-04-2026/ULES00502/00000000577e84239c818614.png,alpha_range_reduced | transparency_mask_changed | artwork_or_layout_differs_needs_manual_comparison
0000000059e21d2e819a854f,decked_psp,VCS-PSP (Europe) Texture PackUpdated16-04-2026/ULES00502/0000000059e21d2ed74e4d04.png,insufficient_visible_detail_beyond_resize
000000005bea65ce1b26b08c,decked_psp,VCS-PSP (Europe) Texture PackUpdated16-04-2026/ULES00502/000000005bea65cec04038ee.png,no_material_detail_beyond_simple_resize
000000005d6dfb1e726ffddb,decked_psp,VCS-PSP (Europe) Texture PackUpdated16-04-2026/ULES00502/000000005d6dfb1ec795fba8.png,transparency_mask_changed
000000006099db2b8e2bbb49,decked_psp,VCS-PSP (Europe) Texture PackUpdated16-04-2026/ULES00502/000000006099db2b6bb40ad2.png,artwork_or_layout_differs_needs_manual_comparison
0000000060b9639bd7dae8bf,decked_psp,VCS-PSP (Europe) Texture PackUpdated16-04-2026/ULES00502/0000000060b9639bca73b34d.png,opaque_original_became_translucent | artwork_or_layout_differs_needs_manual_comparison
000000006217951ea8489289,decked_psp,VCS-PSP (Europe) Texture PackUpdated16-04-2026/ULES00502/000000006217951e73ec0f4d.png,insufficient_visible_detail_beyond_resize
0000000067e62d0dd86845fd,decked_psp,VCS-PSP (Europe) Texture PackUpdated16-04-2026/ULES00502/0000000067e62d0de88dbd78.png,artwork_or_layout_differs_needs_manual_comparison
000000006d7637fe939b2c19,decked_psp,VCS-PSP (Europe) Texture PackUpdated16-04-2026/ULES00502/000000006d7637fed1617173.png,less_than_2x_resolution | artwork_or_layout_differs_needs_manual_comparison
000000006ef712520b24fb17,decked_psp,VCS-PSP (Europe) Texture PackUpdated16-04-2026/ULES00502/000000006ef71252e0d8524c.png,opaque_original_became_translucent | artwork_or_layout_differs_needs_manual_comparison
00000000769d836edc1bc2c0,decked_psp,VCS-PSP (Europe) Texture PackUpdated16-04-2026/ULES00502/00000000769d836e865eb754.png,artwork_or_layout_differs_needs_manual_comparison
0000000077311d7ea08e7762,decked_psp,VCS-PSP (Europe) Texture PackUpdated16-04-2026/ULES00502/0000000077311d7ee4f6231a.png,artwork_or_layout_differs_needs_manual_comparison
0000000079f113ba86169c90,decked_psp,VCS-PSP (Europe) Texture PackUpdated16-04-2026/ULES00502/0000000079f113ba4d55f7fc.png,artwork_or_layout_differs_needs_manual_comparison
000000007f319df11610f2de,decked_psp,VCS-PSP (Europe) Texture PackUpdated16-04-2026/ULES00502/000000007f319df1362b02b2.png,opaque_original_became_translucent
000000008709a0ec35d65804,decked_psp,VCS-PSP (Europe) Texture PackUpdated16-04-2026/ULES00502/000000008709a0ecaa3d9073.png,character_recolor_or_artwork_change
0000000088c83ae0c9cd65d8,decked_psp,VCS-PSP (Europe) Texture PackUpdated16-04-2026/ULES00502/0000000088c83ae0dcad37ec.png,artwork_or_layout_differs_needs_manual_comparison
000000008cb2ed7e2527907e,decked_psp,VCS-PSP (Europe) Texture PackUpdated16-04-2026/ULES00502/000000008cb2ed7eb19b3783.png,visual_recolor_or_changed_design | character_recolor_or_artwork_change
000000008d4b2fe7dd94f4e1,decked_psp,VCS-PSP (Europe) Texture PackUpdated16-04-2026/ULES00502/000000008d4b2fe7db50992d.png,character_recolor_or_artwork_change
000000008d681e9de25b8642,decked_psp,VCS-PSP (Europe) Texture PackUpdated16-04-2026/ULES00502/000000008d681e9d8f9dda97.png,artwork_or_layout_differs_needs_manual_comparison
000000008fd2ed430c927c8f,decked_psp,VCS-PSP (Europe) Texture PackUpdated16-04-2026/ULES00502/000000008fd2ed43305d4a8a.png,transparency_mask_changed
000000009355b16b46c8250a,decked_psp,VCS-PSP (Europe) Texture PackUpdated16-04-2026/ULES00502/000000009355b16b490d20de.png,opaque_original_became_translucent | artwork_or_layout_differs_needs_manual_comparison
00000000948a8cd29d209fcc,decked_psp,VCS-PSP (Europe) Texture PackUpdated16-04-2026/ULES00502/00000000948a8cd251dbcbc1.png,insufficient_visible_detail_beyond_resize
0000000096ee7464da8374bf,decked_psp,VCS-PSP (Europe) Texture PackUpdated16-04-2026/ULES00502/0000000096ee7464c49ae574.png,artwork_or_layout_differs_needs_manual_comparison
000000009e2f40b32616dac5,decked_psp,VCS-PSP (Europe) Texture PackUpdated16-04-2026/ULES00502/000000009e2f40b37975075f.png,insufficient_visible_detail_beyond_resize
00000000a3c51e0c7bfdf6ca,decked_psp,VCS-PSP (Europe) Texture PackUpdated16-04-2026/ULES00502/00000000a3c51e0c42da39d3.png,
00000000a460de1a2527907e,decked_psp,VCS-PSP (Europe) Texture PackUpdated16-04-2026/ULES00502/00000000a460de1ab19b3783.png,visual_recolor_or_changed_design | character_recolor_or_artwork_change
00000000a4a2618be41d5f33,decked_psp,VCS-PSP (Europe) Texture PackUpdated16-04-2026/ULES00502/00000000a4a2618bd6eb3aae.png,less_than_2x_resolution | artwork_or_layout_differs_needs_manual_comparison
00000000a6123a35b2783309,decked_psp,VCS-PSP (Europe) Texture PackUpdated16-04-2026/ULES00502/00000000a6123a35cc963be9.png,transparency_mask_changed | artwork_or_layout_differs_needs_manual_comparison
00000000a81c8bedf4ef649b,decked_psp,VCS-PSP (Europe) Texture PackUpdated16-04-2026/ULES00502/00000000a81c8bed5bf1f93b.png,opaque_original_became_translucent | artwork_or_layout_differs_needs_manual_comparison
00000000a8e74c0ca9277214,decked_psp,VCS-PSP (Europe) Texture PackUpdated16-04-2026/ULES00502/00000000a8e74c0ce058c2e1.png,artwork_or_layout_differs_needs_manual_comparison
00000000aadee97b7f97e879,decked_psp,VCS-PSP (Europe) Texture PackUpdated16-04-2026/ULES00502/00000000aadee97b840ba500.png,insufficient_visible_detail_beyond_resize
00000000ac452ab6ba33ce27,decked_psp,VCS-PSP (Europe) Texture PackUpdated16-04-2026/ULES00502/00000000ac452ab63e889479.png,no_material_detail_beyond_simple_resize
00000000b1f7e0b95eae7e21,decked_psp,VCS-PSP (Europe) Texture PackUpdated16-04-2026/ULES00502/00000000b1f7e0b957d2c270.png,less_than_2x_resolution
00000000b6cb028875a7e7e5,decked_psp,VCS-PSP (Europe) Texture PackUpdated16-04-2026/ULES00502/00000000b6cb0288af033f85.png,transparency_mask_changed
00000000b96c0c4f821e9f72,decked_psp,VCS-PSP (Europe) Texture PackUpdated16-04-2026/ULES00502/00000000b96c0c4f3fb89984.png,no_material_detail_beyond_simple_resize
00000000baad675087d3970e,decked_psp,VCS-PSP (Europe) Texture PackUpdated16-04-2026/ULES00502/00000000baad67506c93c9f7.png,insufficient_visible_detail_beyond_resize
00000000bb21d4bf000b0ada,decked_psp,VCS-PSP (Europe) Texture PackUpdated16-04-2026/ULES00502/00000000bb21d4bf15312e20.png,artwork_or_layout_differs_needs_manual_comparison
00000000bc3d3fa9ec931214,decked_psp,VCS-PSP (Europe) Texture PackUpdated16-04-2026/ULES00502/00000000bc3d3fa9b7bcab83.png,less_than_2x_resolution | artwork_or_layout_differs_needs_manual_comparison
00000000bda1970ddeba2d9c,decked_psp,VCS-PSP (Europe) Texture PackUpdated16-04-2026/ULES00502/00000000bda1970da6aa2f27.png,transparency_mask_changed
00000000c08246e688d7e2af,decked_psp,VCS-PSP (Europe) Texture PackUpdated16-04-2026/ULES00502/00000000c08246e6e1bf43a9.png,transparency_mask_changed
00000000c13f356cec931214,decked_psp,VCS-PSP (Europe) Texture PackUpdated16-04-2026/ULES00502/00000000c13f356cb7bcab83.png,artwork_or_layout_differs_needs_manual_comparison
00000000c1afad85e3fdaffe,decked_psp,VCS-PSP (Europe) Texture PackUpdated16-04-2026/ULES00502/00000000c1afad8560ac9493.png,transparency_mask_changed
00000000c6507277a5679900,decked_psp,VCS-PSP (Europe) Texture PackUpdated16-04-2026/ULES00502/00000000c65072778f6a1219.png,alpha_range_reduced | transparency_mask_changed | artwork_or_layout_differs_needs_manual_comparison
00000000c6b8ef3b562d5fcb,decked_psp,VCS-PSP (Europe) Texture PackUpdated16-04-2026/ULES00502/00000000c6b8ef3be6b17f4b.png,no_material_detail_beyond_simple_resize
00000000c84231f84634452e,decked_psp,VCS-PSP (Europe) Texture PackUpdated16-04-2026/ULES00502/00000000c84231f8fad95080.png,artwork_or_layout_differs_needs_manual_comparison
00000000cba33b27ccf56805,decked_psp,VCS-PSP (Europe) Texture PackUpdated16-04-2026/ULES00502/00000000cba33b278603428a.png,less_than_2x_resolution | artwork_or_layout_differs_needs_manual_comparison
00000000cbaaae4f8d9ef039,decked_psp,VCS-PSP (Europe) Texture PackUpdated16-04-2026/ULES00502/00000000cbaaae4f310266b2.png,less_than_2x_resolution
00000000cd593c7ed4b465ff,decked_psp,VCS-PSP (Europe) Texture PackUpdated16-04-2026/ULES00502/00000000cd593c7e33c1ad3b.png,transparency_mask_changed
00000000cfca0d83ceac4455,decked_psp,VCS-PSP (Europe) Texture PackUpdated16-04-2026/ULES00502/00000000cfca0d83985d785e.png,less_than_2x_resolution
00000000d3bc75645a5dce93,decked_psp,VCS-PSP (Europe) Texture PackUpdated16-04-2026/ULES00502/00000000d3bc75642d961c9e.png,transparency_mask_changed | artwork_or_layout_differs_needs_manual_comparison
00000000d4d1d067eb2a33de,decked_psp,VCS-PSP (Europe) Texture PackUpdated16-04-2026/ULES00502/00000000d4d1d06771c09b4c.png,no_material_detail_beyond_simple_resize
00000000d61e07f276c0803f,decked_psp,VCS-PSP (Europe) Texture PackUpdated16-04-2026/ULES00502/00000000d61e07f2a559d081.png,insufficient_visible_detail_beyond_resize
00000000d71dc68b40e5fc10,decked_psp,VCS-PSP (Europe) Texture PackUpdated16-04-2026/ULES00502/00000000d71dc68b2a946a68.png,transparency_mask_changed
00000000db54fec5cb83a4b5,decked_psp,VCS-PSP (Europe) Texture PackUpdated16-04-2026/ULES00502/00000000db54fec5d716529f.png,insufficient_visible_detail_beyond_resize
00000000dbf1e60df5d93820,decked_psp,VCS-PSP (Europe) Texture PackUpdated16-04-2026/ULES00502/00000000dbf1e60dc333484b.png,no_material_detail_beyond_simple_resize
00000000deb4fd87e22e7123,decked_psp,VCS-PSP (Europe) Texture PackUpdated16-04-2026/ULES00502/00000000deb4fd87e2137cc2.png,opaque_original_became_translucent | artwork_or_layout_differs_needs_manual_comparison
00000000e06a47b02271b0ef,decked_psp,VCS-PSP (Europe) Texture PackUpdated16-04-2026/ULES00502/00000000e06a47b0a39823d5.png,
00000000e98726e8e404736a,decked_psp,VCS-PSP (Europe) Texture PackUpdated16-04-2026/ULES00502/00000000e98726e85a89c192.png,insufficient_visible_detail_beyond_resize
00000000eb77db9e66b348a0,decked_psp,VCS-PSP (Europe) Texture PackUpdated16-04-2026/ULES00502/00000000eb77db9ea00868de.png,artwork_or_layout_differs_needs_manual_comparison
00000000f2f6ff7cde502046,decked_psp,VCS-PSP (Europe) Texture PackUpdated16-04-2026/ULES00502/00000000f2f6ff7c80c3273c.png,opaque_original_became_translucent | artwork_or_layout_differs_needs_manual_comparison
00000000f5d16a343f36039c,decked_psp,VCS-PSP (Europe) Texture PackUpdated16-04-2026/ULES00502/00000000f5d16a344f0aca1d.png,transparency_mask_changed
00000000fb117b7c7b7ca41f,decked_psp,VCS-PSP (Europe) Texture PackUpdated16-04-2026/ULES00502/00000000fb117b7c54f798c5.png,no_material_detail_beyond_simple_resize
00000000087037148ab58286,decked_psp,VCS-PSP (Europe) Texture PackUpdated16-04-2026/ULES00502/Map/000000000870371440c07f28.png,transparency_mask_changed
000000000b7abdfa64e97f1c,decked_psp,VCS-PSP (Europe) Texture PackUpdated16-04-2026/ULES00502/Map/000000000b7abdfab2da1e80.png,transparency_mask_changed
000000000c30158f2a6653b8,decked_psp,VCS-PSP (Europe) Texture PackUpdated16-04-2026/ULES00502/Map/000000000c30158f73493f1b.png,transparency_mask_changed
000000000fb284482e1bd72b,decked_psp,VCS-PSP (Europe) Texture PackUpdated16-04-2026/ULES00502/Map/000000000fb284483713c077.png,transparency_mask_changed
0000000011dd5b8caddbf795,decked_psp,VCS-PSP (Europe) Texture PackUpdated16-04-2026/ULES00502/Map/0000000011dd5b8ceb7faa56.png,transparency_mask_changed
0000000014e2b63553aa74d1,decked_psp,VCS-PSP (Europe) Texture PackUpdated16-04-2026/ULES00502/Map/0000000014e2b6359f67dc05.png,transparency_mask_changed
000000001bb3d28b82e6c9f9,decked_psp,VCS-PSP (Europe) Texture PackUpdated16-04-2026/ULES00502/Map/000000001bb3d28b912abde5.png,transparency_mask_changed
00000000304c3cd167ca4ced,decked_psp,VCS-PSP (Europe) Texture PackUpdated16-04-2026/ULES00502/Map/00000000304c3cd1b90b0f3b.png,transparency_mask_changed
000000003ac7496fb77191e1,decked_psp,VCS-PSP (Europe) Texture PackUpdated16-04-2026/ULES00502/Map/000000003ac7496f1a56a10a.png,transparency_mask_changed
000000003d93f4106ea28df2,decked_psp,VCS-PSP (Europe) Texture PackUpdated16-04-2026/ULES00502/Map/000000003d93f410c761fd66.png,transparency_mask_changed
000000003e78ef977b70e734,decked_psp,VCS-PSP (Europe) Texture PackUpdated16-04-2026/ULES00502/Map/000000003e78ef971d2ae848.png,transparency_mask_changed
000000004ee64eb7534f6782,decked_psp,VCS-PSP (Europe) Texture PackUpdated16-04-2026/ULES00502/Map/000000004ee64eb7c86bf818.png,transparency_mask_changed
0000000050292b925181635b,decked_psp,VCS-PSP (Europe) Texture PackUpdated16-04-2026/ULES00502/Map/0000000050292b9270869655.png,transparency_mask_changed
0000000057f0a070b9dd338c,decked_psp,VCS-PSP (Europe) Texture PackUpdated16-04-2026/ULES00502/Map/0000000057f0a0701d85b5dd.png,transparency_mask_changed
00000000593f0e48616c9c22,decked_psp,VCS-PSP (Europe) Texture PackUpdated16-04-2026/ULES00502/Map/00000000593f0e4882728557.png,transparency_mask_changed
000000005d1b30f308bd639f,decked_psp,VCS-PSP (Europe) Texture PackUpdated16-04-2026/ULES00502/Map/000000005d1b30f38e58117e.png,
000000006d56239a626187df,decked_psp,VCS-PSP (Europe) Texture PackUpdated16-04-2026/ULES00502/Map/000000006d56239a5ca2003f.png,transparency_mask_changed
0000000074fab16ade1dd567,decked_psp,VCS-PSP (Europe) Texture PackUpdated16-04-2026/ULES00502/Map/0000000074fab16a8aa80c4b.png,transparency_mask_changed
0000000075d48265f6a4d9b6,decked_psp,VCS-PSP (Europe) Texture PackUpdated16-04-2026/ULES00502/Map/0000000075d4826518060066.png,transparency_mask_changed
000000007819538b93194898,decked_psp,VCS-PSP (Europe) Texture PackUpdated16-04-2026/ULES00502/Map/000000007819538bc8fbb79a.png,transparency_mask_changed
0000000082df81fdae8d522a,decked_psp,VCS-PSP (Europe) Texture PackUpdated16-04-2026/ULES00502/Map/0000000082df81fd8eed88b9.png,transparency_mask_changed
0000000089af105a893f3eea,decked_psp,VCS-PSP (Europe) Texture PackUpdated16-04-2026/ULES00502/Map/0000000089af105ad4bdfded.png,transparency_mask_changed
000000008f89a3a8c9dca0df,decked_psp,VCS-PSP (Europe) Texture PackUpdated16-04-2026/ULES00502/Map/000000008f89a3a8ab5131e3.png,
000000008fd2ed430c927c8f,decked_psp,VCS-PSP (Europe) Texture PackUpdated16-04-2026/ULES00502/Map/000000008fd2ed43305d4a8a.png,transparency_mask_changed
00000000969775f408402b1b,decked_psp,VCS-PSP (Europe) Texture PackUpdated16-04-2026/ULES00502/Map/00000000969775f474250745.png,transparency_mask_changed
000000009e663a0c09ae19e4,decked_psp,VCS-PSP (Europe) Texture PackUpdated16-04-2026/ULES00502/Map/000000009e663a0c203fcfbb.png,transparency_mask_changed
00000000a70d1636d98c494d,decked_psp,VCS-PSP (Europe) Texture PackUpdated16-04-2026/ULES00502/Map/00000000a70d1636547f3078.png,transparency_mask_changed
00000000ad1ad5c3e6f6321a,decked_psp,VCS-PSP (Europe) Texture PackUpdated16-04-2026/ULES00502/Map/00000000ad1ad5c38997dbb3.png,transparency_mask_changed
00000000aeafe9d7bb8c2d09,decked_psp,VCS-PSP (Europe) Texture PackUpdated16-04-2026/ULES00502/Map/00000000aeafe9d7ab16eb2e.png,transparency_mask_changed
00000000aedbdc4a498dd52e,decked_psp,VCS-PSP (Europe) Texture PackUpdated16-04-2026/ULES00502/Map/00000000aedbdc4ae8191e8e.png,transparency_mask_changed
00000000b6cb028875a7e7e5,decked_psp,VCS-PSP (Europe) Texture PackUpdated16-04-2026/ULES00502/Map/00000000b6cb0288af033f85.png,transparency_mask_changed
00000000b7faa5f5413cbd4d,decked_psp,VCS-PSP (Europe) Texture PackUpdated16-04-2026/ULES00502/Map/00000000b7faa5f506e5ba5b.png,transparency_mask_changed
00000000bda1970ddeba2d9c,decked_psp,VCS-PSP (Europe) Texture PackUpdated16-04-2026/ULES00502/Map/00000000bda1970da6aa2f27.png,transparency_mask_changed
00000000be7fb78e81ad774c,decked_psp,VCS-PSP (Europe) Texture PackUpdated16-04-2026/ULES00502/Map/00000000be7fb78e1dd96c54.png,transparency_mask_changed
00000000cc09d7baae9fea9a,decked_psp,VCS-PSP (Europe) Texture PackUpdated16-04-2026/ULES00502/Map/00000000cc09d7bae29f1e30.png,transparency_mask_changed
00000000ce57706d6e214404,decked_psp,VCS-PSP (Europe) Texture PackUpdated16-04-2026/ULES00502/Map/00000000ce57706d6343ec61.png,transparency_mask_changed
00000000d4037395d0fb1649,decked_psp,VCS-PSP (Europe) Texture PackUpdated16-04-2026/ULES00502/Map/00000000d40373950137179d.png,transparency_mask_changed
00000000d53d892037491974,decked_psp,VCS-PSP (Europe) Texture PackUpdated16-04-2026/ULES00502/Map/00000000d53d89209714b5e2.png,transparency_mask_changed
00000000d71dc68b40e5fc10,decked_psp,VCS-PSP (Europe) Texture PackUpdated16-04-2026/ULES00502/Map/00000000d71dc68b2a946a68.png,transparency_mask_changed
00000000ea1badf4eb394b99,decked_psp,VCS-PSP (Europe) Texture PackUpdated16-04-2026/ULES00502/Map/00000000ea1badf48123c2b6.png,transparency_mask_changed
00000000eb2f37547dd71d28,decked_psp,VCS-PSP (Europe) Texture PackUpdated16-04-2026/ULES00502/Map/00000000eb2f3754d1862293.png,transparency_mask_changed
00000000f3002d8ffc56fd6f,decked_psp,VCS-PSP (Europe) Texture PackUpdated16-04-2026/ULES00502/Map/00000000f3002d8f8eaefb74.png,transparency_mask_changed
00000000f50b3a6f1ac51255,decked_psp,VCS-PSP (Europe) Texture PackUpdated16-04-2026/ULES00502/Map/00000000f50b3a6f9df0dec7.png,transparency_mask_changed
00000000f5d16a343f36039c,decked_psp,VCS-PSP (Europe) Texture PackUpdated16-04-2026/ULES00502/Map/00000000f5d16a344f0aca1d.png,transparency_mask_changed
00000000f90efe3efa3aea10,decked_psp,VCS-PSP (Europe) Texture PackUpdated16-04-2026/ULES00502/Map/00000000f90efe3e7e4ae64a.png,transparency_mask_changed
00000000ff3a34df4210895e,decked_psp,VCS-PSP (Europe) Texture PackUpdated16-04-2026/ULES00502/Map/00000000ff3a34dfa534e3fb.png,transparency_mask_changed
000000009355b16b46c8250a,decked_psp,VCS-PSP (Europe) Texture PackUpdated16-04-2026/ULES00502/Loading Screen/Artworks (7).png,opaque_original_became_translucent | artwork_or_layout_differs_needs_manual_comparison
00000000deb4fd87e22e7123,decked_psp,VCS-PSP (Europe) Texture PackUpdated16-04-2026/ULES00502/Loading Screen/Artworks (5).png,opaque_original_became_translucent | artwork_or_layout_differs_needs_manual_comparison
00000000a81c8bedf4ef649b,decked_psp,VCS-PSP (Europe) Texture PackUpdated16-04-2026/ULES00502/Loading Screen/Artworks (4).png,opaque_original_became_translucent | artwork_or_layout_differs_needs_manual_comparison
000000006ef712520b24fb17,decked_psp,VCS-PSP (Europe) Texture PackUpdated16-04-2026/ULES00502/Loading Screen/Artworks (6).png,opaque_original_became_translucent | artwork_or_layout_differs_needs_manual_comparison
000000007f319df11610f2de,decked_psp,VCS-PSP (Europe) Texture PackUpdated16-04-2026/ULES00502/Loading Screen/Artworks (8).png,opaque_original_became_translucent
00000000f2f6ff7cde502046,decked_psp,VCS-PSP (Europe) Texture PackUpdated16-04-2026/ULES00502/Loading Screen/Artworks (9).png,opaque_original_became_translucent | artwork_or_layout_differs_needs_manual_comparison
0000000060b9639bd7dae8bf,decked_psp,VCS-PSP (Europe) Texture PackUpdated16-04-2026/ULES00502/Loading Screen/Artworks (10).png,opaque_original_became_translucent | artwork_or_layout_differs_needs_manual_comparison
000000002a4016bb99820284,decked_psp,VCS-PSP (Europe) Texture PackUpdated16-04-2026/ULES00502/Loading Screen/Artworks (11).png,opaque_original_became_translucent | artwork_or_layout_differs_needs_manual_comparison
00000000252c9fb1f1bb085a,decked_psp,VCS-PSP (Europe) Texture PackUpdated16-04-2026/ULES00502/Loading Screen/Welcome to Vice City.png,aspect_ratio_changed | artwork_or_layout_differs_needs_manual_comparison
0000000096fc2db2f2d74bc4,decked_psp,VCS-PSP (Europe) Texture PackUpdated16-04-2026/ULES00502/HUD/Weapons/Gaff_Hook.png,transparency_mask_changed
000000009dafff2659d80c34,decked_psp,VCS-PSP (Europe) Texture PackUpdated16-04-2026/ULES00502/HUD/Weapons/Butterfly_Knife.png,transparency_mask_changed
0000000073e07528e291951a,decked_psp,VCS-PSP (Europe) Texture PackUpdated16-04-2026/ULES00502/HUD/Weapons/Knife.png,transparency_mask_changed
000000006660ecc5ecde2a3c,decked_psp,VCS-PSP (Europe) Texture PackUpdated16-04-2026/ULES00502/HUD/Weapons/Landmile.png,transparency_mask_changed
000000000d865d34e202d7b0,decked_ps2,Vice City Stories - PS2 (USA) Texture Pack/SLUS-21590/Main Characters Outfits Updated - By Dankaishin/Armando Mendez Outfits/Armando Mendez - Original Outfit Remastered/3386a4ce99ed6d46-6cecc90d1e57d487-00001954.png,opaque_original_became_translucent
000000000d865d34e202d7b0,decked_ps2,Vice City Stories - PS2 (USA) Texture Pack/SLUS-21590/replacements/3386a4ce99ed6d46-6cecc90d1e57d487-00001954.png,opaque_original_became_translucent
0000000028fc0a1f66173c20,decked_ps2,Vice City Stories - PS2 (USA) Texture Pack/SLUS-21590/Main Characters Outfits Updated - By Dankaishin/Armando Mendez Outfits/Armando Mendez - Original Outfit Remastered/433db909e9cabf7a-57dfb2f37c2573d7-00001dd3.png,opaque_original_became_translucent
0000000028fc0a1f66173c20,decked_ps2,Vice City Stories - PS2 (USA) Texture Pack/SLUS-21590/Main Characters Outfits Updated - By Dankaishin/Armando Mendez Outfits/Armando Mendez - Original Outfit Remastered/b99262d6311b57c6-827c4c60db574c69-00001994.png,opaque_original_became_translucent
0000000028fc0a1f66173c20,decked_ps2,Vice City Stories - PS2 (USA) Texture Pack/SLUS-21590/Main Characters Outfits Updated - By Dankaishin/Armando Mendez Outfits/Armando Mendez - Original Outfit Remastered/fejdn256 (1).png,opaque_original_became_translucent
0000000028fc0a1f66173c20,decked_ps2,Vice City Stories - PS2 (USA) Texture Pack/SLUS-21590/replacements/433db909e9cabf7a-57dfb2f37c2573d7-00001dd3.png,opaque_original_became_translucent
0000000028fc0a1f66173c20,decked_ps2,Vice City Stories - PS2 (USA) Texture Pack/SLUS-21590/replacements/b99262d6311b57c6-827c4c60db574c69-00001994.png,opaque_original_became_translucent
0000000045b9ac116cfdcc04,decked_ps2,Vice City Stories - PS2 (USA) Texture Pack/SLUS-21590/Main Characters Outfits Updated - By Dankaishin/Armando Mendez Outfits/Armando Mendez - Original Outfit Remastered/23480bced1d3a6d5-5560df017b91d335-00001994.png,opaque_original_became_translucent
0000000045b9ac116cfdcc04,decked_ps2,Vice City Stories - PS2 (USA) Texture Pack/SLUS-21590/Main Characters Outfits Updated - By Dankaishin/Armando Mendez Outfits/Armando Mendez - Original Outfit Remastered/56f11acb52f478bc-bb14559139447307-00001dd3.png,opaque_original_became_translucent
0000000045b9ac116cfdcc04,decked_ps2,Vice City Stories - PS2 (USA) Texture Pack/SLUS-21590/replacements/23480bced1d3a6d5-5560df017b91d335-00001994.png,opaque_original_became_translucent
0000000045b9ac116cfdcc04,decked_ps2,Vice City Stories - PS2 (USA) Texture Pack/SLUS-21590/replacements/56f11acb52f478bc-bb14559139447307-00001dd3.png,opaque_original_became_translucent
0000000057422eb1f5c491d3,decked_ps2,Vice City Stories - PS2 (USA) Texture Pack/SLUS-21590/Main Characters Outfits Updated - By Dankaishin/Armando Mendez Outfits/Armando Mendez - Original Outfit Remastered/3386a4ce99ed6d46-6cecc90d1e57d487-00001954.png,opaque_original_became_translucent
0000000057422eb1f5c491d3,decked_ps2,Vice City Stories - PS2 (USA) Texture Pack/SLUS-21590/replacements/3386a4ce99ed6d46-6cecc90d1e57d487-00001954.png,opaque_original_became_translucent
000000005bea65ce1b26b08c,decked_ps2,Vice City Stories - PS2 (USA) Texture Pack/SLUS-21590/Main Characters Outfits Updated - By Dankaishin/Armando Mendez Outfits/Armando Mendez - Original Outfit Remastered/23480bced1d3a6d5-5560df017b91d335-00001994.png,opaque_original_became_translucent
000000005bea65ce1b26b08c,decked_ps2,Vice City Stories - PS2 (USA) Texture Pack/SLUS-21590/Main Characters Outfits Updated - By Dankaishin/Armando Mendez Outfits/Armando Mendez - Original Outfit Remastered/56f11acb52f478bc-bb14559139447307-00001dd3.png,opaque_original_became_translucent
000000005bea65ce1b26b08c,decked_ps2,Vice City Stories - PS2 (USA) Texture Pack/SLUS-21590/replacements/23480bced1d3a6d5-5560df017b91d335-00001994.png,opaque_original_became_translucent
000000005bea65ce1b26b08c,decked_ps2,Vice City Stories - PS2 (USA) Texture Pack/SLUS-21590/replacements/56f11acb52f478bc-bb14559139447307-00001dd3.png,opaque_original_became_translucent
00000000a6759bc0b4216e04,decked_ps2,Vice City Stories - PS2 (USA) Texture Pack/SLUS-21590/Main Characters Outfits Updated - By Dankaishin/Armando Mendez Outfits/Armando Mendez - Original Outfit Remastered/6c17bbf395098c1-784a74c460ac55a1-00001993.png,opaque_original_became_translucent
00000000a6759bc0b4216e04,decked_ps2,Vice City Stories - PS2 (USA) Texture Pack/SLUS-21590/replacements/6c17bbf395098c1-784a74c460ac55a1-00001993.png,opaque_original_became_translucent
00000000db54fec5cb83a4b5,decked_ps2,Vice City Stories - PS2 (USA) Texture Pack/SLUS-21590/Main Characters Outfits Updated - By Dankaishin/Armando Mendez Outfits/Armando Mendez - Original Outfit Remastered/6daf8c8e451d515c-d919caa4d3b2b67d-00001dd3.png,opaque_original_became_translucent
00000000db54fec5cb83a4b5,decked_ps2,Vice City Stories - PS2 (USA) Texture Pack/SLUS-21590/replacements/6daf8c8e451d515c-d919caa4d3b2b67d-00001dd3.png,opaque_original_became_translucent
00000000fb117b7c7b7ca41f,decked_ps2,Vice City Stories - PS2 (USA) Texture Pack/SLUS-21590/Main Characters Outfits Updated - By Dankaishin/Armando Mendez Outfits/Armando Mendez - Original Outfit Remastered/433db909e9cabf7a-57dfb2f37c2573d7-00001dd3.png,opaque_original_became_translucent
00000000fb117b7c7b7ca41f,decked_ps2,Vice City Stories - PS2 (USA) Texture Pack/SLUS-21590/Main Characters Outfits Updated - By Dankaishin/Armando Mendez Outfits/Armando Mendez - Original Outfit Remastered/b99262d6311b57c6-827c4c60db574c69-00001994.png,opaque_original_became_translucent
00000000fb117b7c7b7ca41f,decked_ps2,Vice City Stories - PS2 (USA) Texture Pack/SLUS-21590/Main Characters Outfits Updated - By Dankaishin/Armando Mendez Outfits/Armando Mendez - Original Outfit Remastered/fejdn256 (1).png,opaque_original_became_translucent
00000000fb117b7c7b7ca41f,decked_ps2,Vice City Stories - PS2 (USA) Texture Pack/SLUS-21590/replacements/433db909e9cabf7a-57dfb2f37c2573d7-00001dd3.png,opaque_original_became_translucent
00000000fb117b7c7b7ca41f,decked_ps2,Vice City Stories - PS2 (USA) Texture Pack/SLUS-21590/replacements/b99262d6311b57c6-827c4c60db574c69-00001994.png,opaque_original_became_translucent
000000000d865d34e202d7b0,decked_ps2,Vice City Stories - PS2 (USA) Texture Pack/SLUS-21590/Main Characters Outfits Updated - By Dankaishin/Armando Mendez Outfits/Armando Mendez - Outfit 3/3386a4ce99ed6d46-6cecc90d1e57d487-00001954.png,opaque_original_became_translucent | artwork_or_layout_differs_needs_manual_comparison
000000001a8eda7d45a056fb,decked_ps2,Vice City Stories - PS2 (USA) Texture Pack/SLUS-21590/Main Characters Outfits Updated - By Dankaishin/Armando Mendez Outfits/Armando Mendez - Outfit 3/812bbf62b68f79c6-1657571161442539-00001d94.png,opaque_original_became_translucent | artwork_or_layout_differs_needs_manual_comparison
000000001a8eda7d45a056fb,decked_ps2,Vice City Stories - PS2 (USA) Texture Pack/SLUS-21590/Main Characters Outfits Updated - By Dankaishin/Armando Mendez Outfits/Armando Mendez - Outfit 6/812bbf62b68f79c6-1657571161442539-00001d94.png,opaque_original_became_translucent | artwork_or_layout_differs_needs_manual_comparison
0000000028fc0a1f66173c20,decked_ps2,Vice City Stories - PS2 (USA) Texture Pack/SLUS-21590/Main Characters Outfits Updated - By Dankaishin/Armando Mendez Outfits/Armando Mendez - Outfit 3/433db909e9cabf7a-57dfb2f37c2573d7-00001dd3.png,opaque_original_became_translucent
0000000028fc0a1f66173c20,decked_ps2,Vice City Stories - PS2 (USA) Texture Pack/SLUS-21590/Main Characters Outfits Updated - By Dankaishin/Armando Mendez Outfits/Armando Mendez - Outfit 3/b99262d6311b57c6-827c4c60db574c69-00001994.png,opaque_original_became_translucent
000000003c67d9fd70bc397e,decked_ps2,Vice City Stories - PS2 (USA) Texture Pack/SLUS-21590/Main Characters Outfits Updated - By Dankaishin/Armando Mendez Outfits/Armando Mendez - Outfit 2/687448fe8ed3ddbb-251160861c51017-00001594.png,aspect_ratio_changed | opaque_original_became_translucent | artwork_or_layout_differs_needs_manual_comparison
000000003c67d9fd70bc397e,decked_ps2,Vice City Stories - PS2 (USA) Texture Pack/SLUS-21590/Main Characters Outfits Updated - By Dankaishin/Armando Mendez Outfits/Armando Mendez - Outfit 3/687448fe8ed3ddbb-251160861c51017-00001594.png,aspect_ratio_changed | opaque_original_became_translucent | artwork_or_layout_differs_needs_manual_comparison
000000003c67d9fd70bc397e,decked_ps2,Vice City Stories - PS2 (USA) Texture Pack/SLUS-21590/Main Characters Outfits Updated - By Dankaishin/Armando Mendez Outfits/Armando Mendez - Outfit 4/687448fe8ed3ddbb-251160861c51017-00001594.png,aspect_ratio_changed | opaque_original_became_translucent | artwork_or_layout_differs_needs_manual_comparison
000000003c67d9fd70bc397e,decked_ps2,Vice City Stories - PS2 (USA) Texture Pack/SLUS-21590/Main Characters Outfits Updated - By Dankaishin/Armando Mendez Outfits/Armando Mendez - Outfit 6/687448fe8ed3ddbb-251160861c51017-00001594.png,aspect_ratio_changed | opaque_original_became_translucent | artwork_or_layout_differs_needs_manual_comparison
0000000045b9ac116cfdcc04,decked_ps2,Vice City Stories - PS2 (USA) Texture Pack/SLUS-21590/Main Characters Outfits Updated - By Dankaishin/Armando Mendez Outfits/Armando Mendez - Outfit 3/23480bced1d3a6d5-5560df017b91d335-00001994.png,opaque_original_became_translucent
0000000045b9ac116cfdcc04,decked_ps2,Vice City Stories - PS2 (USA) Texture Pack/SLUS-21590/Main Characters Outfits Updated - By Dankaishin/Armando Mendez Outfits/Armando Mendez - Outfit 3/56f11acb52f478bc-bb14559139447307-00001dd3.png,opaque_original_became_translucent
0000000057422eb1f5c491d3,decked_ps2,Vice City Stories - PS2 (USA) Texture Pack/SLUS-21590/Main Characters Outfits Updated - By Dankaishin/Armando Mendez Outfits/Armando Mendez - Outfit 3/3386a4ce99ed6d46-6cecc90d1e57d487-00001954.png,opaque_original_became_translucent | artwork_or_layout_differs_needs_manual_comparison
000000005bea65ce1b26b08c,decked_ps2,Vice City Stories - PS2 (USA) Texture Pack/SLUS-21590/Main Characters Outfits Updated - By Dankaishin/Armando Mendez Outfits/Armando Mendez - Outfit 3/23480bced1d3a6d5-5560df017b91d335-00001994.png,opaque_original_became_translucent
000000005bea65ce1b26b08c,decked_ps2,Vice City Stories - PS2 (USA) Texture Pack/SLUS-21590/Main Characters Outfits Updated - By Dankaishin/Armando Mendez Outfits/Armando Mendez - Outfit 3/56f11acb52f478bc-bb14559139447307-00001dd3.png,opaque_original_became_translucent
00000000a6759bc0b4216e04,decked_ps2,Vice City Stories - PS2 (USA) Texture Pack/SLUS-21590/Main Characters Outfits Updated - By Dankaishin/Armando Mendez Outfits/Armando Mendez - Outfit 2/6c17bbf395098c1-784a74c460ac55a1-00001993.png,opaque_original_became_translucent
00000000a6759bc0b4216e04,decked_ps2,Vice City Stories - PS2 (USA) Texture Pack/SLUS-21590/Main Characters Outfits Updated - By Dankaishin/Armando Mendez Outfits/Armando Mendez - Outfit 3/6c17bbf395098c1-784a74c460ac55a1-00001993.png,opaque_original_became_translucent
00000000a6759bc0b4216e04,decked_ps2,Vice City Stories - PS2 (USA) Texture Pack/SLUS-21590/Main Characters Outfits Updated - By Dankaishin/Armando Mendez Outfits/Armando Mendez - Outfit 4/6c17bbf395098c1-784a74c460ac55a1-00001993.png,opaque_original_became_translucent
00000000a6759bc0b4216e04,decked_ps2,Vice City Stories - PS2 (USA) Texture Pack/SLUS-21590/Main Characters Outfits Updated - By Dankaishin/Armando Mendez Outfits/Armando Mendez - Outfit 6/6c17bbf395098c1-784a74c460ac55a1-00001993.png,opaque_original_became_translucent
00000000db54fec5cb83a4b5,decked_ps2,Vice City Stories - PS2 (USA) Texture Pack/SLUS-21590/Main Characters Outfits Updated - By Dankaishin/Armando Mendez Outfits/Armando Mendez - Outfit 3/6daf8c8e451d515c-d919caa4d3b2b67d-00001dd3.png,opaque_original_became_translucent | artwork_or_layout_differs_needs_manual_comparison
00000000fb117b7c7b7ca41f,decked_ps2,Vice City Stories - PS2 (USA) Texture Pack/SLUS-21590/Main Characters Outfits Updated - By Dankaishin/Armando Mendez Outfits/Armando Mendez - Outfit 3/433db909e9cabf7a-57dfb2f37c2573d7-00001dd3.png,opaque_original_became_translucent
00000000fb117b7c7b7ca41f,decked_ps2,Vice City Stories - PS2 (USA) Texture Pack/SLUS-21590/Main Characters Outfits Updated - By Dankaishin/Armando Mendez Outfits/Armando Mendez - Outfit 3/b99262d6311b57c6-827c4c60db574c69-00001994.png,opaque_original_became_translucent
000000000d865d34e202d7b0,decked_ps2,Vice City Stories - PS2 (USA) Texture Pack/SLUS-21590/Main Characters Outfits Updated - By Dankaishin/Armando Mendez Outfits/Armando Mendez - Outfit 4/3386a4ce99ed6d46-6cecc90d1e57d487-00001954.png,opaque_original_became_translucent
000000001a8eda7d45a056fb,decked_ps2,Vice City Stories - PS2 (USA) Texture Pack/SLUS-21590/Main Characters Outfits Updated - By Dankaishin/Armando Mendez Outfits/Armando Mendez - Outfit 4/812bbf62b68f79c6-1657571161442539-00001d94.png,opaque_original_became_translucent | artwork_or_layout_differs_needs_manual_comparison
0000000028fc0a1f66173c20,decked_ps2,Vice City Stories - PS2 (USA) Texture Pack/SLUS-21590/Main Characters Outfits Updated - By Dankaishin/Armando Mendez Outfits/Armando Mendez - Outfit 4/433db909e9cabf7a-57dfb2f37c2573d7-00001dd3.png,opaque_original_became_translucent
0000000028fc0a1f66173c20,decked_ps2,Vice City Stories - PS2 (USA) Texture Pack/SLUS-21590/Main Characters Outfits Updated - By Dankaishin/Armando Mendez Outfits/Armando Mendez - Outfit 4/b99262d6311b57c6-827c4c60db574c69-00001994.png,opaque_original_became_translucent
0000000045b9ac116cfdcc04,decked_ps2,Vice City Stories - PS2 (USA) Texture Pack/SLUS-21590/Main Characters Outfits Updated - By Dankaishin/Armando Mendez Outfits/Armando Mendez - Outfit 4/23480bced1d3a6d5-5560df017b91d335-00001994.png,opaque_original_became_translucent
0000000045b9ac116cfdcc04,decked_ps2,Vice City Stories - PS2 (USA) Texture Pack/SLUS-21590/Main Characters Outfits Updated - By Dankaishin/Armando Mendez Outfits/Armando Mendez - Outfit 4/56f11acb52f478bc-bb14559139447307-00001dd3.png,opaque_original_became_translucent
0000000057422eb1f5c491d3,decked_ps2,Vice City Stories - PS2 (USA) Texture Pack/SLUS-21590/Main Characters Outfits Updated - By Dankaishin/Armando Mendez Outfits/Armando Mendez - Outfit 4/3386a4ce99ed6d46-6cecc90d1e57d487-00001954.png,opaque_original_became_translucent
000000005bea65ce1b26b08c,decked_ps2,Vice City Stories - PS2 (USA) Texture Pack/SLUS-21590/Main Characters Outfits Updated - By Dankaishin/Armando Mendez Outfits/Armando Mendez - Outfit 4/23480bced1d3a6d5-5560df017b91d335-00001994.png,opaque_original_became_translucent
000000005bea65ce1b26b08c,decked_ps2,Vice City Stories - PS2 (USA) Texture Pack/SLUS-21590/Main Characters Outfits Updated - By Dankaishin/Armando Mendez Outfits/Armando Mendez - Outfit 4/56f11acb52f478bc-bb14559139447307-00001dd3.png,opaque_original_became_translucent
00000000db54fec5cb83a4b5,decked_ps2,Vice City Stories - PS2 (USA) Texture Pack/SLUS-21590/Main Characters Outfits Updated - By Dankaishin/Armando Mendez Outfits/Armando Mendez - Outfit 4/6daf8c8e451d515c-d919caa4d3b2b67d-00001dd3.png,opaque_original_became_translucent | artwork_or_layout_differs_needs_manual_comparison
00000000fb117b7c7b7ca41f,decked_ps2,Vice City Stories - PS2 (USA) Texture Pack/SLUS-21590/Main Characters Outfits Updated - By Dankaishin/Armando Mendez Outfits/Armando Mendez - Outfit 4/433db909e9cabf7a-57dfb2f37c2573d7-00001dd3.png,opaque_original_became_translucent
00000000fb117b7c7b7ca41f,decked_ps2,Vice City Stories - PS2 (USA) Texture Pack/SLUS-21590/Main Characters Outfits Updated - By Dankaishin/Armando Mendez Outfits/Armando Mendez - Outfit 4/b99262d6311b57c6-827c4c60db574c69-00001994.png,opaque_original_became_translucent
000000000d865d34e202d7b0,decked_ps2,Vice City Stories - PS2 (USA) Texture Pack/SLUS-21590/Main Characters Outfits Updated - By Dankaishin/Armando Mendez Outfits/Armando Mendez - Outfit 6/3386a4ce99ed6d46-6cecc90d1e57d487-00001954.png,opaque_original_became_translucent
0000000028fc0a1f66173c20,decked_ps2,Vice City Stories - PS2 (USA) Texture Pack/SLUS-21590/Main Characters Outfits Updated - By Dankaishin/Armando Mendez Outfits/Armando Mendez - Outfit 6/433db909e9cabf7a-57dfb2f37c2573d7-00001dd3.png,opaque_original_became_translucent
0000000028fc0a1f66173c20,decked_ps2,Vice City Stories - PS2 (USA) Texture Pack/SLUS-21590/Main Characters Outfits Updated - By Dankaishin/Armando Mendez Outfits/Armando Mendez - Outfit 6/b99262d6311b57c6-827c4c60db574c69-00001994.png,opaque_original_became_translucent
0000000045b9ac116cfdcc04,decked_ps2,Vice City Stories - PS2 (USA) Texture Pack/SLUS-21590/Main Characters Outfits Updated - By Dankaishin/Armando Mendez Outfits/Armando Mendez - Outfit 6/23480bced1d3a6d5-5560df017b91d335-00001994.png,opaque_original_became_translucent
0000000045b9ac116cfdcc04,decked_ps2,Vice City Stories - PS2 (USA) Texture Pack/SLUS-21590/Main Characters Outfits Updated - By Dankaishin/Armando Mendez Outfits/Armando Mendez - Outfit 6/56f11acb52f478bc-bb14559139447307-00001dd3.png,opaque_original_became_translucent
0000000057422eb1f5c491d3,decked_ps2,Vice City Stories - PS2 (USA) Texture Pack/SLUS-21590/Main Characters Outfits Updated - By Dankaishin/Armando Mendez Outfits/Armando Mendez - Outfit 6/3386a4ce99ed6d46-6cecc90d1e57d487-00001954.png,opaque_original_became_translucent
000000005bea65ce1b26b08c,decked_ps2,Vice City Stories - PS2 (USA) Texture Pack/SLUS-21590/Main Characters Outfits Updated - By Dankaishin/Armando Mendez Outfits/Armando Mendez - Outfit 6/23480bced1d3a6d5-5560df017b91d335-00001994.png,opaque_original_became_translucent
000000005bea65ce1b26b08c,decked_ps2,Vice City Stories - PS2 (USA) Texture Pack/SLUS-21590/Main Characters Outfits Updated - By Dankaishin/Armando Mendez Outfits/Armando Mendez - Outfit 6/56f11acb52f478bc-bb14559139447307-00001dd3.png,opaque_original_became_translucent
00000000db54fec5cb83a4b5,decked_ps2,Vice City Stories - PS2 (USA) Texture Pack/SLUS-21590/Main Characters Outfits Updated - By Dankaishin/Armando Mendez Outfits/Armando Mendez - Outfit 6/6daf8c8e451d515c-d919caa4d3b2b67d-00001dd3.png,opaque_original_became_translucent | artwork_or_layout_differs_needs_manual_comparison
00000000fb117b7c7b7ca41f,decked_ps2,Vice City Stories - PS2 (USA) Texture Pack/SLUS-21590/Main Characters Outfits Updated - By Dankaishin/Armando Mendez Outfits/Armando Mendez - Outfit 6/433db909e9cabf7a-57dfb2f37c2573d7-00001dd3.png,opaque_original_became_translucent
00000000fb117b7c7b7ca41f,decked_ps2,Vice City Stories - PS2 (USA) Texture Pack/SLUS-21590/Main Characters Outfits Updated - By Dankaishin/Armando Mendez Outfits/Armando Mendez - Outfit 6/b99262d6311b57c6-827c4c60db574c69-00001994.png,opaque_original_became_translucent
000000000d865d34e202d7b0,decked_ps2,Vice City Stories - PS2 (USA) Texture Pack/SLUS-21590/Main Characters Outfits Updated - By Dankaishin/Armando Mendez Outfits/Armando Mendez - Outfit 2/3386a4ce99ed6d46-6cecc90d1e57d487-00001954.png,opaque_original_became_translucent | artwork_or_layout_differs_needs_manual_comparison
000000001a8eda7d45a056fb,decked_ps2,Vice City Stories - PS2 (USA) Texture Pack/SLUS-21590/Main Characters Outfits Updated - By Dankaishin/Armando Mendez Outfits/Armando Mendez - Outfit 2/812bbf62b68f79c6-1657571161442539-00001d94.png,opaque_original_became_translucent
0000000028fc0a1f66173c20,decked_ps2,Vice City Stories - PS2 (USA) Texture Pack/SLUS-21590/Main Characters Outfits Updated - By Dankaishin/Armando Mendez Outfits/Armando Mendez - Outfit 2/433db909e9cabf7a-57dfb2f37c2573d7-00001dd3.png,opaque_original_became_translucent | artwork_or_layout_differs_needs_manual_comparison
0000000028fc0a1f66173c20,decked_ps2,Vice City Stories - PS2 (USA) Texture Pack/SLUS-21590/Main Characters Outfits Updated - By Dankaishin/Armando Mendez Outfits/Armando Mendez - Outfit 2/b99262d6311b57c6-827c4c60db574c69-00001994.png,opaque_original_became_translucent | artwork_or_layout_differs_needs_manual_comparison
0000000045b9ac116cfdcc04,decked_ps2,Vice City Stories - PS2 (USA) Texture Pack/SLUS-21590/Main Characters Outfits Updated - By Dankaishin/Armando Mendez Outfits/Armando Mendez - Outfit 2/23480bced1d3a6d5-5560df017b91d335-00001994.png,opaque_original_became_translucent | artwork_or_layout_differs_needs_manual_comparison
0000000045b9ac116cfdcc04,decked_ps2,Vice City Stories - PS2 (USA) Texture Pack/SLUS-21590/Main Characters Outfits Updated - By Dankaishin/Armando Mendez Outfits/Armando Mendez - Outfit 2/56f11acb52f478bc-bb14559139447307-00001dd3.png,opaque_original_became_translucent | artwork_or_layout_differs_needs_manual_comparison
0000000057422eb1f5c491d3,decked_ps2,Vice City Stories - PS2 (USA) Texture Pack/SLUS-21590/Main Characters Outfits Updated - By Dankaishin/Armando Mendez Outfits/Armando Mendez - Outfit 2/3386a4ce99ed6d46-6cecc90d1e57d487-00001954.png,opaque_original_became_translucent | artwork_or_layout_differs_needs_manual_comparison
000000005bea65ce1b26b08c,decked_ps2,Vice City Stories - PS2 (USA) Texture Pack/SLUS-21590/Main Characters Outfits Updated - By Dankaishin/Armando Mendez Outfits/Armando Mendez - Outfit 2/23480bced1d3a6d5-5560df017b91d335-00001994.png,opaque_original_became_translucent | artwork_or_layout_differs_needs_manual_comparison
000000005bea65ce1b26b08c,decked_ps2,Vice City Stories - PS2 (USA) Texture Pack/SLUS-21590/Main Characters Outfits Updated - By Dankaishin/Armando Mendez Outfits/Armando Mendez - Outfit 2/56f11acb52f478bc-bb14559139447307-00001dd3.png,opaque_original_became_translucent | artwork_or_layout_differs_needs_manual_comparison
00000000db54fec5cb83a4b5,decked_ps2,Vice City Stories - PS2 (USA) Texture Pack/SLUS-21590/Main Characters Outfits Updated - By Dankaishin/Armando Mendez Outfits/Armando Mendez - Outfit 2/6daf8c8e451d515c-d919caa4d3b2b67d-00001dd3.png,opaque_original_became_translucent
00000000fb117b7c7b7ca41f,decked_ps2,Vice City Stories - PS2 (USA) Texture Pack/SLUS-21590/Main Characters Outfits Updated - By Dankaishin/Armando Mendez Outfits/Armando Mendez - Outfit 2/433db909e9cabf7a-57dfb2f37c2573d7-00001dd3.png,opaque_original_became_translucent | artwork_or_layout_differs_needs_manual_comparison
00000000fb117b7c7b7ca41f,decked_ps2,Vice City Stories - PS2 (USA) Texture Pack/SLUS-21590/Main Characters Outfits Updated - By Dankaishin/Armando Mendez Outfits/Armando Mendez - Outfit 2/b99262d6311b57c6-827c4c60db574c69-00001994.png,opaque_original_became_translucent | artwork_or_layout_differs_needs_manual_comparison
0000000020eb2ef4a3e6faaa,decked_ps2,Vice City Stories - PS2 (USA) Texture Pack/SLUS-21590/Main Characters Outfits Updated - By Dankaishin/Diego Mendez Outfits/Diego Mendez Outfit 2/8b52ca77725cbbff-52bfe3568b03e587-00001994.png,opaque_original_became_translucent | artwork_or_layout_differs_needs_manual_comparison
0000000020eb2ef4a3e6faaa,decked_ps2,Vice City Stories - PS2 (USA) Texture Pack/SLUS-21590/Main Characters Outfits Updated - By Dankaishin/Diego Mendez Outfits/Diego Mendez Outfit 2/cbf0cb32953cb065-83b64f988204c440-00001dd3.png,opaque_original_became_translucent | artwork_or_layout_differs_needs_manual_comparison
000000002a0fca545085bdf2,decked_ps2,Vice City Stories - PS2 (USA) Texture Pack/SLUS-21590/Main Characters Outfits Updated - By Dankaishin/Diego Mendez Outfits/Diego Mendez Original Outfit Remastered/257c92b391472f85-f6a761a649e8104-00001993.png,opaque_original_became_translucent
000000002a0fca545085bdf2,decked_ps2,Vice City Stories - PS2 (USA) Texture Pack/SLUS-21590/Main Characters Outfits Updated - By Dankaishin/Diego Mendez Outfits/Diego Mendez Original Outfit Remastered/d6bd27aece374ae1-a9734c2c3ca0a7b4-00001554.png,opaque_original_became_translucent
000000002a0fca545085bdf2,decked_ps2,Vice City Stories - PS2 (USA) Texture Pack/SLUS-21590/Main Characters Outfits Updated - By Dankaishin/Diego Mendez Outfits/Diego Mendez Outfit 2/257c92b391472f85-f6a761a649e8104-00001993.png,opaque_original_became_translucent
000000002a0fca545085bdf2,decked_ps2,Vice City Stories - PS2 (USA) Texture Pack/SLUS-21590/Main Characters Outfits Updated - By Dankaishin/Diego Mendez Outfits/Diego Mendez Outfit 2/d6bd27aece374ae1-a9734c2c3ca0a7b4-00001554.png,opaque_original_became_translucent
000000002a0fca545085bdf2,decked_ps2,Vice City Stories - PS2 (USA) Texture Pack/SLUS-21590/replacements/257c92b391472f85-f6a761a649e8104-00001993.png,opaque_original_became_translucent
000000002a0fca545085bdf2,decked_ps2,Vice City Stories - PS2 (USA) Texture Pack/SLUS-21590/replacements/d6bd27aece374ae1-a9734c2c3ca0a7b4-00001554.png,opaque_original_became_translucent
000000002fad116a595b517e,decked_ps2,Vice City Stories - PS2 (USA) Texture Pack/SLUS-21590/Main Characters Outfits Updated - By Dankaishin/Diego Mendez Outfits/Diego Mendez Outfit 2/4a2f00ce784ebeee-bc8db69469ed2429-00001dd3.png,opaque_original_became_translucent | artwork_or_layout_differs_needs_manual_comparison
000000002fad116a595b517e,decked_ps2,Vice City Stories - PS2 (USA) Texture Pack/SLUS-21590/Main Characters Outfits Updated - By Dankaishin/Diego Mendez Outfits/Diego Mendez Outfit 2/c98977c55a371b20-a448e553fb8624bb-00001994.png,opaque_original_became_translucent | artwork_or_layout_differs_needs_manual_comparison
000000002fce7315426d3aa3,decked_ps2,Vice City Stories - PS2 (USA) Texture Pack/SLUS-21590/Main Characters Outfits Updated - By Dankaishin/Diego Mendez Outfits/Diego Mendez Outfit 2/c7225e8c16a93389-268553e35b05454a-00001d94.png,opaque_original_became_translucent | artwork_or_layout_differs_needs_manual_comparison
0000000042e3ce63e1b44cb6,decked_ps2,Vice City Stories - PS2 (USA) Texture Pack/SLUS-21590/Main Characters Outfits Updated - By Dankaishin/Diego Mendez Outfits/Diego Mendez Original Outfit Remastered/e1aa65eacc29fcf3-fc4bb806f1301c85-00001993.png,opaque_original_became_translucent
0000000042e3ce63e1b44cb6,decked_ps2,Vice City Stories - PS2 (USA) Texture Pack/SLUS-21590/Main Characters Outfits Updated - By Dankaishin/Diego Mendez Outfits/Diego Mendez Outfit 2/e1aa65eacc29fcf3-fc4bb806f1301c85-00001993.png,opaque_original_became_translucent
0000000042e3ce63e1b44cb6,decked_ps2,Vice City Stories - PS2 (USA) Texture Pack/SLUS-21590/Main Characters Outfits Updated - By Dankaishin/Diego Mendez Outfits/Diego Mendez Outfit 3/e1aa65eacc29fcf3-fc4bb806f1301c85-00001993.png,opaque_original_became_translucent
0000000042e3ce63e1b44cb6,decked_ps2,Vice City Stories - PS2 (USA) Texture Pack/SLUS-21590/Main Characters Outfits Updated - By Dankaishin/Vic Vance Outfits Updated/Vic Vance - White Pink PastelSuit/5b269a70b1ae1525-168aec30bf97e6f7-00005994.png,opaque_original_became_translucent
0000000042e3ce63e1b44cb6,decked_ps2,Vice City Stories - PS2 (USA) Texture Pack/SLUS-21590/Main Characters Outfits Updated - By Dankaishin/Vic Vance Outfits Updated/Vic Vance - White Pink PastelSuit/ce83157cf9903333-a746842a64c93c47-00005993.png,opaque_original_became_translucent
0000000042e3ce63e1b44cb6,decked_ps2,Vice City Stories - PS2 (USA) Texture Pack/SLUS-21590/Main Characters Outfits Updated - By Dankaishin/Vic Vance Outfits Updated/Vic Vance - White Violet PastelSuit/5b269a70b1ae1525-168aec30bf97e6f7-00005994.png,opaque_original_became_translucent
0000000042e3ce63e1b44cb6,decked_ps2,Vice City Stories - PS2 (USA) Texture Pack/SLUS-21590/Main Characters Outfits Updated - By Dankaishin/Vic Vance Outfits Updated/Vic Vance - White Violet PastelSuit/ce83157cf9903333-a746842a64c93c47-00005993.png,opaque_original_became_translucent
0000000042e3ce63e1b44cb6,decked_ps2,Vice City Stories - PS2 (USA) Texture Pack/SLUS-21590/replacements/e1aa65eacc29fcf3-fc4bb806f1301c85-00001993.png,opaque_original_became_translucent
0000000043f34c7425a3a67c,decked_ps2,Vice City Stories - PS2 (USA) Texture Pack/SLUS-21590/Main Characters Outfits Updated - By Dankaishin/Diego Mendez Outfits/Diego Mendez Outfit 2/4a2f00ce784ebeee-bc8db69469ed2429-00001dd3.png,opaque_original_became_translucent | artwork_or_layout_differs_needs_manual_comparison
0000000043f34c7425a3a67c,decked_ps2,Vice City Stories - PS2 (USA) Texture Pack/SLUS-21590/Main Characters Outfits Updated - By Dankaishin/Diego Mendez Outfits/Diego Mendez Outfit 2/c98977c55a371b20-a448e553fb8624bb-00001994.png,opaque_original_became_translucent | artwork_or_layout_differs_needs_manual_comparison
00000000ac452ab6ba33ce27,decked_ps2,Vice City Stories - PS2 (USA) Texture Pack/SLUS-21590/Main Characters Outfits Updated - By Dankaishin/Diego Mendez Outfits/Diego Mendez Outfit 2/c7225e8c16a93389-268553e35b05454a-00001d94.png,opaque_original_became_translucent | artwork_or_layout_differs_needs_manual_comparison
00000000cd0d74089524d566,decked_ps2,Vice City Stories - PS2 (USA) Texture Pack/SLUS-21590/Main Characters Outfits Updated - By Dankaishin/Diego Mendez Outfits/Diego Mendez Original Outfit Remastered/257c92b391472f85-f6a761a649e8104-00001993.png,opaque_original_became_translucent
00000000cd0d74089524d566,decked_ps2,Vice City Stories - PS2 (USA) Texture Pack/SLUS-21590/Main Characters Outfits Updated - By Dankaishin/Diego Mendez Outfits/Diego Mendez Original Outfit Remastered/d6bd27aece374ae1-a9734c2c3ca0a7b4-00001554.png,opaque_original_became_translucent
00000000cd0d74089524d566,decked_ps2,Vice City Stories - PS2 (USA) Texture Pack/SLUS-21590/Main Characters Outfits Updated - By Dankaishin/Diego Mendez Outfits/Diego Mendez Outfit 2/257c92b391472f85-f6a761a649e8104-00001993.png,opaque_original_became_translucent
00000000cd0d74089524d566,decked_ps2,Vice City Stories - PS2 (USA) Texture Pack/SLUS-21590/Main Characters Outfits Updated - By Dankaishin/Diego Mendez Outfits/Diego Mendez Outfit 2/d6bd27aece374ae1-a9734c2c3ca0a7b4-00001554.png,opaque_original_became_translucent
00000000cd0d74089524d566,decked_ps2,Vice City Stories - PS2 (USA) Texture Pack/SLUS-21590/replacements/257c92b391472f85-f6a761a649e8104-00001993.png,opaque_original_became_translucent
00000000cd0d74089524d566,decked_ps2,Vice City Stories - PS2 (USA) Texture Pack/SLUS-21590/replacements/d6bd27aece374ae1-a9734c2c3ca0a7b4-00001554.png,opaque_original_became_translucent
00000000d4d1d067eb2a33de,decked_ps2,Vice City Stories - PS2 (USA) Texture Pack/SLUS-21590/Main Characters Outfits Updated - By Dankaishin/Diego Mendez Outfits/Diego Mendez Outfit 2/8b52ca77725cbbff-52bfe3568b03e587-00001994.png,opaque_original_became_translucent | artwork_or_layout_differs_needs_manual_comparison
00000000d4d1d067eb2a33de,decked_ps2,Vice City Stories - PS2 (USA) Texture Pack/SLUS-21590/Main Characters Outfits Updated - By Dankaishin/Diego Mendez Outfits/Diego Mendez Outfit 2/cbf0cb32953cb065-83b64f988204c440-00001dd3.png,opaque_original_became_translucent | artwork_or_layout_differs_needs_manual_comparison
0000000020eb2ef4a3e6faaa,decked_ps2,Vice City Stories - PS2 (USA) Texture Pack/SLUS-21590/Main Characters Outfits Updated - By Dankaishin/Diego Mendez Outfits/Diego Mendez Outfit 3/8b52ca77725cbbff-52bfe3568b03e587-00001994.png,opaque_original_became_translucent | artwork_or_layout_differs_needs_manual_comparison
0000000020eb2ef4a3e6faaa,decked_ps2,Vice City Stories - PS2 (USA) Texture Pack/SLUS-21590/Main Characters Outfits Updated - By Dankaishin/Diego Mendez Outfits/Diego Mendez Outfit 3/cbf0cb32953cb065-83b64f988204c440-00001dd3.png,opaque_original_became_translucent | artwork_or_layout_differs_needs_manual_comparison
000000002a0fca545085bdf2,decked_ps2,Vice City Stories - PS2 (USA) Texture Pack/SLUS-21590/Main Characters Outfits Updated - By Dankaishin/Diego Mendez Outfits/Diego Mendez Outfit 3/257c92b391472f85-f6a761a649e8104-00001993.png,opaque_original_became_translucent | artwork_or_layout_differs_needs_manual_comparison
000000002a0fca545085bdf2,decked_ps2,Vice City Stories - PS2 (USA) Texture Pack/SLUS-21590/Main Characters Outfits Updated - By Dankaishin/Diego Mendez Outfits/Diego Mendez Outfit 3/d6bd27aece374ae1-a9734c2c3ca0a7b4-00001554.png,opaque_original_became_translucent | artwork_or_layout_differs_needs_manual_comparison
000000002fad116a595b517e,decked_ps2,Vice City Stories - PS2 (USA) Texture Pack/SLUS-21590/Main Characters Outfits Updated - By Dankaishin/Diego Mendez Outfits/Diego Mendez Outfit 3/4a2f00ce784ebeee-bc8db69469ed2429-00001dd3.png,opaque_original_became_translucent | artwork_or_layout_differs_needs_manual_comparison
000000002fad116a595b517e,decked_ps2,Vice City Stories - PS2 (USA) Texture Pack/SLUS-21590/Main Characters Outfits Updated - By Dankaishin/Diego Mendez Outfits/Diego Mendez Outfit 3/c98977c55a371b20-a448e553fb8624bb-00001994.png,opaque_original_became_translucent | artwork_or_layout_differs_needs_manual_comparison
000000002fce7315426d3aa3,decked_ps2,Vice City Stories - PS2 (USA) Texture Pack/SLUS-21590/Main Characters Outfits Updated - By Dankaishin/Diego Mendez Outfits/Diego Mendez Outfit 3/c7225e8c16a93389-268553e35b05454a-00001d94.png,opaque_original_became_translucent | artwork_or_layout_differs_needs_manual_comparison
0000000043f34c7425a3a67c,decked_ps2,Vice City Stories - PS2 (USA) Texture Pack/SLUS-21590/Main Characters Outfits Updated - By Dankaishin/Diego Mendez Outfits/Diego Mendez Outfit 3/4a2f00ce784ebeee-bc8db69469ed2429-00001dd3.png,opaque_original_became_translucent | artwork_or_layout_differs_needs_manual_comparison
0000000043f34c7425a3a67c,decked_ps2,Vice City Stories - PS2 (USA) Texture Pack/SLUS-21590/Main Characters Outfits Updated - By Dankaishin/Diego Mendez Outfits/Diego Mendez Outfit 3/c98977c55a371b20-a448e553fb8624bb-00001994.png,opaque_original_became_translucent | artwork_or_layout_differs_needs_manual_comparison
00000000ac452ab6ba33ce27,decked_ps2,Vice City Stories - PS2 (USA) Texture Pack/SLUS-21590/Main Characters Outfits Updated - By Dankaishin/Diego Mendez Outfits/Diego Mendez Outfit 3/c7225e8c16a93389-268553e35b05454a-00001d94.png,opaque_original_became_translucent | artwork_or_layout_differs_needs_manual_comparison
00000000cd0d74089524d566,decked_ps2,Vice City Stories - PS2 (USA) Texture Pack/SLUS-21590/Main Characters Outfits Updated - By Dankaishin/Diego Mendez Outfits/Diego Mendez Outfit 3/257c92b391472f85-f6a761a649e8104-00001993.png,opaque_original_became_translucent | artwork_or_layout_differs_needs_manual_comparison
00000000cd0d74089524d566,decked_ps2,Vice City Stories - PS2 (USA) Texture Pack/SLUS-21590/Main Characters Outfits Updated - By Dankaishin/Diego Mendez Outfits/Diego Mendez Outfit 3/d6bd27aece374ae1-a9734c2c3ca0a7b4-00001554.png,opaque_original_became_translucent | artwork_or_layout_differs_needs_manual_comparison
00000000d4d1d067eb2a33de,decked_ps2,Vice City Stories - PS2 (USA) Texture Pack/SLUS-21590/Main Characters Outfits Updated - By Dankaishin/Diego Mendez Outfits/Diego Mendez Outfit 3/8b52ca77725cbbff-52bfe3568b03e587-00001994.png,opaque_original_became_translucent | artwork_or_layout_differs_needs_manual_comparison
00000000d4d1d067eb2a33de,decked_ps2,Vice City Stories - PS2 (USA) Texture Pack/SLUS-21590/Main Characters Outfits Updated - By Dankaishin/Diego Mendez Outfits/Diego Mendez Outfit 3/cbf0cb32953cb065-83b64f988204c440-00001dd3.png,opaque_original_became_translucent | artwork_or_layout_differs_needs_manual_comparison
0000000020eb2ef4a3e6faaa,decked_ps2,Vice City Stories - PS2 (USA) Texture Pack/SLUS-21590/Main Characters Outfits Updated - By Dankaishin/Diego Mendez Outfits/Diego Mendez Original Outfit Remastered/8b52ca77725cbbff-52bfe3568b03e587-00001994.png,opaque_original_became_translucent
0000000020eb2ef4a3e6faaa,decked_ps2,Vice City Stories - PS2 (USA) Texture Pack/SLUS-21590/Main Characters Outfits Updated - By Dankaishin/Diego Mendez Outfits/Diego Mendez Original Outfit Remastered/cbf0cb32953cb065-83b64f988204c440-00001dd3.png,opaque_original_became_translucent
0000000020eb2ef4a3e6faaa,decked_ps2,Vice City Stories - PS2 (USA) Texture Pack/SLUS-21590/replacements/8b52ca77725cbbff-52bfe3568b03e587-00001994.png,opaque_original_became_translucent
0000000020eb2ef4a3e6faaa,decked_ps2,Vice City Stories - PS2 (USA) Texture Pack/SLUS-21590/replacements/cbf0cb32953cb065-83b64f988204c440-00001dd3.png,opaque_original_became_translucent
000000002de62f895bc90946,decked_ps2,Vice City Stories - PS2 (USA) Texture Pack/SLUS-21590/Main Characters Outfits Updated - By Dankaishin/Diego Mendez Outfits/Diego Mendez Original Outfit Remastered/cc4f2998165f91bd-f8ad109a042c1aeb-00001993.png,alpha_range_reduced | transparency_mask_changed
000000002de62f895bc90946,decked_ps2,Vice City Stories - PS2 (USA) Texture Pack/SLUS-21590/replacements/cc4f2998165f91bd-f8ad109a042c1aeb-00001993.png,alpha_range_reduced | transparency_mask_changed
000000002fad116a595b517e,decked_ps2,Vice City Stories - PS2 (USA) Texture Pack/SLUS-21590/Main Characters Outfits Updated - By Dankaishin/Diego Mendez Outfits/Diego Mendez Original Outfit Remastered/4a2f00ce784ebeee-bc8db69469ed2429-00001dd3.png,opaque_original_became_translucent
000000002fad116a595b517e,decked_ps2,Vice City Stories - PS2 (USA) Texture Pack/SLUS-21590/Main Characters Outfits Updated - By Dankaishin/Diego Mendez Outfits/Diego Mendez Original Outfit Remastered/c98977c55a371b20-a448e553fb8624bb-00001994.png,opaque_original_became_translucent
000000002fad116a595b517e,decked_ps2,Vice City Stories - PS2 (USA) Texture Pack/SLUS-21590/replacements/4a2f00ce784ebeee-bc8db69469ed2429-00001dd3.png,opaque_original_became_translucent
000000002fad116a595b517e,decked_ps2,Vice City Stories - PS2 (USA) Texture Pack/SLUS-21590/replacements/c98977c55a371b20-a448e553fb8624bb-00001994.png,opaque_original_became_translucent
000000002fce7315426d3aa3,decked_ps2,Vice City Stories - PS2 (USA) Texture Pack/SLUS-21590/Main Characters Outfits Updated - By Dankaishin/Diego Mendez Outfits/Diego Mendez Original Outfit Remastered/c7225e8c16a93389-268553e35b05454a-00001d94.png,opaque_original_became_translucent
000000002fce7315426d3aa3,decked_ps2,Vice City Stories - PS2 (USA) Texture Pack/SLUS-21590/replacements/c7225e8c16a93389-268553e35b05454a-00001d94.png,opaque_original_became_translucent
0000000043f34c7425a3a67c,decked_ps2,Vice City Stories - PS2 (USA) Texture Pack/SLUS-21590/Main Characters Outfits Updated - By Dankaishin/Diego Mendez Outfits/Diego Mendez Original Outfit Remastered/4a2f00ce784ebeee-bc8db69469ed2429-00001dd3.png,opaque_original_became_translucent
0000000043f34c7425a3a67c,decked_ps2,Vice City Stories - PS2 (USA) Texture Pack/SLUS-21590/Main Characters Outfits Updated - By Dankaishin/Diego Mendez Outfits/Diego Mendez Original Outfit Remastered/c98977c55a371b20-a448e553fb8624bb-00001994.png,opaque_original_became_translucent
0000000043f34c7425a3a67c,decked_ps2,Vice City Stories - PS2 (USA) Texture Pack/SLUS-21590/replacements/4a2f00ce784ebeee-bc8db69469ed2429-00001dd3.png,opaque_original_became_translucent
0000000043f34c7425a3a67c,decked_ps2,Vice City Stories - PS2 (USA) Texture Pack/SLUS-21590/replacements/c98977c55a371b20-a448e553fb8624bb-00001994.png,opaque_original_became_translucent
00000000ac452ab6ba33ce27,decked_ps2,Vice City Stories - PS2 (USA) Texture Pack/SLUS-21590/Main Characters Outfits Updated - By Dankaishin/Diego Mendez Outfits/Diego Mendez Original Outfit Remastered/c7225e8c16a93389-268553e35b05454a-00001d94.png,opaque_original_became_translucent
00000000ac452ab6ba33ce27,decked_ps2,Vice City Stories - PS2 (USA) Texture Pack/SLUS-21590/replacements/c7225e8c16a93389-268553e35b05454a-00001d94.png,opaque_original_became_translucent
00000000c08246e688d7e2af,decked_ps2,Vice City Stories - PS2 (USA) Texture Pack/SLUS-21590/Main Characters Outfits Updated - By Dankaishin/Diego Mendez Outfits/Diego Mendez Original Outfit Remastered/cc4f2998165f91bd-f8ad109a042c1aeb-00001993.png,alpha_range_reduced | transparency_mask_changed
00000000c08246e688d7e2af,decked_ps2,Vice City Stories - PS2 (USA) Texture Pack/SLUS-21590/replacements/cc4f2998165f91bd-f8ad109a042c1aeb-00001993.png,alpha_range_reduced | transparency_mask_changed
00000000d4d1d067eb2a33de,decked_ps2,Vice City Stories - PS2 (USA) Texture Pack/SLUS-21590/Main Characters Outfits Updated - By Dankaishin/Diego Mendez Outfits/Diego Mendez Original Outfit Remastered/8b52ca77725cbbff-52bfe3568b03e587-00001994.png,opaque_original_became_translucent
00000000d4d1d067eb2a33de,decked_ps2,Vice City Stories - PS2 (USA) Texture Pack/SLUS-21590/Main Characters Outfits Updated - By Dankaishin/Diego Mendez Outfits/Diego Mendez Original Outfit Remastered/cbf0cb32953cb065-83b64f988204c440-00001dd3.png,opaque_original_became_translucent
00000000d4d1d067eb2a33de,decked_ps2,Vice City Stories - PS2 (USA) Texture Pack/SLUS-21590/replacements/8b52ca77725cbbff-52bfe3568b03e587-00001994.png,opaque_original_became_translucent
00000000d4d1d067eb2a33de,decked_ps2,Vice City Stories - PS2 (USA) Texture Pack/SLUS-21590/replacements/cbf0cb32953cb065-83b64f988204c440-00001dd3.png,opaque_original_became_translucent
000000007c55f4b2a01ce8ac,decked_ps2,Vice City Stories - PS2 (USA) Texture Pack/SLUS-21590/Main Characters Outfits Updated - By Dankaishin/Gonzales Artwork Outfit/5cf0782af11f08b-7b6073edec9a91bd-00001994.png,artwork_or_layout_differs_needs_manual_comparison
000000007c55f4b2a01ce8ac,decked_ps2,Vice City Stories - PS2 (USA) Texture Pack/SLUS-21590/Main Characters Outfits Updated - By Dankaishin/Gonzales Artwork Outfit/2/5cf0782af11f08b-7b6073edec9a91bd-00001994.png,artwork_or_layout_differs_needs_manual_comparison
00000000139b58744fc3a868,decked_ps2,Vice City Stories - PS2 (USA) Texture Pack/SLUS-21590/Main Characters Outfits Updated - By Dankaishin/Jerry Martinez Remastered/330c0c1dd7bab88d-f0d5e705e0fc0d9b-00005dd4.png,opaque_original_became_translucent
00000000139b58744fc3a868,decked_ps2,Vice City Stories - PS2 (USA) Texture Pack/SLUS-21590/Main Characters Outfits Updated - By Dankaishin/Jerry Martinez Remastered/f2cc0e554ade14c4-c290e6c0bb5d312b-00005dd3.png,opaque_original_became_translucent
000000001ec75404afec1faa,decked_ps2,Vice City Stories - PS2 (USA) Texture Pack/SLUS-21590/Main Characters Outfits Updated - By Dankaishin/Jerry Martinez Remastered/d3474b92c11807ad-db6f72b1246e9fd0-00005d94.png,opaque_original_became_translucent
0000000059e21d2e819a854f,decked_ps2,Vice City Stories - PS2 (USA) Texture Pack/SLUS-21590/Main Characters Outfits Updated - By Dankaishin/Jerry Martinez Remastered/b4ca0368762d03ac-c5db442aa0bb9af1-00005dd3.png,opaque_original_became_translucent
000000006217951ea8489289,decked_ps2,Vice City Stories - PS2 (USA) Texture Pack/SLUS-21590/Main Characters Outfits Updated - By Dankaishin/Jerry Martinez Remastered/7cf9ff1e9b928d07-d3b04d817a11dedc-00005993.png,opaque_original_became_translucent
000000006217951ea8489289,decked_ps2,Vice City Stories - PS2 (USA) Texture Pack/SLUS-21590/Main Characters Outfits Updated - By Dankaishin/Jerry Martinez Remastered/907529faa7b7760f-c37d9a0288a9943-00005993.png,opaque_original_became_translucent
00000000c624380cb3080912,decked_ps2,Vice City Stories - PS2 (USA) Texture Pack/SLUS-21590/Main Characters Outfits Updated - By Dankaishin/Jerry Martinez Remastered/ac57b56851341486-28a81c70a22b2339-00005dd4.png,opaque_original_became_translucent
00000000c624380cb3080912,decked_ps2,Vice City Stories - PS2 (USA) Texture Pack/SLUS-21590/Main Characters Outfits Updated - By Dankaishin/Jerry Martinez Remastered/cb2ceb09726ff7f4-a2a6944c773ffd0-00005dd3.png,opaque_original_became_translucent
000000008709a0ec35d65804,decked_ps2,Vice City Stories - PS2 (USA) Texture Pack/SLUS-21590/Main Characters Outfits Updated - By Dankaishin/Lance Vance Outfits/Artwork Yellow Suit - Lance Vance/2c40bd8e0e164232-23b4e3b5f4bb1d1e-00001dd3.png,opaque_original_became_translucent
000000008709a0ec35d65804,decked_ps2,Vice City Stories - PS2 (USA) Texture Pack/SLUS-21590/Main Characters Outfits Updated - By Dankaishin/Lance Vance Outfits/Artwork Yellow Suit - Lance Vance/62c4c63958b3e0f9-e64f56849f754ad6-00001994.png,opaque_original_became_translucent
000000009e2f40b32616dac5,decked_ps2,Vice City Stories - PS2 (USA) Texture Pack/SLUS-21590/Main Characters Outfits Updated - By Dankaishin/Lance Vance Outfits/Artwork Yellow Suit - Lance Vance/c461aba81cf5a90d-5844e3ff2c38aba-00001dd3.png,opaque_original_became_translucent | artwork_or_layout_differs_needs_manual_comparison
000000009e2f40b32616dac5,decked_ps2,Vice City Stories - PS2 (USA) Texture Pack/SLUS-21590/Main Characters Outfits Updated - By Dankaishin/Lance Vance Outfits/Artwork Yellow Suit - Lance Vance/e85143721a0a2d3d-250c7126651cbffa-00001dd4.png,opaque_original_became_translucent | artwork_or_layout_differs_needs_manual_comparison
00000000a8d719151e7aa022,decked_ps2,Vice City Stories - PS2 (USA) Texture Pack/SLUS-21590/Main Characters Outfits Updated - By Dankaishin/Lance Vance Outfits/Artwork Yellow Suit - Lance Vance/381963f3a49e5dd7-4f6402388123e415-00001dd3.png,opaque_original_became_translucent | artwork_or_layout_differs_needs_manual_comparison
00000000a8d719151e7aa022,decked_ps2,Vice City Stories - PS2 (USA) Texture Pack/SLUS-21590/Main Characters Outfits Updated - By Dankaishin/Lance Vance Outfits/Artwork Yellow Suit - Lance Vance/8152100f98073c62-7ea2e4cec6b1c48a-00001dd4.png,opaque_original_became_translucent | artwork_or_layout_differs_needs_manual_comparison
000000006099db2b8e2bbb49,decked_ps2,Vice City Stories - PS2 (USA) Texture Pack/SLUS-21590/Main Characters Outfits Updated - By Dankaishin/Lance Vance Outfits/Lance Vance - Black Casual Outfit/5cca3d41c1f81f9b-7d5d8d8c7f35e486-00001dd4.png,opaque_original_became_translucent | artwork_or_layout_differs_needs_manual_comparison
000000006099db2b8e2bbb49,decked_ps2,Vice City Stories - PS2 (USA) Texture Pack/SLUS-21590/Main Characters Outfits Updated - By Dankaishin/Lance Vance Outfits/Lance Vance - Black Casual Outfit/7e48933f32bf030e-264aa00287582574-00001994.png,opaque_original_became_translucent | artwork_or_layout_differs_needs_manual_comparison
0000000067e62d0dd86845fd,decked_ps2,Vice City Stories - PS2 (USA) Texture Pack/SLUS-21590/Main Characters Outfits Updated - By Dankaishin/Lance Vance Outfits/Artwork Yellow Suit - Lance Vance/147b6306f8050180-246ce4bbc91944d1-00001154.png,opaque_original_became_translucent | artwork_or_layout_differs_needs_manual_comparison
0000000067e62d0dd86845fd,decked_ps2,Vice City Stories - PS2 (USA) Texture Pack/SLUS-21590/Main Characters Outfits Updated - By Dankaishin/Lance Vance Outfits/Artwork Yellow Suit - Lance Vance/ad1a46bfe9bc45b1-d217a4ea3e602acc-00001993.png,opaque_original_became_translucent | artwork_or_layout_differs_needs_manual_comparison
0000000067e62d0dd86845fd,decked_ps2,Vice City Stories - PS2 (USA) Texture Pack/SLUS-21590/Main Characters Outfits Updated - By Dankaishin/Lance Vance Outfits/Lance Vance - Black Casual Outfit/5aad0f40d6117caf-17aa3ab89de8cfde-00001154.png,opaque_original_became_translucent | artwork_or_layout_differs_needs_manual_comparison
0000000067e62d0dd86845fd,decked_ps2,Vice City Stories - PS2 (USA) Texture Pack/SLUS-21590/Main Characters Outfits Updated - By Dankaishin/Lance Vance Outfits/Lance Vance - Black Casual Outfit/6044ae084c32fe22-dbe9702824d0d081-00001594.png,opaque_original_became_translucent | artwork_or_layout_differs_needs_manual_comparison
0000000067e62d0dd86845fd,decked_ps2,Vice City Stories - PS2 (USA) Texture Pack/SLUS-21590/Main Characters Outfits Updated - By Dankaishin/Lance Vance Outfits/Lance Vance - Blue Casual Outfit/5aad0f40d6117caf-17aa3ab89de8cfde-00001154.png,opaque_original_became_translucent | artwork_or_layout_differs_needs_manual_comparison
0000000067e62d0dd86845fd,decked_ps2,Vice City Stories - PS2 (USA) Texture Pack/SLUS-21590/Main Characters Outfits Updated - By Dankaishin/Lance Vance Outfits/Lance Vance - Blue Casual Outfit/6044ae084c32fe22-dbe9702824d0d081-00001594.png,opaque_original_became_translucent | artwork_or_layout_differs_needs_manual_comparison
0000000067e62d0dd86845fd,decked_ps2,Vice City Stories - PS2 (USA) Texture Pack/SLUS-21590/Main Characters Outfits Updated - By Dankaishin/Lance Vance Outfits/Lance Vance - Pink Casual Outfit/5aad0f40d6117caf-17aa3ab89de8cfde-00001154.png,opaque_original_became_translucent | artwork_or_layout_differs_needs_manual_comparison
0000000067e62d0dd86845fd,decked_ps2,Vice City Stories - PS2 (USA) Texture Pack/SLUS-21590/Main Characters Outfits Updated - By Dankaishin/Lance Vance Outfits/Lance Vance - Pink Casual Outfit/6044ae084c32fe22-dbe9702824d0d081-00001594.png,opaque_original_became_translucent | artwork_or_layout_differs_needs_manual_comparison
0000000067e62d0dd86845fd,decked_ps2,Vice City Stories - PS2 (USA) Texture Pack/SLUS-21590/Main Characters Outfits Updated - By Dankaishin/Lance Vance Outfits/Lance Vance - Violet Casual Outfit - Cópia/5aad0f40d6117caf-17aa3ab89de8cfde-00001154.png,opaque_original_became_translucent | artwork_or_layout_differs_needs_manual_comparison
0000000067e62d0dd86845fd,decked_ps2,Vice City Stories - PS2 (USA) Texture Pack/SLUS-21590/Main Characters Outfits Updated - By Dankaishin/Lance Vance Outfits/Lance Vance - Violet Casual Outfit - Cópia/6044ae084c32fe22-dbe9702824d0d081-00001594.png,opaque_original_became_translucent | artwork_or_layout_differs_needs_manual_comparison
0000000067e62d0dd86845fd,decked_ps2,Vice City Stories - PS2 (USA) Texture Pack/SLUS-21590/Main Characters Outfits Updated - By Dankaishin/Lance Vance Outfits/Lance Vance - Yellow Casual Outfit/5aad0f40d6117caf-17aa3ab89de8cfde-00001154.png,opaque_original_became_translucent | artwork_or_layout_differs_needs_manual_comparison
0000000067e62d0dd86845fd,decked_ps2,Vice City Stories - PS2 (USA) Texture Pack/SLUS-21590/Main Characters Outfits Updated - By Dankaishin/Lance Vance Outfits/Lance Vance - Yellow Casual Outfit/6044ae084c32fe22-dbe9702824d0d081-00001594.png,opaque_original_became_translucent | artwork_or_layout_differs_needs_manual_comparison
0000000067e62d0dd86845fd,decked_ps2,Vice City Stories - PS2 (USA) Texture Pack/SLUS-21590/Main Characters Outfits Updated - By Dankaishin/Lance Vance Outfits/Purple Suit - Lance Vance/147b6306f8050180-246ce4bbc91944d1-00001154.png,opaque_original_became_translucent | artwork_or_layout_differs_needs_manual_comparison
0000000067e62d0dd86845fd,decked_ps2,Vice City Stories - PS2 (USA) Texture Pack/SLUS-21590/Main Characters Outfits Updated - By Dankaishin/Lance Vance Outfits/Purple Suit - Lance Vance/ad1a46bfe9bc45b1-d217a4ea3e602acc-00001993.png,opaque_original_became_translucent | artwork_or_layout_differs_needs_manual_comparison
0000000067e62d0dd86845fd,decked_ps2,Vice City Stories - PS2 (USA) Texture Pack/SLUS-21590/Main Characters Outfits Updated - By Dankaishin/Lance Vance Outfits/White Smartsuit - Lance Vance/147b6306f8050180-246ce4bbc91944d1-00001154.png,opaque_original_became_translucent | artwork_or_layout_differs_needs_manual_comparison
0000000067e62d0dd86845fd,decked_ps2,Vice City Stories - PS2 (USA) Texture Pack/SLUS-21590/Main Characters Outfits Updated - By Dankaishin/Lance Vance Outfits/White Smartsuit - Lance Vance/ad1a46bfe9bc45b1-d217a4ea3e602acc-00001993.png,opaque_original_became_translucent | artwork_or_layout_differs_needs_manual_comparison
0000000077311d7ea08e7762,decked_ps2,Vice City Stories - PS2 (USA) Texture Pack/SLUS-21590/Main Characters Outfits Updated - By Dankaishin/Lance Vance Outfits/Lance Vance - Black Casual Outfit/abbaec0fff1b46f1-5f3997043cdcd25d-00001d94.png,opaque_original_became_translucent | artwork_or_layout_differs_needs_manual_comparison
0000000077311d7ea08e7762,decked_ps2,Vice City Stories - PS2 (USA) Texture Pack/SLUS-21590/Main Characters Outfits Updated - By Dankaishin/Lance Vance Outfits/Lance Vance - Blue Casual Outfit/abbaec0fff1b46f1-5f3997043cdcd25d-00001d94.png,opaque_original_became_translucent | artwork_or_layout_differs_needs_manual_comparison
0000000077311d7ea08e7762,decked_ps2,Vice City Stories - PS2 (USA) Texture Pack/SLUS-21590/Main Characters Outfits Updated - By Dankaishin/Lance Vance Outfits/Lance Vance - Pink Casual Outfit/abbaec0fff1b46f1-5f3997043cdcd25d-00001d94.png,opaque_original_became_translucent | artwork_or_layout_differs_needs_manual_comparison
0000000077311d7ea08e7762,decked_ps2,Vice City Stories - PS2 (USA) Texture Pack/SLUS-21590/Main Characters Outfits Updated - By Dankaishin/Lance Vance Outfits/Lance Vance - Violet Casual Outfit - Cópia/abbaec0fff1b46f1-5f3997043cdcd25d-00001d94.png,opaque_original_became_translucent | artwork_or_layout_differs_needs_manual_comparison
000000006099db2b8e2bbb49,decked_ps2,Vice City Stories - PS2 (USA) Texture Pack/SLUS-21590/Main Characters Outfits Updated - By Dankaishin/Lance Vance Outfits/Lance Vance - Blue Casual Outfit/5cca3d41c1f81f9b-7d5d8d8c7f35e486-00001dd4.png,opaque_original_became_translucent | artwork_or_layout_differs_needs_manual_comparison
000000006099db2b8e2bbb49,decked_ps2,Vice City Stories - PS2 (USA) Texture Pack/SLUS-21590/Main Characters Outfits Updated - By Dankaishin/Lance Vance Outfits/Lance Vance - Blue Casual Outfit/7e48933f32bf030e-264aa00287582574-00001994.png,opaque_original_became_translucent | artwork_or_layout_differs_needs_manual_comparison
000000006099db2b8e2bbb49,decked_ps2,Vice City Stories - PS2 (USA) Texture Pack/SLUS-21590/Main Characters Outfits Updated - By Dankaishin/Lance Vance Outfits/Lance Vance - Pink Casual Outfit/5cca3d41c1f81f9b-7d5d8d8c7f35e486-00001dd4.png,opaque_original_became_translucent
000000006099db2b8e2bbb49,decked_ps2,Vice City Stories - PS2 (USA) Texture Pack/SLUS-21590/Main Characters Outfits Updated - By Dankaishin/Lance Vance Outfits/Lance Vance - Pink Casual Outfit/7e48933f32bf030e-264aa00287582574-00001994.png,opaque_original_became_translucent
000000006099db2b8e2bbb49,decked_ps2,Vice City Stories - PS2 (USA) Texture Pack/SLUS-21590/Main Characters Outfits Updated - By Dankaishin/Lance Vance Outfits/Lance Vance - Violet Casual Outfit - Cópia/5cca3d41c1f81f9b-7d5d8d8c7f35e486-00001dd4.png,opaque_original_became_translucent | artwork_or_layout_differs_needs_manual_comparison
000000006099db2b8e2bbb49,decked_ps2,Vice City Stories - PS2 (USA) Texture Pack/SLUS-21590/Main Characters Outfits Updated - By Dankaishin/Lance Vance Outfits/Lance Vance - Violet Casual Outfit - Cópia/7e48933f32bf030e-264aa00287582574-00001994.png,opaque_original_became_translucent | artwork_or_layout_differs_needs_manual_comparison
000000006099db2b8e2bbb49,decked_ps2,Vice City Stories - PS2 (USA) Texture Pack/SLUS-21590/Main Characters Outfits Updated - By Dankaishin/Lance Vance Outfits/Lance Vance - Yellow Casual Outfit/5cca3d41c1f81f9b-7d5d8d8c7f35e486-00001dd4.png,opaque_original_became_translucent
000000006099db2b8e2bbb49,decked_ps2,Vice City Stories - PS2 (USA) Texture Pack/SLUS-21590/Main Characters Outfits Updated - By Dankaishin/Lance Vance Outfits/Lance Vance - Yellow Casual Outfit/7e48933f32bf030e-264aa00287582574-00001994.png,opaque_original_became_translucent
0000000077311d7ea08e7762,decked_ps2,Vice City Stories - PS2 (USA) Texture Pack/SLUS-21590/Main Characters Outfits Updated - By Dankaishin/Lance Vance Outfits/Lance Vance - Yellow Casual Outfit/abbaec0fff1b46f1-5f3997043cdcd25d-00001d94.png,opaque_original_became_translucent | artwork_or_layout_differs_needs_manual_comparison
000000008709a0ec35d65804,decked_ps2,Vice City Stories - PS2 (USA) Texture Pack/SLUS-21590/Main Characters Outfits Updated - By Dankaishin/Lance Vance Outfits/Purple Suit - Lance Vance/2c40bd8e0e164232-23b4e3b5f4bb1d1e-00001dd3.png,opaque_original_became_translucent | artwork_or_layout_differs_needs_manual_comparison
000000008709a0ec35d65804,decked_ps2,Vice City Stories - PS2 (USA) Texture Pack/SLUS-21590/Main Characters Outfits Updated - By Dankaishin/Lance Vance Outfits/Purple Suit - Lance Vance/62c4c63958b3e0f9-e64f56849f754ad6-00001994.png,opaque_original_became_translucent | artwork_or_layout_differs_needs_manual_comparison
000000009e2f40b32616dac5,decked_ps2,Vice City Stories - PS2 (USA) Texture Pack/SLUS-21590/Main Characters Outfits Updated - By Dankaishin/Lance Vance Outfits/Purple Suit - Lance Vance/c461aba81cf5a90d-5844e3ff2c38aba-00001dd3.png,opaque_original_became_translucent | artwork_or_layout_differs_needs_manual_comparison
000000009e2f40b32616dac5,decked_ps2,Vice City Stories - PS2 (USA) Texture Pack/SLUS-21590/Main Characters Outfits Updated - By Dankaishin/Lance Vance Outfits/Purple Suit - Lance Vance/e85143721a0a2d3d-250c7126651cbffa-00001dd4.png,opaque_original_became_translucent | artwork_or_layout_differs_needs_manual_comparison
00000000a8d719151e7aa022,decked_ps2,Vice City Stories - PS2 (USA) Texture Pack/SLUS-21590/Main Characters Outfits Updated - By Dankaishin/Lance Vance Outfits/Purple Suit - Lance Vance/381963f3a49e5dd7-4f6402388123e415-00001dd3.png,opaque_original_became_translucent | artwork_or_layout_differs_needs_manual_comparison
00000000a8d719151e7aa022,decked_ps2,Vice City Stories - PS2 (USA) Texture Pack/SLUS-21590/Main Characters Outfits Updated - By Dankaishin/Lance Vance Outfits/Purple Suit - Lance Vance/8152100f98073c62-7ea2e4cec6b1c48a-00001dd4.png,opaque_original_became_translucent | artwork_or_layout_differs_needs_manual_comparison
000000004c1d73a01c6b7ac9,decked_ps2,Vice City Stories - PS2 (USA) Texture Pack/SLUS-21590/Main Characters Outfits Updated - By Dankaishin/Lance Vance Outfits/Lance Vance SmartSuit Remastered - Dankaishin/ad1a46bfe9bc45b1-d217a4ea3e602acc-00001993.png,opaque_original_became_translucent
000000004c1d73a01c6b7ac9,decked_ps2,Vice City Stories - PS2 (USA) Texture Pack/SLUS-21590/replacements/ad1a46bfe9bc45b1-d217a4ea3e602acc-00001993.png,opaque_original_became_translucent
000000008709a0ec35d65804,decked_ps2,Vice City Stories - PS2 (USA) Texture Pack/SLUS-21590/Main Characters Outfits Updated - By Dankaishin/Lance Vance Outfits/Lance Vance SmartSuit Remastered - Dankaishin/2c40bd8e0e164232-23b4e3b5f4bb1d1e-00001dd3.png,opaque_original_became_translucent
000000008709a0ec35d65804,decked_ps2,Vice City Stories - PS2 (USA) Texture Pack/SLUS-21590/Main Characters Outfits Updated - By Dankaishin/Lance Vance Outfits/Lance Vance SmartSuit Remastered - Dankaishin/62c4c63958b3e0f9-e64f56849f754ad6-00001994.png,opaque_original_became_translucent
000000008709a0ec35d65804,decked_ps2,Vice City Stories - PS2 (USA) Texture Pack/SLUS-21590/replacements/2c40bd8e0e164232-23b4e3b5f4bb1d1e-00001dd3.png,opaque_original_became_translucent
000000008709a0ec35d65804,decked_ps2,Vice City Stories - PS2 (USA) Texture Pack/SLUS-21590/replacements/62c4c63958b3e0f9-e64f56849f754ad6-00001994.png,opaque_original_became_translucent
000000009e2f40b32616dac5,decked_ps2,Vice City Stories - PS2 (USA) Texture Pack/SLUS-21590/Main Characters Outfits Updated - By Dankaishin/Lance Vance Outfits/Lance Vance SmartSuit Remastered - Dankaishin/c461aba81cf5a90d-5844e3ff2c38aba-00001dd3.png,opaque_original_became_translucent
000000009e2f40b32616dac5,decked_ps2,Vice City Stories - PS2 (USA) Texture Pack/SLUS-21590/Main Characters Outfits Updated - By Dankaishin/Lance Vance Outfits/Lance Vance SmartSuit Remastered - Dankaishin/e85143721a0a2d3d-250c7126651cbffa-00001dd4.png,opaque_original_became_translucent
000000009e2f40b32616dac5,decked_ps2,Vice City Stories - PS2 (USA) Texture Pack/SLUS-21590/replacements/c461aba81cf5a90d-5844e3ff2c38aba-00001dd3.png,opaque_original_became_translucent
000000009e2f40b32616dac5,decked_ps2,Vice City Stories - PS2 (USA) Texture Pack/SLUS-21590/replacements/e85143721a0a2d3d-250c7126651cbffa-00001dd4.png,opaque_original_became_translucent
000000008709a0ec35d65804,decked_ps2,Vice City Stories - PS2 (USA) Texture Pack/SLUS-21590/Main Characters Outfits Updated - By Dankaishin/Lance Vance Outfits/White Smartsuit - Lance Vance/2c40bd8e0e164232-23b4e3b5f4bb1d1e-00001dd3.png,opaque_original_became_translucent | artwork_or_layout_differs_needs_manual_comparison
000000008709a0ec35d65804,decked_ps2,Vice City Stories - PS2 (USA) Texture Pack/SLUS-21590/Main Characters Outfits Updated - By Dankaishin/Lance Vance Outfits/White Smartsuit - Lance Vance/62c4c63958b3e0f9-e64f56849f754ad6-00001994.png,opaque_original_became_translucent | artwork_or_layout_differs_needs_manual_comparison
000000009e2f40b32616dac5,decked_ps2,Vice City Stories - PS2 (USA) Texture Pack/SLUS-21590/Main Characters Outfits Updated - By Dankaishin/Lance Vance Outfits/White Smartsuit - Lance Vance/c461aba81cf5a90d-5844e3ff2c38aba-00001dd3.png,opaque_original_became_translucent | artwork_or_layout_differs_needs_manual_comparison
000000009e2f40b32616dac5,decked_ps2,Vice City Stories - PS2 (USA) Texture Pack/SLUS-21590/Main Characters Outfits Updated - By Dankaishin/Lance Vance Outfits/White Smartsuit - Lance Vance/e85143721a0a2d3d-250c7126651cbffa-00001dd4.png,opaque_original_became_translucent | artwork_or_layout_differs_needs_manual_comparison
00000000a8d719151e7aa022,decked_ps2,Vice City Stories - PS2 (USA) Texture Pack/SLUS-21590/Main Characters Outfits Updated - By Dankaishin/Lance Vance Outfits/White Smartsuit - Lance Vance/381963f3a49e5dd7-4f6402388123e415-00001dd3.png,opaque_original_became_translucent | artwork_or_layout_differs_needs_manual_comparison
00000000a8d719151e7aa022,decked_ps2,Vice City Stories - PS2 (USA) Texture Pack/SLUS-21590/Main Characters Outfits Updated - By Dankaishin/Lance Vance Outfits/White Smartsuit - Lance Vance/8152100f98073c62-7ea2e4cec6b1c48a-00001dd4.png,opaque_original_became_translucent | artwork_or_layout_differs_needs_manual_comparison
000000001e66177414a29698,decked_ps2,Vice City Stories - PS2 (USA) Texture Pack/SLUS-21590/Main Characters Outfits Updated - By Dankaishin/Louise Cassidy Outfits/Louise Cassidy Outfit 2/577885e241473ebc-dca7190ff7cc8605-00001993.PNG,opaque_original_became_translucent
000000001e66177414a29698,decked_ps2,Vice City Stories - PS2 (USA) Texture Pack/SLUS-21590/Main Characters Outfits Updated - By Dankaishin/Louise Cassidy Outfits/Louise Cassidy Outfit 2/677433b7e9e7c506-55df75a95a31eadc-00001994.PNG,opaque_original_became_translucent
000000008d4b2fe7dd94f4e1,decked_ps2,Vice City Stories - PS2 (USA) Texture Pack/SLUS-21590/Main Characters Outfits Updated - By Dankaishin/Louise Cassidy Outfits/Louise Cassidy Outfit 2/175b8050341a49a-4dfcdeaa19dacf2b-00001dd3.PNG,opaque_original_became_translucent
000000008d4b2fe7dd94f4e1,decked_ps2,Vice City Stories - PS2 (USA) Texture Pack/SLUS-21590/Main Characters Outfits Updated - By Dankaishin/Louise Cassidy Outfits/Louise Cassidy Outfit 2/175b8050341a49a-4dfcdeaa19dacf2b-00005dd3.PNG,opaque_original_became_translucent
000000008d4b2fe7dd94f4e1,decked_ps2,Vice City Stories - PS2 (USA) Texture Pack/SLUS-21590/Main Characters Outfits Updated - By Dankaishin/Louise Cassidy Outfits/Louise Cassidy Outfit 2/c6a1be88e7cf1af1-5e2cf6c37d6c93d4-00001dd4.PNG,opaque_original_became_translucent
00000000baad675087d3970e,decked_ps2,Vice City Stories - PS2 (USA) Texture Pack/SLUS-21590/Main Characters Outfits Updated - By Dankaishin/Louise Cassidy Outfits/Louise Cassidy Outfit 2/577885e241473ebc-dca7190ff7cc8605-00001993.PNG,opaque_original_became_translucent
00000000baad675087d3970e,decked_ps2,Vice City Stories - PS2 (USA) Texture Pack/SLUS-21590/Main Characters Outfits Updated - By Dankaishin/Louise Cassidy Outfits/Louise Cassidy Outfit 2/677433b7e9e7c506-55df75a95a31eadc-00001994.PNG,opaque_original_became_translucent
000000001e66177414a29698,decked_ps2,Vice City Stories - PS2 (USA) Texture Pack/SLUS-21590/Main Characters Outfits Updated - By Dankaishin/Louise Cassidy Outfits/Louise Cassidy Outfit 3/577885e241473ebc-dca7190ff7cc8605-00001993.png,opaque_original_became_translucent | artwork_or_layout_differs_needs_manual_comparison
000000001e66177414a29698,decked_ps2,Vice City Stories - PS2 (USA) Texture Pack/SLUS-21590/Main Characters Outfits Updated - By Dankaishin/Louise Cassidy Outfits/Louise Cassidy Outfit 3/677433b7e9e7c506-55df75a95a31eadc-00001994.png,opaque_original_became_translucent | artwork_or_layout_differs_needs_manual_comparison
000000008d4b2fe7dd94f4e1,decked_ps2,Vice City Stories - PS2 (USA) Texture Pack/SLUS-21590/Main Characters Outfits Updated - By Dankaishin/Louise Cassidy Outfits/Louise Cassidy Outfit 3/175b8050341a49a-4dfcdeaa19dacf2b-00001dd3.png,opaque_original_became_translucent | artwork_or_layout_differs_needs_manual_comparison
000000008d4b2fe7dd94f4e1,decked_ps2,Vice City Stories - PS2 (USA) Texture Pack/SLUS-21590/Main Characters Outfits Updated - By Dankaishin/Louise Cassidy Outfits/Louise Cassidy Outfit 3/175b8050341a49a-4dfcdeaa19dacf2b-00005dd3.png,opaque_original_became_translucent | artwork_or_layout_differs_needs_manual_comparison
000000008d4b2fe7dd94f4e1,decked_ps2,Vice City Stories - PS2 (USA) Texture Pack/SLUS-21590/Main Characters Outfits Updated - By Dankaishin/Louise Cassidy Outfits/Louise Cassidy Outfit 3/c6a1be88e7cf1af1-5e2cf6c37d6c93d4-00001dd4.png,opaque_original_became_translucent | artwork_or_layout_differs_needs_manual_comparison
00000000baad675087d3970e,decked_ps2,Vice City Stories - PS2 (USA) Texture Pack/SLUS-21590/Main Characters Outfits Updated - By Dankaishin/Louise Cassidy Outfits/Louise Cassidy Outfit 3/577885e241473ebc-dca7190ff7cc8605-00001993.png,opaque_original_became_translucent | artwork_or_layout_differs_needs_manual_comparison
00000000baad675087d3970e,decked_ps2,Vice City Stories - PS2 (USA) Texture Pack/SLUS-21590/Main Characters Outfits Updated - By Dankaishin/Louise Cassidy Outfits/Louise Cassidy Outfit 3/677433b7e9e7c506-55df75a95a31eadc-00001994.png,opaque_original_became_translucent | artwork_or_layout_differs_needs_manual_comparison
000000001e66177414a29698,decked_ps2,Vice City Stories - PS2 (USA) Texture Pack/SLUS-21590/Main Characters Outfits Updated - By Dankaishin/Louise Cassidy Outfits/Louise Cassidy Original Outfit Remastered/577885e241473ebc-dca7190ff7cc8605-00001993.png,opaque_original_became_translucent
000000001e66177414a29698,decked_ps2,Vice City Stories - PS2 (USA) Texture Pack/SLUS-21590/Main Characters Outfits Updated - By Dankaishin/Louise Cassidy Outfits/Louise Cassidy Original Outfit Remastered/677433b7e9e7c506-55df75a95a31eadc-00001994.png,opaque_original_became_translucent
000000001e66177414a29698,decked_ps2,Vice City Stories - PS2 (USA) Texture Pack/SLUS-21590/replacements/577885e241473ebc-dca7190ff7cc8605-00001993.png,opaque_original_became_translucent
000000001e66177414a29698,decked_ps2,Vice City Stories - PS2 (USA) Texture Pack/SLUS-21590/replacements/677433b7e9e7c506-55df75a95a31eadc-00001994.png,opaque_original_became_translucent
000000002764105b29c5857e,decked_ps2,Vice City Stories - PS2 (USA) Texture Pack/SLUS-21590/Main Characters Outfits Updated - By Dankaishin/Louise Cassidy Outfits/Louise Cassidy - White Lies Outfit Remastered/Single Player Remastered/89166380992cc984-65bcdaccd548e8f3-00001594.png,opaque_original_became_translucent
000000002764105b29c5857e,decked_ps2,Vice City Stories - PS2 (USA) Texture Pack/SLUS-21590/Main Characters Outfits Updated - By Dankaishin/Louise Cassidy Outfits/Louise Cassidy - White Lies Outfit Remastered/c407356fd74f6285-1baedb1cfe149e2b-000019d3.png,opaque_original_became_translucent
000000002764105b29c5857e,decked_ps2,Vice City Stories - PS2 (USA) Texture Pack/SLUS-21590/Main Characters Outfits Updated - By Dankaishin/Louise Cassidy Outfits/Louise Cassidy Original Outfit Remastered/89166380992cc984-65bcdaccd548e8f3-00001594.png,opaque_original_became_translucent
000000002764105b29c5857e,decked_ps2,Vice City Stories - PS2 (USA) Texture Pack/SLUS-21590/Main Characters Outfits Updated - By Dankaishin/Louise Cassidy Outfits/Louise Cassidy Original Outfit Remastered/c407356fd74f6285-1baedb1cfe149e2b-000019d3.png,opaque_original_became_translucent
000000002764105b29c5857e,decked_ps2,Vice City Stories - PS2 (USA) Texture Pack/SLUS-21590/Main Characters Outfits Updated - By Dankaishin/Louise Cassidy Outfits/Louise Cassidy Original Outfit Remastered/c407356fd74f6285-220f96b9a8a55c0-000019d3.png,opaque_original_became_translucent
000000002764105b29c5857e,decked_ps2,Vice City Stories - PS2 (USA) Texture Pack/SLUS-21590/Main Characters Outfits Updated - By Dankaishin/Louise Cassidy Outfits/Louise Cassidy Original Outfit Remastered/c407356fd74f6285-63704f404fb61cca-000019d3.png,opaque_original_became_translucent
000000002764105b29c5857e,decked_ps2,Vice City Stories - PS2 (USA) Texture Pack/SLUS-21590/Main Characters Outfits Updated - By Dankaishin/Louise Cassidy Outfits/Louise Cassidy Original Outfit Remastered/c407356fd74f6285-63704f404fb61cca-000059d3.png,opaque_original_became_translucent
000000002764105b29c5857e,decked_ps2,Vice City Stories - PS2 (USA) Texture Pack/SLUS-21590/Main Characters Outfits Updated - By Dankaishin/Louise Cassidy Outfits/Louise Cassidy Outfit 2/89166380992cc984-65bcdaccd548e8f3-00001594.png,opaque_original_became_translucent
000000002764105b29c5857e,decked_ps2,Vice City Stories - PS2 (USA) Texture Pack/SLUS-21590/Main Characters Outfits Updated - By Dankaishin/Louise Cassidy Outfits/Louise Cassidy Outfit 2/c407356fd74f6285-220f96b9a8a55c0-000019d3.png,opaque_original_became_translucent
000000002764105b29c5857e,decked_ps2,Vice City Stories - PS2 (USA) Texture Pack/SLUS-21590/Main Characters Outfits Updated - By Dankaishin/Louise Cassidy Outfits/Louise Cassidy Outfit 2/c407356fd74f6285-63704f404fb61cca-000019d3.png,opaque_original_became_translucent
000000002764105b29c5857e,decked_ps2,Vice City Stories - PS2 (USA) Texture Pack/SLUS-21590/Main Characters Outfits Updated - By Dankaishin/Louise Cassidy Outfits/Louise Cassidy Outfit 2/c407356fd74f6285-63704f404fb61cca-000059d3.png,opaque_original_became_translucent
000000002764105b29c5857e,decked_ps2,Vice City Stories - PS2 (USA) Texture Pack/SLUS-21590/Main Characters Outfits Updated - By Dankaishin/Louise Cassidy Outfits/Louise Cassidy Outfit 3/89166380992cc984-65bcdaccd548e8f3-00001594.png,opaque_original_became_translucent
000000002764105b29c5857e,decked_ps2,Vice City Stories - PS2 (USA) Texture Pack/SLUS-21590/Main Characters Outfits Updated - By Dankaishin/Louise Cassidy Outfits/Louise Cassidy Outfit 3/c407356fd74f6285-220f96b9a8a55c0-000019d3.png,opaque_original_became_translucent
000000002764105b29c5857e,decked_ps2,Vice City Stories - PS2 (USA) Texture Pack/SLUS-21590/Main Characters Outfits Updated - By Dankaishin/Louise Cassidy Outfits/Louise Cassidy Outfit 3/c407356fd74f6285-63704f404fb61cca-000019d3.png,opaque_original_became_translucent
000000002764105b29c5857e,decked_ps2,Vice City Stories - PS2 (USA) Texture Pack/SLUS-21590/Main Characters Outfits Updated - By Dankaishin/Louise Cassidy Outfits/Louise Cassidy Outfit 3/c407356fd74f6285-63704f404fb61cca-000059d3.png,opaque_original_became_translucent
000000002764105b29c5857e,decked_ps2,Vice City Stories - PS2 (USA) Texture Pack/SLUS-21590/replacements/89166380992cc984-65bcdaccd548e8f3-00001594.png,opaque_original_became_translucent
000000002764105b29c5857e,decked_ps2,Vice City Stories - PS2 (USA) Texture Pack/SLUS-21590/replacements/c407356fd74f6285-220f96b9a8a55c0-000019d3.png,opaque_original_became_translucent
000000002764105b29c5857e,decked_ps2,Vice City Stories - PS2 (USA) Texture Pack/SLUS-21590/replacements/c407356fd74f6285-63704f404fb61cca-000019d3.png,opaque_original_became_translucent
000000002764105b29c5857e,decked_ps2,Vice City Stories - PS2 (USA) Texture Pack/SLUS-21590/replacements/c407356fd74f6285-63704f404fb61cca-000059d3.png,opaque_original_became_translucent
000000006555e51ac4addd72,decked_ps2,Vice City Stories - PS2 (USA) Texture Pack/SLUS-21590/Main Characters Outfits Updated - By Dankaishin/Louise Cassidy Outfits/Louise Cassidy Original Outfit Remastered/aac4673b624c82ec-d1a6b5b6c02326aa-00001dd3.png,opaque_original_became_translucent
000000006555e51ac4addd72,decked_ps2,Vice City Stories - PS2 (USA) Texture Pack/SLUS-21590/Main Characters Outfits Updated - By Dankaishin/Louise Cassidy Outfits/Louise Cassidy Original Outfit Remastered/aac4673b624c82ec-d1a6b5b6c02326aa-00005dd3.png,opaque_original_became_translucent
000000006555e51ac4addd72,decked_ps2,Vice City Stories - PS2 (USA) Texture Pack/SLUS-21590/Main Characters Outfits Updated - By Dankaishin/Louise Cassidy Outfits/Louise Cassidy Outfit 2/aac4673b624c82ec-d1a6b5b6c02326aa-00001dd3.png,opaque_original_became_translucent
000000006555e51ac4addd72,decked_ps2,Vice City Stories - PS2 (USA) Texture Pack/SLUS-21590/Main Characters Outfits Updated - By Dankaishin/Louise Cassidy Outfits/Louise Cassidy Outfit 2/aac4673b624c82ec-d1a6b5b6c02326aa-00005dd3.png,opaque_original_became_translucent
000000006555e51ac4addd72,decked_ps2,Vice City Stories - PS2 (USA) Texture Pack/SLUS-21590/Main Characters Outfits Updated - By Dankaishin/Louise Cassidy Outfits/Louise Cassidy Outfit 3/aac4673b624c82ec-d1a6b5b6c02326aa-00001dd3.png,opaque_original_became_translucent
000000006555e51ac4addd72,decked_ps2,Vice City Stories - PS2 (USA) Texture Pack/SLUS-21590/Main Characters Outfits Updated - By Dankaishin/Louise Cassidy Outfits/Louise Cassidy Outfit 3/aac4673b624c82ec-d1a6b5b6c02326aa-00005dd3.png,opaque_original_became_translucent
000000006555e51ac4addd72,decked_ps2,Vice City Stories - PS2 (USA) Texture Pack/SLUS-21590/replacements/aac4673b624c82ec-d1a6b5b6c02326aa-00001dd3.png,opaque_original_became_translucent
000000006555e51ac4addd72,decked_ps2,Vice City Stories - PS2 (USA) Texture Pack/SLUS-21590/replacements/aac4673b624c82ec-d1a6b5b6c02326aa-00005dd3.png,opaque_original_became_translucent
000000008d4b2fe7dd94f4e1,decked_ps2,Vice City Stories - PS2 (USA) Texture Pack/SLUS-21590/Main Characters Outfits Updated - By Dankaishin/Louise Cassidy Outfits/Louise Cassidy Original Outfit Remastered/175b8050341a49a-4dfcdeaa19dacf2b-00001dd3.png,opaque_original_became_translucent
000000008d4b2fe7dd94f4e1,decked_ps2,Vice City Stories - PS2 (USA) Texture Pack/SLUS-21590/Main Characters Outfits Updated - By Dankaishin/Louise Cassidy Outfits/Louise Cassidy Original Outfit Remastered/175b8050341a49a-4dfcdeaa19dacf2b-00005dd3.png,opaque_original_became_translucent
000000008d4b2fe7dd94f4e1,decked_ps2,Vice City Stories - PS2 (USA) Texture Pack/SLUS-21590/replacements/175b8050341a49a-4dfcdeaa19dacf2b-00001dd3.png,opaque_original_became_translucent
000000008d4b2fe7dd94f4e1,decked_ps2,Vice City Stories - PS2 (USA) Texture Pack/SLUS-21590/replacements/175b8050341a49a-4dfcdeaa19dacf2b-00005dd3.png,opaque_original_became_translucent
00000000baad675087d3970e,decked_ps2,Vice City Stories - PS2 (USA) Texture Pack/SLUS-21590/Main Characters Outfits Updated - By Dankaishin/Louise Cassidy Outfits/Louise Cassidy Original Outfit Remastered/577885e241473ebc-dca7190ff7cc8605-00001993.png,opaque_original_became_translucent
00000000baad675087d3970e,decked_ps2,Vice City Stories - PS2 (USA) Texture Pack/SLUS-21590/Main Characters Outfits Updated - By Dankaishin/Louise Cassidy Outfits/Louise Cassidy Original Outfit Remastered/677433b7e9e7c506-55df75a95a31eadc-00001994.png,opaque_original_became_translucent
00000000baad675087d3970e,decked_ps2,Vice City Stories - PS2 (USA) Texture Pack/SLUS-21590/replacements/577885e241473ebc-dca7190ff7cc8605-00001993.png,opaque_original_became_translucent
00000000baad675087d3970e,decked_ps2,Vice City Stories - PS2 (USA) Texture Pack/SLUS-21590/replacements/677433b7e9e7c506-55df75a95a31eadc-00001994.png,opaque_original_became_translucent
00000000c4d0f9552e5282c4,decked_ps2,Vice City Stories - PS2 (USA) Texture Pack/SLUS-21590/Main Characters Outfits Updated - By Dankaishin/Louise Cassidy Outfits/Louise Cassidy - White Lies Outfit Remastered/Single Player Remastered/5ed69b6ea8b8b1f2-f34bf083bee48685-00001994.png,opaque_original_became_translucent
00000000c4d0f9552e5282c4,decked_ps2,Vice City Stories - PS2 (USA) Texture Pack/SLUS-21590/Main Characters Outfits Updated - By Dankaishin/Louise Cassidy Outfits/Louise Cassidy Original Outfit Remastered/70255242d6497e63-b361153f24eb0412-00001994.png,opaque_original_became_translucent
00000000c4d0f9552e5282c4,decked_ps2,Vice City Stories - PS2 (USA) Texture Pack/SLUS-21590/Main Characters Outfits Updated - By Dankaishin/Louise Cassidy Outfits/Louise Cassidy Outfit 2/70255242d6497e63-b361153f24eb0412-00001994.PNG,opaque_original_became_translucent
00000000c4d0f9552e5282c4,decked_ps2,Vice City Stories - PS2 (USA) Texture Pack/SLUS-21590/Main Characters Outfits Updated - By Dankaishin/Louise Cassidy Outfits/Louise Cassidy Outfit 3/70255242d6497e63-b361153f24eb0412-00001994.png,opaque_original_became_translucent
00000000c4d0f9552e5282c4,decked_ps2,Vice City Stories - PS2 (USA) Texture Pack/SLUS-21590/replacements/70255242d6497e63-b361153f24eb0412-00001994.png,opaque_original_became_translucent
000000000728220e38eee5aa,decked_ps2,Vice City Stories - PS2 (USA) Texture Pack/SLUS-21590/Main Characters Outfits Updated - By Dankaishin/Louise Cassidy Outfits/Louise Cassidy - White Lies Outfit Remastered/2848262c06c8ee3d-27c5bbe34ee9c70b-00001dd3.png,opaque_original_became_translucent
0000000010d6ac268342e654,decked_ps2,Vice City Stories - PS2 (USA) Texture Pack/SLUS-21590/Main Characters Outfits Updated - By Dankaishin/Louise Cassidy Outfits/Louise Cassidy - White Lies Outfit Remastered/Single Player Remastered/5ed69b6ea8b8b1f2-f34bf083bee48685-00001994.png,opaque_original_became_translucent
0000000010d6ac268342e654,decked_ps2,Vice City Stories - PS2 (USA) Texture Pack/SLUS-21590/Main Characters Outfits Updated - By Dankaishin/Louise Cassidy Outfits/Louise Cassidy Original Outfit Remastered/70255242d6497e63-b361153f24eb0412-00001994.png,opaque_original_became_translucent
0000000010d6ac268342e654,decked_ps2,Vice City Stories - PS2 (USA) Texture Pack/SLUS-21590/Main Characters Outfits Updated - By Dankaishin/Louise Cassidy Outfits/Louise Cassidy Outfit 2/70255242d6497e63-b361153f24eb0412-00001994.PNG,opaque_original_became_translucent
0000000010d6ac268342e654,decked_ps2,Vice City Stories - PS2 (USA) Texture Pack/SLUS-21590/Main Characters Outfits Updated - By Dankaishin/Louise Cassidy Outfits/Louise Cassidy Outfit 3/70255242d6497e63-b361153f24eb0412-00001994.png,opaque_original_became_translucent
0000000010d6ac268342e654,decked_ps2,Vice City Stories - PS2 (USA) Texture Pack/SLUS-21590/replacements/70255242d6497e63-b361153f24eb0412-00001994.png,opaque_original_became_translucent
000000003dfd73bd2e68973d,decked_ps2,Vice City Stories - PS2 (USA) Texture Pack/SLUS-21590/Main Characters Outfits Updated - By Dankaishin/Louise Cassidy Outfits/Louise Cassidy - White Lies Outfit Remastered/654a7c1316e28f7c-fc87a850717222ba-00001dd3.png,opaque_original_became_translucent
000000004222cd742bd9acd7,decked_ps2,Vice City Stories - PS2 (USA) Texture Pack/SLUS-21590/Main Characters Outfits Updated - By Dankaishin/Louise Cassidy Outfits/Louise Cassidy - White Lies Outfit Remastered/947f0cbef4c63437-614245f9b10aea34-00001993.png,opaque_original_became_translucent
000000004424b5f929c5857e,decked_ps2,Vice City Stories - PS2 (USA) Texture Pack/SLUS-21590/Main Characters Outfits Updated - By Dankaishin/Louise Cassidy Outfits/Louise Cassidy - White Lies Outfit Remastered/Single Player Remastered/89166380992cc984-65bcdaccd548e8f3-00001594.png,opaque_original_became_translucent
000000004424b5f929c5857e,decked_ps2,Vice City Stories - PS2 (USA) Texture Pack/SLUS-21590/Main Characters Outfits Updated - By Dankaishin/Louise Cassidy Outfits/Louise Cassidy - White Lies Outfit Remastered/c407356fd74f6285-1baedb1cfe149e2b-000019d3.png,opaque_original_became_translucent
000000004424b5f929c5857e,decked_ps2,Vice City Stories - PS2 (USA) Texture Pack/SLUS-21590/Main Characters Outfits Updated - By Dankaishin/Louise Cassidy Outfits/Louise Cassidy Original Outfit Remastered/89166380992cc984-65bcdaccd548e8f3-00001594.png,opaque_original_became_translucent
000000004424b5f929c5857e,decked_ps2,Vice City Stories - PS2 (USA) Texture Pack/SLUS-21590/Main Characters Outfits Updated - By Dankaishin/Louise Cassidy Outfits/Louise Cassidy Original Outfit Remastered/c407356fd74f6285-1baedb1cfe149e2b-000019d3.png,opaque_original_became_translucent
000000004424b5f929c5857e,decked_ps2,Vice City Stories - PS2 (USA) Texture Pack/SLUS-21590/Main Characters Outfits Updated - By Dankaishin/Louise Cassidy Outfits/Louise Cassidy Original Outfit Remastered/c407356fd74f6285-220f96b9a8a55c0-000019d3.png,opaque_original_became_translucent
000000004424b5f929c5857e,decked_ps2,Vice City Stories - PS2 (USA) Texture Pack/SLUS-21590/Main Characters Outfits Updated - By Dankaishin/Louise Cassidy Outfits/Louise Cassidy Original Outfit Remastered/c407356fd74f6285-63704f404fb61cca-000019d3.png,opaque_original_became_translucent
000000004424b5f929c5857e,decked_ps2,Vice City Stories - PS2 (USA) Texture Pack/SLUS-21590/Main Characters Outfits Updated - By Dankaishin/Louise Cassidy Outfits/Louise Cassidy Original Outfit Remastered/c407356fd74f6285-63704f404fb61cca-000059d3.png,opaque_original_became_translucent
000000004424b5f929c5857e,decked_ps2,Vice City Stories - PS2 (USA) Texture Pack/SLUS-21590/Main Characters Outfits Updated - By Dankaishin/Louise Cassidy Outfits/Louise Cassidy Outfit 2/89166380992cc984-65bcdaccd548e8f3-00001594.png,opaque_original_became_translucent
000000004424b5f929c5857e,decked_ps2,Vice City Stories - PS2 (USA) Texture Pack/SLUS-21590/Main Characters Outfits Updated - By Dankaishin/Louise Cassidy Outfits/Louise Cassidy Outfit 2/c407356fd74f6285-220f96b9a8a55c0-000019d3.png,opaque_original_became_translucent
000000004424b5f929c5857e,decked_ps2,Vice City Stories - PS2 (USA) Texture Pack/SLUS-21590/Main Characters Outfits Updated - By Dankaishin/Louise Cassidy Outfits/Louise Cassidy Outfit 2/c407356fd74f6285-63704f404fb61cca-000019d3.png,opaque_original_became_translucent
000000004424b5f929c5857e,decked_ps2,Vice City Stories - PS2 (USA) Texture Pack/SLUS-21590/Main Characters Outfits Updated - By Dankaishin/Louise Cassidy Outfits/Louise Cassidy Outfit 2/c407356fd74f6285-63704f404fb61cca-000059d3.png,opaque_original_became_translucent
000000004424b5f929c5857e,decked_ps2,Vice City Stories - PS2 (USA) Texture Pack/SLUS-21590/Main Characters Outfits Updated - By Dankaishin/Louise Cassidy Outfits/Louise Cassidy Outfit 3/89166380992cc984-65bcdaccd548e8f3-00001594.png,opaque_original_became_translucent
000000004424b5f929c5857e,decked_ps2,Vice City Stories - PS2 (USA) Texture Pack/SLUS-21590/Main Characters Outfits Updated - By Dankaishin/Louise Cassidy Outfits/Louise Cassidy Outfit 3/c407356fd74f6285-220f96b9a8a55c0-000019d3.png,opaque_original_became_translucent
000000004424b5f929c5857e,decked_ps2,Vice City Stories - PS2 (USA) Texture Pack/SLUS-21590/Main Characters Outfits Updated - By Dankaishin/Louise Cassidy Outfits/Louise Cassidy Outfit 3/c407356fd74f6285-63704f404fb61cca-000019d3.png,opaque_original_became_translucent
000000004424b5f929c5857e,decked_ps2,Vice City Stories - PS2 (USA) Texture Pack/SLUS-21590/Main Characters Outfits Updated - By Dankaishin/Louise Cassidy Outfits/Louise Cassidy Outfit 3/c407356fd74f6285-63704f404fb61cca-000059d3.png,opaque_original_became_translucent
000000004424b5f929c5857e,decked_ps2,Vice City Stories - PS2 (USA) Texture Pack/SLUS-21590/replacements/89166380992cc984-65bcdaccd548e8f3-00001594.png,opaque_original_became_translucent
000000004424b5f929c5857e,decked_ps2,Vice City Stories - PS2 (USA) Texture Pack/SLUS-21590/replacements/c407356fd74f6285-220f96b9a8a55c0-000019d3.png,opaque_original_became_translucent
000000004424b5f929c5857e,decked_ps2,Vice City Stories - PS2 (USA) Texture Pack/SLUS-21590/replacements/c407356fd74f6285-63704f404fb61cca-000019d3.png,opaque_original_became_translucent
000000004424b5f929c5857e,decked_ps2,Vice City Stories - PS2 (USA) Texture Pack/SLUS-21590/replacements/c407356fd74f6285-63704f404fb61cca-000059d3.png,opaque_original_became_translucent
00000000712e19bc050b136f,decked_ps2,Vice City Stories - PS2 (USA) Texture Pack/SLUS-21590/Main Characters Outfits Updated - By Dankaishin/Louise Cassidy Outfits/Louise Cassidy - White Lies Outfit Remastered/fa772bd0c9145c22-f6cc3540f0b8a312-00001dd3.png,opaque_original_became_translucent
000000009133de0e223ba466,decked_ps2,Vice City Stories - PS2 (USA) Texture Pack/SLUS-21590/Main Characters Outfits Updated - By Dankaishin/Louise Cassidy Outfits/Louise Cassidy - White Lies Outfit Remastered/fa772bd0c9145c22-f6cc3540f0b8a312-00001dd3.png,opaque_original_became_translucent
00000000c2952cfe140f5731,decked_ps2,Vice City Stories - PS2 (USA) Texture Pack/SLUS-21590/Main Characters Outfits Updated - By Dankaishin/Louise Cassidy Outfits/Louise Cassidy - White Lies Outfit Remastered/2848262c06c8ee3d-27c5bbe34ee9c70b-00001dd3.png,opaque_original_became_translucent
000000005d481f0c19b8ed1c,decked_ps2,Vice City Stories - PS2 (USA) Texture Pack/SLUS-21590/Main Characters Outfits Updated - By Dankaishin/Louise Cassidy Outfits/Louise Cassidy - White Lies Outfit Remastered/947f0cbef4c63437-614245f9b10aea34-00001993.png,opaque_original_became_translucent
0000000089bc0ada92ce1aca,decked_ps2,Vice City Stories - PS2 (USA) Texture Pack/SLUS-21590/Main Characters Outfits Updated - By Dankaishin/Louise Cassidy Outfits/Louise Cassidy - White Lies Outfit Remastered/Dead Louise Cassidy/95a21112d51b903b-98958ad505cf4eed-00001dd3.png,opaque_original_became_translucent
00000000a4175d25a234645e,decked_ps2,Vice City Stories - PS2 (USA) Texture Pack/SLUS-21590/Main Characters Outfits Updated - By Dankaishin/Louise Cassidy Outfits/Louise Cassidy - White Lies Outfit Remastered/Dead Louise Cassidy/ba4295d55921b745-fde78cceba454b9a-00001dd3.png,opaque_original_became_translucent
000000002e5c261e1d46703c,decked_ps2,Vice City Stories - PS2 (USA) Texture Pack/SLUS-21590/Main Characters Outfits Updated - By Dankaishin/Mendez Goons Cutscene Outfits Updated/Ped 1 A/2/dc8d97c39d95d93b-7a5290a49457f7bf-00005dd3.png,insufficient_visible_detail_beyond_resize
000000008cb2ed7e2527907e,decked_ps2,Vice City Stories - PS2 (USA) Texture Pack/SLUS-21590/Main Characters Outfits Updated - By Dankaishin/Mendez Goons Cutscene Outfits Updated/Ped 1 A/2/5b269a70b1ae1525-168aec30bf97e6f7-00005994.png,visual_recolor_or_changed_design | character_recolor_or_artwork_change
00000000dbf1e60df5d93820,decked_ps2,Vice City Stories - PS2 (USA) Texture Pack/SLUS-21590/Main Characters Outfits Updated - By Dankaishin/Mendez Goons Cutscene Outfits Updated/Ped 1 A/2/62ae94c75ff1e178-d51d22b05d51d2d9-00005dd3.png,no_material_detail_beyond_simple_resize
0000000027f477f6ccf56805,decked_ps2,Vice City Stories - PS2 (USA) Texture Pack/SLUS-21590/Main Characters Outfits Updated - By Dankaishin/Mendez Goons Cutscene Outfits Updated/Ped 1 A/1/86a14e99f928756d-bf9a57a5ba5f81e8-00001dd3.png,less_than_2x_resolution | artwork_or_layout_differs_needs_manual_comparison
000000002e5c261e1d46703c,decked_ps2,Vice City Stories - PS2 (USA) Texture Pack/SLUS-21590/Main Characters Outfits Updated - By Dankaishin/Mendez Goons Cutscene Outfits Updated/Ped 1 A/1/dc8d97c39d95d93b-7a5290a49457f7bf-00001dd3.png,less_than_2x_resolution
000000008cb2ed7e2527907e,decked_ps2,Vice City Stories - PS2 (USA) Texture Pack/SLUS-21590/Main Characters Outfits Updated - By Dankaishin/Mendez Goons Cutscene Outfits Updated/Ped 1 A/1/5b269a70b1ae1525-168aec30bf97e6f7-00005994.png,opaque_original_became_translucent
000000008cb2ed7e2527907e,decked_ps2,Vice City Stories - PS2 (USA) Texture Pack/SLUS-21590/Main Characters Outfits Updated - By Dankaishin/Vic Vance Outfits Updated/Vic Vance - Purple Pastel Suit/5b269a70b1ae1525-168aec30bf97e6f7-00005994.png,opaque_original_became_translucent
000000008cb2ed7e2527907e,decked_ps2,Vice City Stories - PS2 (USA) Texture Pack/SLUS-21590/Main Characters Outfits Updated - By Dankaishin/Vic Vance Outfits Updated/Vic Vance - Purple Pastel Suit/ce83157cf9903333-a746842a64c93c47-00005993.png,opaque_original_became_translucent
000000008cb2ed7e2527907e,decked_ps2,Vice City Stories - PS2 (USA) Texture Pack/SLUS-21590/Main Characters Outfits Updated - By Dankaishin/Vic Vance Outfits Updated/Vic Vance Brown PastelSuit/5b269a70b1ae1525-168aec30bf97e6f7-00005994.png,opaque_original_became_translucent
000000008cb2ed7e2527907e,decked_ps2,Vice City Stories - PS2 (USA) Texture Pack/SLUS-21590/Main Characters Outfits Updated - By Dankaishin/Vic Vance Outfits Updated/Vic Vance Brown PastelSuit/ce83157cf9903333-a746842a64c93c47-00005993.png,opaque_original_became_translucent
00000000dbf1e60df5d93820,decked_ps2,Vice City Stories - PS2 (USA) Texture Pack/SLUS-21590/Main Characters Outfits Updated - By Dankaishin/Mendez Goons Cutscene Outfits Updated/Ped 1 A/1/62ae94c75ff1e178-d51d22b05d51d2d9-00001dd3.png,less_than_2x_resolution | artwork_or_layout_differs_needs_manual_comparison
0000000027f477f6ccf56805,decked_ps2,Vice City Stories - PS2 (USA) Texture Pack/SLUS-21590/Main Characters Outfits Updated - By Dankaishin/Mendez Goons Cutscene Outfits Updated/Ped 1 A/3/86a14e99f928756d-b2e59e4497a73944-00005dd3.png,less_than_2x_resolution | artwork_or_layout_differs_needs_manual_comparison
000000002e5c261e1d46703c,decked_ps2,Vice City Stories - PS2 (USA) Texture Pack/SLUS-21590/Main Characters Outfits Updated - By Dankaishin/Mendez Goons Cutscene Outfits Updated/Ped 1 A/3/dc8d97c39d95d93b-7a5290a49457f7bf-00005dd3.png,less_than_2x_resolution
000000008cb2ed7e2527907e,decked_ps2,Vice City Stories - PS2 (USA) Texture Pack/SLUS-21590/Main Characters Outfits Updated - By Dankaishin/Mendez Goons Cutscene Outfits Updated/Ped 1 A/3/5b269a70b1ae1525-168aec30bf97e6f7-00005994.png,less_than_2x_resolution
00000000dbf1e60df5d93820,decked_ps2,Vice City Stories - PS2 (USA) Texture Pack/SLUS-21590/Main Characters Outfits Updated - By Dankaishin/Mendez Goons Cutscene Outfits Updated/Ped 1 A/3/62ae94c75ff1e178-d51d22b05d51d2d9-00005dd3.png,less_than_2x_resolution | artwork_or_layout_differs_needs_manual_comparison
000000006d7637fe939b2c19,decked_ps2,Vice City Stories - PS2 (USA) Texture Pack/SLUS-21590/Main Characters Outfits Updated - By Dankaishin/Mendez Goons Cutscene Outfits Updated/Ped 2 B/1/edf3a87903ed6b18-7a3eddfd1f187607-00001dd3.png,less_than_2x_resolution | artwork_or_layout_differs_needs_manual_comparison
00000000bc3d3fa9ec931214,decked_ps2,Vice City Stories - PS2 (USA) Texture Pack/SLUS-21590/Main Characters Outfits Updated - By Dankaishin/Mendez Goons Cutscene Outfits Updated/Ped 2 B/1/cd14fd856c810b71-dfc9827d32719e3a-00001dd3.png,less_than_2x_resolution | artwork_or_layout_differs_needs_manual_comparison
00000000cba33b27ccf56805,decked_ps2,Vice City Stories - PS2 (USA) Texture Pack/SLUS-21590/Main Characters Outfits Updated - By Dankaishin/Mendez Goons Cutscene Outfits Updated/Ped 2 B/1/86a14e99f928756d-b2e59e4497a73944-00001dd3.png,less_than_2x_resolution | artwork_or_layout_differs_needs_manual_comparison
00000000bc3d3fa9ec931214,decked_ps2,Vice City Stories - PS2 (USA) Texture Pack/SLUS-21590/Main Characters Outfits Updated - By Dankaishin/Mendez Goons Cutscene Outfits Updated/Ped 2 B/Original/cd14fd856c810b71-dfc9827d32719e3a-00001dd3.png,no_material_detail_beyond_simple_resize
000000005278dc506bfa1cf5,decked_ps2,Vice City Stories - PS2 (USA) Texture Pack/SLUS-21590/Main Characters Outfits Updated - By Dankaishin/Diaz - Artwork Outfits/Diaz Outfit 2 - Dankaishin/8d86a307545bdfac-6a4681f3300bd063-00001994.png,opaque_original_became_translucent | artwork_or_layout_differs_needs_manual_comparison
000000005278dc506bfa1cf5,decked_ps2,Vice City Stories - PS2 (USA) Texture Pack/SLUS-21590/Main Characters Outfits Updated - By Dankaishin/Diaz - Artwork Outfits/Diaz Outfit 2 - Dankaishin/b160db4291866bdd-7f31d6c033e19b23-00001dd3.png,opaque_original_became_translucent | artwork_or_layout_differs_needs_manual_comparison
000000008d681e9de25b8642,decked_ps2,Vice City Stories - PS2 (USA) Texture Pack/SLUS-21590/Main Characters Outfits Updated - By Dankaishin/Diaz - Artwork Outfits/Diaz Outfit 2 - Dankaishin/aed72c117426c5f2-ef5de4ea2fc5577f-00001994.png,opaque_original_became_translucent | artwork_or_layout_differs_needs_manual_comparison
000000008d681e9de25b8642,decked_ps2,Vice City Stories - PS2 (USA) Texture Pack/SLUS-21590/Main Characters Outfits Updated - By Dankaishin/Diaz - Artwork Outfits/Diaz Outfit 2 - Dankaishin/f0ec47542fc9ad6e-40d03c01167ba66c-00001dd3.png,opaque_original_became_translucent | artwork_or_layout_differs_needs_manual_comparison
000000005278dc506bfa1cf5,decked_ps2,Vice City Stories - PS2 (USA) Texture Pack/SLUS-21590/Main Characters Outfits Updated - By Dankaishin/Diaz - Artwork Outfits/Diaz Outfit 3 - Dankaishin/8d86a307545bdfac-6a4681f3300bd063-00001994.png,opaque_original_became_translucent | artwork_or_layout_differs_needs_manual_comparison
000000005278dc506bfa1cf5,decked_ps2,Vice City Stories - PS2 (USA) Texture Pack/SLUS-21590/Main Characters Outfits Updated - By Dankaishin/Diaz - Artwork Outfits/Diaz Outfit 3 - Dankaishin/b160db4291866bdd-7f31d6c033e19b23-00001dd3.png,opaque_original_became_translucent | artwork_or_layout_differs_needs_manual_comparison
000000008d681e9de25b8642,decked_ps2,Vice City Stories - PS2 (USA) Texture Pack/SLUS-21590/Main Characters Outfits Updated - By Dankaishin/Diaz - Artwork Outfits/Diaz Outfit 3 - Dankaishin/aed72c117426c5f2-ef5de4ea2fc5577f-00001994.png,opaque_original_became_translucent | artwork_or_layout_differs_needs_manual_comparison
000000008d681e9de25b8642,decked_ps2,Vice City Stories - PS2 (USA) Texture Pack/SLUS-21590/Main Characters Outfits Updated - By Dankaishin/Diaz - Artwork Outfits/Diaz Outfit 3 - Dankaishin/f0ec47542fc9ad6e-40d03c01167ba66c-00001dd3.png,opaque_original_became_translucent | artwork_or_layout_differs_needs_manual_comparison
000000005278dc506bfa1cf5,decked_ps2,Vice City Stories - PS2 (USA) Texture Pack/SLUS-21590/Main Characters Outfits Updated - By Dankaishin/Diaz - Artwork Outfits/Diaz Outfit 4 - Dankaishin/8d86a307545bdfac-6a4681f3300bd063-00001994.png,opaque_original_became_translucent | artwork_or_layout_differs_needs_manual_comparison
000000005278dc506bfa1cf5,decked_ps2,Vice City Stories - PS2 (USA) Texture Pack/SLUS-21590/Main Characters Outfits Updated - By Dankaishin/Diaz - Artwork Outfits/Diaz Outfit 4 - Dankaishin/b160db4291866bdd-7f31d6c033e19b23-00001dd3.png,opaque_original_became_translucent | artwork_or_layout_differs_needs_manual_comparison
000000008d681e9de25b8642,decked_ps2,Vice City Stories - PS2 (USA) Texture Pack/SLUS-21590/Main Characters Outfits Updated - By Dankaishin/Diaz - Artwork Outfits/Diaz Outfit 4 - Dankaishin/aed72c117426c5f2-ef5de4ea2fc5577f-00001994.png,opaque_original_became_translucent | artwork_or_layout_differs_needs_manual_comparison
000000008d681e9de25b8642,decked_ps2,Vice City Stories - PS2 (USA) Texture Pack/SLUS-21590/Main Characters Outfits Updated - By Dankaishin/Diaz - Artwork Outfits/Diaz Outfit 4 - Dankaishin/f0ec47542fc9ad6e-40d03c01167ba66c-00001dd3.png,opaque_original_became_translucent | artwork_or_layout_differs_needs_manual_comparison
000000008d681e9de25b8642,decked_ps2,Vice City Stories - PS2 (USA) Texture Pack/SLUS-21590/Main Characters Outfits Updated - By Dankaishin/Diaz - Artwork Outfits/Original Diaz Outfit Remastered - Dankaishin/aed72c117426c5f2-ef5de4ea2fc5577f-00001994.png,artwork_or_layout_differs_needs_manual_comparison
000000008d681e9de25b8642,decked_ps2,Vice City Stories - PS2 (USA) Texture Pack/SLUS-21590/Main Characters Outfits Updated - By Dankaishin/Diaz - Artwork Outfits/Original Diaz Outfit Remastered - Dankaishin/f0ec47542fc9ad6e-40d03c01167ba66c-00001dd3.png,artwork_or_layout_differs_needs_manual_comparison
000000008d681e9de25b8642,decked_ps2,Vice City Stories - PS2 (USA) Texture Pack/SLUS-21590/replacements/aed72c117426c5f2-ef5de4ea2fc5577f-00001994.png,artwork_or_layout_differs_needs_manual_comparison
000000008d681e9de25b8642,decked_ps2,Vice City Stories - PS2 (USA) Texture Pack/SLUS-21590/replacements/f0ec47542fc9ad6e-40d03c01167ba66c-00001dd3.png,artwork_or_layout_differs_needs_manual_comparison
000000004c34799d16b4c3c4,decked_ps2,Vice City Stories - PS2 (USA) Texture Pack/SLUS-21590/Main Characters Outfits Updated - By Dankaishin/Vic Vance Outfits Updated/B.E.T.A. Vic By Toguro45/d098dda0dd7ff1fb-315a4e72f4ae359e-00001dd3.png,character_recolor_or_artwork_change
00000000b485c9db1195b23b,decked_ps2,Vice City Stories - PS2 (USA) Texture Pack/SLUS-21590/Main Characters Outfits Updated - By Dankaishin/Vic Vance Outfits Updated/B.E.T.A. Vic By Toguro45/5f4485ce5e2e50b3-d8ffb173d71b3d6-00001dd4.png,artwork_or_layout_differs_needs_manual_comparison
00000000c01a998145cd0b82,decked_ps2,Vice City Stories - PS2 (USA) Texture Pack/SLUS-21590/Main Characters Outfits Updated - By Dankaishin/Vic Vance Outfits Updated/B.E.T.A. Vic By Toguro45/d098dda0dd7ff1fb-315a4e72f4ae359e-00001dd3.png,visual_recolor_or_changed_design | character_recolor_or_artwork_change
000000000829d984db5bfed9,decked_ps2,Vice City Stories - PS2 (USA) Texture Pack/SLUS-21590/Main Characters Outfits Updated - By Dankaishin/Vic Vance Outfits Updated/Vic Vance - Beta Casuals Outfit/6543acb746ddf8fd-deb2861305f2a51d-00005dd4.png,less_than_2x_resolution
000000000829d984db5bfed9,decked_ps2,Vice City Stories - PS2 (USA) Texture Pack/SLUS-21590/Main Characters Outfits Updated - By Dankaishin/Vic Vance Outfits Updated/Vic Vance - Beta Casuals Outfit/74dd9fc5ac365a67-8a55ae38f0089d95-00005dd3.png,less_than_2x_resolution
000000000829d984db5bfed9,decked_ps2,Vice City Stories - PS2 (USA) Texture Pack/SLUS-21590/Main Characters Outfits Updated - By Dankaishin/Vic Vance Outfits Updated/Vic Vance - Black Shirt/6543acb746ddf8fd-deb2861305f2a51d-00005dd4.png,less_than_2x_resolution
000000000829d984db5bfed9,decked_ps2,Vice City Stories - PS2 (USA) Texture Pack/SLUS-21590/Main Characters Outfits Updated - By Dankaishin/Vic Vance Outfits Updated/Vic Vance - Black Shirt/74dd9fc5ac365a67-8a55ae38f0089d95-00005dd3.png,less_than_2x_resolution
000000000829d984db5bfed9,decked_ps2,Vice City Stories - PS2 (USA) Texture Pack/SLUS-21590/Main Characters Outfits Updated - By Dankaishin/Vic Vance Outfits Updated/Vic Vance - Rockstar Logo Casual Black Outfit/6543acb746ddf8fd-deb2861305f2a51d-00005dd4.png,less_than_2x_resolution
000000000829d984db5bfed9,decked_ps2,Vice City Stories - PS2 (USA) Texture Pack/SLUS-21590/Main Characters Outfits Updated - By Dankaishin/Vic Vance Outfits Updated/Vic Vance - Rockstar Logo Casual Black Outfit/74dd9fc5ac365a67-8a55ae38f0089d95-00005dd3.png,less_than_2x_resolution
000000000829d984db5bfed9,decked_ps2,Vice City Stories - PS2 (USA) Texture Pack/SLUS-21590/Main Characters Outfits Updated - By Dankaishin/Vic Vance Outfits Updated/Vic Vance - Violet Casual Outfit/6543acb746ddf8fd-deb2861305f2a51d-00005dd4.png,less_than_2x_resolution
000000000829d984db5bfed9,decked_ps2,Vice City Stories - PS2 (USA) Texture Pack/SLUS-21590/Main Characters Outfits Updated - By Dankaishin/Vic Vance Outfits Updated/Vic Vance - Violet Casual Outfit/74dd9fc5ac365a67-8a55ae38f0089d95-00005dd3.png,less_than_2x_resolution
000000000829d984db5bfed9,decked_ps2,Vice City Stories - PS2 (USA) Texture Pack/SLUS-21590/Main Characters Outfits Updated - By Dankaishin/Vic Vance Outfits Updated/Vic Vance Beta - Brighter Blue Casual Outfit/6543acb746ddf8fd-deb2861305f2a51d-00005dd4.png,less_than_2x_resolution
000000000829d984db5bfed9,decked_ps2,Vice City Stories - PS2 (USA) Texture Pack/SLUS-21590/Main Characters Outfits Updated - By Dankaishin/Vic Vance Outfits Updated/Vic Vance Beta - Brighter Blue Casual Outfit/74dd9fc5ac365a67-8a55ae38f0089d95-00005dd3.png,less_than_2x_resolution
000000004cab2477fba4b2da,decked_ps2,Vice City Stories - PS2 (USA) Texture Pack/SLUS-21590/Main Characters Outfits Updated - By Dankaishin/Vic Vance Outfits Updated/Vic Vance Beta - Brighter Blue Casual Outfit/98d9d940e896796c-d652595dd618fd31-00005dd4.png,less_than_2x_resolution
000000004cab2477fba4b2da,decked_ps2,Vice City Stories - PS2 (USA) Texture Pack/SLUS-21590/Main Characters Outfits Updated - By Dankaishin/Vic Vance Outfits Updated/Vic Vance Beta - Brighter Blue Casual Outfit/cad3418e6dc1e54a-2d41c1f6358ccd1a-00005dd4.png,less_than_2x_resolution
000000006e00e7b19ef01df6,decked_ps2,Vice City Stories - PS2 (USA) Texture Pack/SLUS-21590/Main Characters Outfits Updated - By Dankaishin/Vic Vance Outfits Updated/Vic Vance - Beta Casuals Outfit/8ec176477adf6ef0-e81a7c94be509f9c-00005994.png,opaque_original_became_translucent
000000006e00e7b19ef01df6,decked_ps2,Vice City Stories - PS2 (USA) Texture Pack/SLUS-21590/Main Characters Outfits Updated - By Dankaishin/Vic Vance Outfits Updated/Vic Vance - Black Shirt/8ec176477adf6ef0-e81a7c94be509f9c-00005994.png,opaque_original_became_translucent
000000006e00e7b19ef01df6,decked_ps2,Vice City Stories - PS2 (USA) Texture Pack/SLUS-21590/Main Characters Outfits Updated - By Dankaishin/Vic Vance Outfits Updated/Vic Vance - Casual Outfit Remastered - Dankaishin/8ec176477adf6ef0-e81a7c94be509f9c-00005994.png,opaque_original_became_translucent
000000006e00e7b19ef01df6,decked_ps2,Vice City Stories - PS2 (USA) Texture Pack/SLUS-21590/Main Characters Outfits Updated - By Dankaishin/Vic Vance Outfits Updated/Vic Vance - Rockstar Logo Casual Black Outfit/8ec176477adf6ef0-e81a7c94be509f9c-00005994.png,opaque_original_became_translucent
000000006e00e7b19ef01df6,decked_ps2,Vice City Stories - PS2 (USA) Texture Pack/SLUS-21590/Main Characters Outfits Updated - By Dankaishin/Vic Vance Outfits Updated/Vic Vance - Violet Casual Outfit/8ec176477adf6ef0-e81a7c94be509f9c-00005994.png,opaque_original_became_translucent
000000006e00e7b19ef01df6,decked_ps2,Vice City Stories - PS2 (USA) Texture Pack/SLUS-21590/Main Characters Outfits Updated - By Dankaishin/Vic Vance Outfits Updated/Vic White Shirt - Casual Outfit 3/8ec176477adf6ef0-e81a7c94be509f9c-00005994.PNG,opaque_original_became_translucent
000000008d611f17b8ef1361,decked_ps2,Vice City Stories - PS2 (USA) Texture Pack/SLUS-21590/Main Characters Outfits Updated - By Dankaishin/Vic Vance Outfits Updated/Vic Vance - Beta Casuals Outfit/6543acb746ddf8fd-deb2861305f2a51d-00005dd4.png,less_than_2x_resolution
000000008d611f17b8ef1361,decked_ps2,Vice City Stories - PS2 (USA) Texture Pack/SLUS-21590/Main Characters Outfits Updated - By Dankaishin/Vic Vance Outfits Updated/Vic Vance - Beta Casuals Outfit/74dd9fc5ac365a67-8a55ae38f0089d95-00005dd3.png,less_than_2x_resolution
000000008d611f17b8ef1361,decked_ps2,Vice City Stories - PS2 (USA) Texture Pack/SLUS-21590/Main Characters Outfits Updated - By Dankaishin/Vic Vance Outfits Updated/Vic Vance - Black Shirt/6543acb746ddf8fd-deb2861305f2a51d-00005dd4.png,less_than_2x_resolution
000000008d611f17b8ef1361,decked_ps2,Vice City Stories - PS2 (USA) Texture Pack/SLUS-21590/Main Characters Outfits Updated - By Dankaishin/Vic Vance Outfits Updated/Vic Vance - Black Shirt/74dd9fc5ac365a67-8a55ae38f0089d95-00005dd3.png,less_than_2x_resolution
000000008d611f17b8ef1361,decked_ps2,Vice City Stories - PS2 (USA) Texture Pack/SLUS-21590/Main Characters Outfits Updated - By Dankaishin/Vic Vance Outfits Updated/Vic Vance - Rockstar Logo Casual Black Outfit/6543acb746ddf8fd-deb2861305f2a51d-00005dd4.png,less_than_2x_resolution
000000008d611f17b8ef1361,decked_ps2,Vice City Stories - PS2 (USA) Texture Pack/SLUS-21590/Main Characters Outfits Updated - By Dankaishin/Vic Vance Outfits Updated/Vic Vance - Rockstar Logo Casual Black Outfit/74dd9fc5ac365a67-8a55ae38f0089d95-00005dd3.png,less_than_2x_resolution
000000008d611f17b8ef1361,decked_ps2,Vice City Stories - PS2 (USA) Texture Pack/SLUS-21590/Main Characters Outfits Updated - By Dankaishin/Vic Vance Outfits Updated/Vic Vance - Violet Casual Outfit/6543acb746ddf8fd-deb2861305f2a51d-00005dd4.png,less_than_2x_resolution
000000008d611f17b8ef1361,decked_ps2,Vice City Stories - PS2 (USA) Texture Pack/SLUS-21590/Main Characters Outfits Updated - By Dankaishin/Vic Vance Outfits Updated/Vic Vance - Violet Casual Outfit/74dd9fc5ac365a67-8a55ae38f0089d95-00005dd3.png,less_than_2x_resolution
000000008d611f17b8ef1361,decked_ps2,Vice City Stories - PS2 (USA) Texture Pack/SLUS-21590/Main Characters Outfits Updated - By Dankaishin/Vic Vance Outfits Updated/Vic Vance Beta - Brighter Blue Casual Outfit/6543acb746ddf8fd-deb2861305f2a51d-00005dd4.png,less_than_2x_resolution
000000008d611f17b8ef1361,decked_ps2,Vice City Stories - PS2 (USA) Texture Pack/SLUS-21590/Main Characters Outfits Updated - By Dankaishin/Vic Vance Outfits Updated/Vic Vance Beta - Brighter Blue Casual Outfit/74dd9fc5ac365a67-8a55ae38f0089d95-00005dd3.png,less_than_2x_resolution
00000000b1f7e0b95eae7e21,decked_ps2,Vice City Stories - PS2 (USA) Texture Pack/SLUS-21590/Main Characters Outfits Updated - By Dankaishin/Vic Vance Outfits Updated/Vic Vance Beta - Brighter Blue Casual Outfit/1df9fb1821a8d0d1-625e5df631278327-00005dd3.png,less_than_2x_resolution
00000000b1f7e0b95eae7e21,decked_ps2,Vice City Stories - PS2 (USA) Texture Pack/SLUS-21590/Main Characters Outfits Updated - By Dankaishin/Vic Vance Outfits Updated/Vic Vance Beta - Brighter Blue Casual Outfit/e139a37c06481c-c5e7a8b519507eb8-00005dd3.png,less_than_2x_resolution
00000000bf7c80eed2dcf0e5,decked_ps2,Vice City Stories - PS2 (USA) Texture Pack/SLUS-21590/Main Characters Outfits Updated - By Dankaishin/Vic Vance Outfits Updated/Vic Vance - Beta Casuals Outfit/8ec176477adf6ef0-e81a7c94be509f9c-00005994.png,opaque_original_became_translucent
00000000bf7c80eed2dcf0e5,decked_ps2,Vice City Stories - PS2 (USA) Texture Pack/SLUS-21590/Main Characters Outfits Updated - By Dankaishin/Vic Vance Outfits Updated/Vic Vance - Black Shirt/8ec176477adf6ef0-e81a7c94be509f9c-00005994.png,opaque_original_became_translucent
00000000bf7c80eed2dcf0e5,decked_ps2,Vice City Stories - PS2 (USA) Texture Pack/SLUS-21590/Main Characters Outfits Updated - By Dankaishin/Vic Vance Outfits Updated/Vic Vance - Casual Outfit Remastered - Dankaishin/8ec176477adf6ef0-e81a7c94be509f9c-00005994.png,opaque_original_became_translucent
00000000bf7c80eed2dcf0e5,decked_ps2,Vice City Stories - PS2 (USA) Texture Pack/SLUS-21590/Main Characters Outfits Updated - By Dankaishin/Vic Vance Outfits Updated/Vic Vance - Rockstar Logo Casual Black Outfit/8ec176477adf6ef0-e81a7c94be509f9c-00005994.png,opaque_original_became_translucent
00000000bf7c80eed2dcf0e5,decked_ps2,Vice City Stories - PS2 (USA) Texture Pack/SLUS-21590/Main Characters Outfits Updated - By Dankaishin/Vic Vance Outfits Updated/Vic Vance - Violet Casual Outfit/8ec176477adf6ef0-e81a7c94be509f9c-00005994.png,opaque_original_became_translucent
00000000bf7c80eed2dcf0e5,decked_ps2,Vice City Stories - PS2 (USA) Texture Pack/SLUS-21590/Main Characters Outfits Updated - By Dankaishin/Vic Vance Outfits Updated/Vic White Shirt - Casual Outfit 3/8ec176477adf6ef0-e81a7c94be509f9c-00005994.PNG,opaque_original_became_translucent
00000000cbaaae4f8d9ef039,decked_ps2,Vice City Stories - PS2 (USA) Texture Pack/SLUS-21590/Main Characters Outfits Updated - By Dankaishin/Vic Vance Outfits Updated/Vic Vance Beta - Brighter Blue Casual Outfit/98d9d940e896796c-d652595dd618fd31-00005dd4.png,less_than_2x_resolution
00000000cbaaae4f8d9ef039,decked_ps2,Vice City Stories - PS2 (USA) Texture Pack/SLUS-21590/Main Characters Outfits Updated - By Dankaishin/Vic Vance Outfits Updated/Vic Vance Beta - Brighter Blue Casual Outfit/cad3418e6dc1e54a-2d41c1f6358ccd1a-00005dd4.png,less_than_2x_resolution
00000000cfca0d83ceac4455,decked_ps2,Vice City Stories - PS2 (USA) Texture Pack/SLUS-21590/Main Characters Outfits Updated - By Dankaishin/Vic Vance Outfits Updated/Vic Vance Beta - Brighter Blue Casual Outfit/1df9fb1821a8d0d1-625e5df631278327-00005dd3.png,less_than_2x_resolution
00000000cfca0d83ceac4455,decked_ps2,Vice City Stories - PS2 (USA) Texture Pack/SLUS-21590/Main Characters Outfits Updated - By Dankaishin/Vic Vance Outfits Updated/Vic Vance Beta - Brighter Blue Casual Outfit/e139a37c06481c-c5e7a8b519507eb8-00005dd3.png,less_than_2x_resolution
00000000cbaaae4f8d9ef039,decked_ps2,Vice City Stories - PS2 (USA) Texture Pack/SLUS-21590/Main Characters Outfits Updated - By Dankaishin/Vic Vance Outfits Updated/Vic Vance - Black Shirt/98d9d940e896796c-d652595dd618fd31-00005dd4.png,opaque_original_became_translucent | artwork_or_layout_differs_needs_manual_comparison
00000000cbaaae4f8d9ef039,decked_ps2,Vice City Stories - PS2 (USA) Texture Pack/SLUS-21590/Main Characters Outfits Updated - By Dankaishin/Vic Vance Outfits Updated/Vic Vance - Black Shirt/e139a37c06481c-c5e7a8b519507eb8-00005dd3.png,opaque_original_became_translucent | artwork_or_layout_differs_needs_manual_comparison
00000000cfca0d83ceac4455,decked_ps2,Vice City Stories - PS2 (USA) Texture Pack/SLUS-21590/Main Characters Outfits Updated - By Dankaishin/Vic Vance Outfits Updated/Vic Vance - Black Shirt/1df9fb1821a8d0d1-625e5df631278327-00005dd3.png,opaque_original_became_translucent | artwork_or_layout_differs_needs_manual_comparison
00000000cfca0d83ceac4455,decked_ps2,Vice City Stories - PS2 (USA) Texture Pack/SLUS-21590/Main Characters Outfits Updated - By Dankaishin/Vic Vance Outfits Updated/Vic Vance - Black Shirt/cad3418e6dc1e54a-2d41c1f6358ccd1a-00005dd4.png,opaque_original_became_translucent | artwork_or_layout_differs_needs_manual_comparison
000000002fd845fb7d31a409,decked_ps2,Vice City Stories - PS2 (USA) Texture Pack/SLUS-21590/Main Characters Outfits Updated - By Dankaishin/Vic Vance Outfits Updated/Blue Leisure Outfit/9e08159f8631a7d4-ca992fcea5124449-00005d94.png,opaque_original_became_translucent | artwork_or_layout_differs_needs_manual_comparison
000000003cf2c667efc8d553,decked_ps2,Vice City Stories - PS2 (USA) Texture Pack/SLUS-21590/Main Characters Outfits Updated - By Dankaishin/Vic Vance Outfits Updated/Blue Leisure Outfit/2aae34a96bc0be56-e8de0b3f84070115-00001dd3.png,opaque_original_became_translucent | artwork_or_layout_differs_needs_manual_comparison
000000003cf2c667efc8d553,decked_ps2,Vice City Stories - PS2 (USA) Texture Pack/SLUS-21590/Main Characters Outfits Updated - By Dankaishin/Vic Vance Outfits Updated/Blue Leisure Outfit/412dc38ced1c9d4d-b53f7bf7ffa821f8-00005dd4.png,opaque_original_became_translucent | artwork_or_layout_differs_needs_manual_comparison
00000000891675f2f6737a71,decked_ps2,Vice City Stories - PS2 (USA) Texture Pack/SLUS-21590/Main Characters Outfits Updated - By Dankaishin/Vic Vance Outfits Updated/Blue Leisure Outfit/9e08159f8631a7d4-ca992fcea5124449-00005d94.png,opaque_original_became_translucent | artwork_or_layout_differs_needs_manual_comparison
00000000a0d16ffc8563033f,decked_ps2,Vice City Stories - PS2 (USA) Texture Pack/SLUS-21590/Main Characters Outfits Updated - By Dankaishin/Vic Vance Outfits Updated/Blue Leisure Outfit/1bb514e921c601b-56db206e2685c41c-00001593.png,opaque_original_became_translucent | artwork_or_layout_differs_needs_manual_comparison
00000000a0d16ffc8563033f,decked_ps2,Vice City Stories - PS2 (USA) Texture Pack/SLUS-21590/Main Characters Outfits Updated - By Dankaishin/Vic Vance Outfits Updated/Blue Leisure Outfit/39cee3a380af640a-4f98e20ed98491f-00005594.png,opaque_original_became_translucent | artwork_or_layout_differs_needs_manual_comparison
00000000a0d16ffc8563033f,decked_ps2,Vice City Stories - PS2 (USA) Texture Pack/SLUS-21590/Main Characters Outfits Updated - By Dankaishin/Vic Vance Outfits Updated/Repo Man Outfit 2/796abde77137da30-cf1b58aeb4edb9c8-00001593.png,opaque_original_became_translucent | artwork_or_layout_differs_needs_manual_comparison
00000000a0d16ffc8563033f,decked_ps2,Vice City Stories - PS2 (USA) Texture Pack/SLUS-21590/Main Characters Outfits Updated - By Dankaishin/Vic Vance Outfits Updated/Repo Man Outfit 2/9a6dd11e61b22c38-68f920a53b663dcd-00005594.png,opaque_original_became_translucent | artwork_or_layout_differs_needs_manual_comparison
00000000a0d16ffc8563033f,decked_ps2,Vice City Stories - PS2 (USA) Texture Pack/SLUS-21590/Main Characters Outfits Updated - By Dankaishin/Vic Vance Outfits Updated/Repo Man Outfit 3/796abde77137da30-cf1b58aeb4edb9c8-00001593.png,opaque_original_became_translucent | artwork_or_layout_differs_needs_manual_comparison
00000000a0d16ffc8563033f,decked_ps2,Vice City Stories - PS2 (USA) Texture Pack/SLUS-21590/Main Characters Outfits Updated - By Dankaishin/Vic Vance Outfits Updated/Repo Man Outfit 3/9a6dd11e61b22c38-68f920a53b663dcd-00005594.png,opaque_original_became_translucent | artwork_or_layout_differs_needs_manual_comparison
00000000a0d16ffc8563033f,decked_ps2,Vice City Stories - PS2 (USA) Texture Pack/SLUS-21590/Main Characters Outfits Updated - By Dankaishin/Vic Vance Outfits Updated/Repo Man Outfit 4/796abde77137da30-cf1b58aeb4edb9c8-00001593.png,opaque_original_became_translucent | artwork_or_layout_differs_needs_manual_comparison
00000000a0d16ffc8563033f,decked_ps2,Vice City Stories - PS2 (USA) Texture Pack/SLUS-21590/Main Characters Outfits Updated - By Dankaishin/Vic Vance Outfits Updated/Repo Man Outfit 4/9a6dd11e61b22c38-68f920a53b663dcd-00005594.png,opaque_original_became_translucent | artwork_or_layout_differs_needs_manual_comparison
00000000a0d16ffc8563033f,decked_ps2,Vice City Stories - PS2 (USA) Texture Pack/SLUS-21590/replacements/796abde77137da30-cf1b58aeb4edb9c8-00001593.png,opaque_original_became_translucent | artwork_or_layout_differs_needs_manual_comparison
00000000a0d16ffc8563033f,decked_ps2,Vice City Stories - PS2 (USA) Texture Pack/SLUS-21590/replacements/9a6dd11e61b22c38-68f920a53b663dcd-00005594.png,opaque_original_became_translucent | artwork_or_layout_differs_needs_manual_comparison
00000000a2cd76b3b1e02c74,decked_ps2,Vice City Stories - PS2 (USA) Texture Pack/SLUS-21590/Main Characters Outfits Updated - By Dankaishin/Vic Vance Outfits Updated/Blue Leisure Outfit/1bb514e921c601b-56db206e2685c41c-00001593.png,opaque_original_became_translucent | artwork_or_layout_differs_needs_manual_comparison
00000000a2cd76b3b1e02c74,decked_ps2,Vice City Stories - PS2 (USA) Texture Pack/SLUS-21590/Main Characters Outfits Updated - By Dankaishin/Vic Vance Outfits Updated/Blue Leisure Outfit/39cee3a380af640a-4f98e20ed98491f-00005594.png,opaque_original_became_translucent | artwork_or_layout_differs_needs_manual_comparison
00000000a2cd76b3b1e02c74,decked_ps2,Vice City Stories - PS2 (USA) Texture Pack/SLUS-21590/Main Characters Outfits Updated - By Dankaishin/Vic Vance Outfits Updated/Repo Man Outfit 2/796abde77137da30-cf1b58aeb4edb9c8-00001593.png,opaque_original_became_translucent | artwork_or_layout_differs_needs_manual_comparison
00000000a2cd76b3b1e02c74,decked_ps2,Vice City Stories - PS2 (USA) Texture Pack/SLUS-21590/Main Characters Outfits Updated - By Dankaishin/Vic Vance Outfits Updated/Repo Man Outfit 2/9a6dd11e61b22c38-68f920a53b663dcd-00005594.png,opaque_original_became_translucent | artwork_or_layout_differs_needs_manual_comparison
00000000a2cd76b3b1e02c74,decked_ps2,Vice City Stories - PS2 (USA) Texture Pack/SLUS-21590/Main Characters Outfits Updated - By Dankaishin/Vic Vance Outfits Updated/Repo Man Outfit 3/796abde77137da30-cf1b58aeb4edb9c8-00001593.png,opaque_original_became_translucent | artwork_or_layout_differs_needs_manual_comparison
00000000a2cd76b3b1e02c74,decked_ps2,Vice City Stories - PS2 (USA) Texture Pack/SLUS-21590/Main Characters Outfits Updated - By Dankaishin/Vic Vance Outfits Updated/Repo Man Outfit 3/9a6dd11e61b22c38-68f920a53b663dcd-00005594.png,opaque_original_became_translucent | artwork_or_layout_differs_needs_manual_comparison
00000000a2cd76b3b1e02c74,decked_ps2,Vice City Stories - PS2 (USA) Texture Pack/SLUS-21590/Main Characters Outfits Updated - By Dankaishin/Vic Vance Outfits Updated/Repo Man Outfit 4/796abde77137da30-cf1b58aeb4edb9c8-00001593.png,opaque_original_became_translucent | artwork_or_layout_differs_needs_manual_comparison
00000000a2cd76b3b1e02c74,decked_ps2,Vice City Stories - PS2 (USA) Texture Pack/SLUS-21590/Main Characters Outfits Updated - By Dankaishin/Vic Vance Outfits Updated/Repo Man Outfit 4/9a6dd11e61b22c38-68f920a53b663dcd-00005594.png,opaque_original_became_translucent | artwork_or_layout_differs_needs_manual_comparison
00000000a2cd76b3b1e02c74,decked_ps2,Vice City Stories - PS2 (USA) Texture Pack/SLUS-21590/replacements/796abde77137da30-cf1b58aeb4edb9c8-00001593.png,opaque_original_became_translucent | artwork_or_layout_differs_needs_manual_comparison
00000000a2cd76b3b1e02c74,decked_ps2,Vice City Stories - PS2 (USA) Texture Pack/SLUS-21590/replacements/9a6dd11e61b22c38-68f920a53b663dcd-00005594.png,opaque_original_became_translucent | artwork_or_layout_differs_needs_manual_comparison
00000000ca1b0fb55896aedb,decked_ps2,Vice City Stories - PS2 (USA) Texture Pack/SLUS-21590/Main Characters Outfits Updated - By Dankaishin/Vic Vance Outfits Updated/Blue Leisure Outfit/2aae34a96bc0be56-e8de0b3f84070115-00001dd3.png,opaque_original_became_translucent | artwork_or_layout_differs_needs_manual_comparison
00000000ca1b0fb55896aedb,decked_ps2,Vice City Stories - PS2 (USA) Texture Pack/SLUS-21590/Main Characters Outfits Updated - By Dankaishin/Vic Vance Outfits Updated/Blue Leisure Outfit/412dc38ced1c9d4d-b53f7bf7ffa821f8-00005dd4.png,opaque_original_became_translucent | artwork_or_layout_differs_needs_manual_comparison
000000004c34799d16b4c3c4,decked_ps2,Vice City Stories - PS2 (USA) Texture Pack/SLUS-21590/Main Characters Outfits Updated - By Dankaishin/Vic Vance Outfits Updated/Remastered Face/d098dda0dd7ff1fb-315a4e72f4ae359e-00001dd3.png,opaque_original_became_translucent
000000000f2dca0071ba7755,decked_ps2,Vice City Stories - PS2 (USA) Texture Pack/SLUS-21590/Main Characters Outfits Updated - By Dankaishin/Vic Vance Outfits Updated/Vic Vance SmartSuit Remastered/796f31de33ba185b-415719f9b030ab56-00001994.png,opaque_original_became_translucent
000000000f2dca0071ba7755,decked_ps2,Vice City Stories - PS2 (USA) Texture Pack/SLUS-21590/Main Characters Outfits Updated - By Dankaishin/Vic Vance Outfits Updated/Vic Vance SmartSuit Remastered/b0c6f407a4a75a63-8f773f72328f3c30-00001993.png,opaque_original_became_translucent
000000000f2dca0071ba7755,decked_ps2,Vice City Stories - PS2 (USA) Texture Pack/SLUS-21590/replacements/796f31de33ba185b-415719f9b030ab56-00001994.png,opaque_original_became_translucent
000000000f2dca0071ba7755,decked_ps2,Vice City Stories - PS2 (USA) Texture Pack/SLUS-21590/replacements/b0c6f407a4a75a63-8f773f72328f3c30-00001993.png,opaque_original_became_translucent
00000000352daa4473af1a97,decked_ps2,Vice City Stories - PS2 (USA) Texture Pack/SLUS-21590/Main Characters Outfits Updated - By Dankaishin/Vic Vance Outfits Updated/Vic Vance SmartSuit Remastered/c6e42aad5589f7de-f809d3327bc50760-00001d94.png,opaque_original_became_translucent
00000000352daa4473af1a97,decked_ps2,Vice City Stories - PS2 (USA) Texture Pack/SLUS-21590/replacements/c6e42aad5589f7de-f809d3327bc50760-00001d94.png,opaque_original_became_translucent
0000000035d0805fa4381da7,decked_ps2,Vice City Stories - PS2 (USA) Texture Pack/SLUS-21590/Main Characters Outfits Updated - By Dankaishin/Vic Vance Outfits Updated/Vic Vance SmartSuit Remastered/85a41a49fcf390ab-7a59cde7e68d1a13-00001993.png,opaque_original_became_translucent
0000000035d0805fa4381da7,decked_ps2,Vice City Stories - PS2 (USA) Texture Pack/SLUS-21590/Main Characters Outfits Updated - By Dankaishin/Vic Vance Outfits Updated/Vic Vance SmartSuit Remastered/e2a8c8be156b33bf-4b248333d6d2462c-00001994.png,opaque_original_became_translucent
0000000035d0805fa4381da7,decked_ps2,Vice City Stories - PS2 (USA) Texture Pack/SLUS-21590/replacements/85a41a49fcf390ab-7a59cde7e68d1a13-00001993.png,opaque_original_became_translucent
0000000035d0805fa4381da7,decked_ps2,Vice City Stories - PS2 (USA) Texture Pack/SLUS-21590/replacements/e2a8c8be156b33bf-4b248333d6d2462c-00001994.png,opaque_original_became_translucent
0000000090f872aeeffa2c42,decked_ps2,Vice City Stories - PS2 (USA) Texture Pack/SLUS-21590/Main Characters Outfits Updated - By Dankaishin/Vic Vance Outfits Updated/Vic Vance SmartSuit Remastered/c6e42aad5589f7de-f809d3327bc50760-00001d94.png,opaque_original_became_translucent
0000000090f872aeeffa2c42,decked_ps2,Vice City Stories - PS2 (USA) Texture Pack/SLUS-21590/replacements/c6e42aad5589f7de-f809d3327bc50760-00001d94.png,opaque_original_became_translucent
00000000d0fd9e5138e6db7e,decked_ps2,Vice City Stories - PS2 (USA) Texture Pack/SLUS-21590/Main Characters Outfits Updated - By Dankaishin/Vic Vance Outfits Updated/Vic Vance SmartSuit Remastered/7da60ce7445205fc-ad33bd4393360039-00001dd3.png,opaque_original_became_translucent
00000000d0fd9e5138e6db7e,decked_ps2,Vice City Stories - PS2 (USA) Texture Pack/SLUS-21590/Main Characters Outfits Updated - By Dankaishin/Vic Vance Outfits Updated/Vic Vance SmartSuit Remastered/8f526f75117f1951-e7c949f912487982-00001dd4.png,opaque_original_became_translucent
00000000d0fd9e5138e6db7e,decked_ps2,Vice City Stories - PS2 (USA) Texture Pack/SLUS-21590/replacements/7da60ce7445205fc-ad33bd4393360039-00001dd3.png,opaque_original_became_translucent
00000000d0fd9e5138e6db7e,decked_ps2,Vice City Stories - PS2 (USA) Texture Pack/SLUS-21590/replacements/8f526f75117f1951-e7c949f912487982-00001dd4.png,opaque_original_became_translucent
00000000e06a47b02271b0ef,decked_ps2,Vice City Stories - PS2 (USA) Texture Pack/SLUS-21590/Main Characters Outfits Updated - By Dankaishin/Vic Vance Outfits Updated/Vic Vance SmartSuit Remastered/85a41a49fcf390ab-7a59cde7e68d1a13-00001993.png,opaque_original_became_translucent
00000000e06a47b02271b0ef,decked_ps2,Vice City Stories - PS2 (USA) Texture Pack/SLUS-21590/Main Characters Outfits Updated - By Dankaishin/Vic Vance Outfits Updated/Vic Vance SmartSuit Remastered/e2a8c8be156b33bf-4b248333d6d2462c-00001994.png,opaque_original_became_translucent
00000000e06a47b02271b0ef,decked_ps2,Vice City Stories - PS2 (USA) Texture Pack/SLUS-21590/replacements/85a41a49fcf390ab-7a59cde7e68d1a13-00001993.png,opaque_original_became_translucent
00000000e06a47b02271b0ef,decked_ps2,Vice City Stories - PS2 (USA) Texture Pack/SLUS-21590/replacements/e2a8c8be156b33bf-4b248333d6d2462c-00001994.png,opaque_original_became_translucent
00000000fb0dd28449c605ea,decked_ps2,Vice City Stories - PS2 (USA) Texture Pack/SLUS-21590/Main Characters Outfits Updated - By Dankaishin/Vic Vance Outfits Updated/Vic Vance SmartSuit Remastered/7da60ce7445205fc-ad33bd4393360039-00001dd3.png,opaque_original_became_translucent
00000000fb0dd28449c605ea,decked_ps2,Vice City Stories - PS2 (USA) Texture Pack/SLUS-21590/Main Characters Outfits Updated - By Dankaishin/Vic Vance Outfits Updated/Vic Vance SmartSuit Remastered/8f526f75117f1951-e7c949f912487982-00001dd4.png,opaque_original_became_translucent
00000000fb0dd28449c605ea,decked_ps2,Vice City Stories - PS2 (USA) Texture Pack/SLUS-21590/replacements/7da60ce7445205fc-ad33bd4393360039-00001dd3.png,opaque_original_became_translucent
00000000fb0dd28449c605ea,decked_ps2,Vice City Stories - PS2 (USA) Texture Pack/SLUS-21590/replacements/8f526f75117f1951-e7c949f912487982-00001dd4.png,opaque_original_became_translucent
000000000b832e5e1ca72ceb,decked_ps2,Vice City Stories - PS2 (USA) Texture Pack/SLUS-21590/Main Characters Outfits Updated - By Dankaishin/Vic Vance Outfits Updated/Repo Man Outfit 3/7c6c0c3c742bd308-d7010fd53b87a226-00005dd4.png,opaque_original_became_translucent
000000000b832e5e1ca72ceb,decked_ps2,Vice City Stories - PS2 (USA) Texture Pack/SLUS-21590/Main Characters Outfits Updated - By Dankaishin/Vic Vance Outfits Updated/Repo Man Outfit 3/c8c33d034e488e1a-36e93b1be600e869-00001dd3.png,opaque_original_became_translucent
000000000e8676dd4cf9754e,decked_ps2,Vice City Stories - PS2 (USA) Texture Pack/SLUS-21590/Main Characters Outfits Updated - By Dankaishin/Vic Vance Outfits Updated/Blue Leisure Outfit/1bb514e921c601b-56db206e2685c41c-00001593.png,opaque_original_became_translucent
000000000e8676dd4cf9754e,decked_ps2,Vice City Stories - PS2 (USA) Texture Pack/SLUS-21590/Main Characters Outfits Updated - By Dankaishin/Vic Vance Outfits Updated/Blue Leisure Outfit/39cee3a380af640a-4f98e20ed98491f-00005594.png,opaque_original_became_translucent
000000000e8676dd4cf9754e,decked_ps2,Vice City Stories - PS2 (USA) Texture Pack/SLUS-21590/Main Characters Outfits Updated - By Dankaishin/Vic Vance Outfits Updated/Repo Man Outfit 2/796abde77137da30-cf1b58aeb4edb9c8-00001593.png,opaque_original_became_translucent
000000000e8676dd4cf9754e,decked_ps2,Vice City Stories - PS2 (USA) Texture Pack/SLUS-21590/Main Characters Outfits Updated - By Dankaishin/Vic Vance Outfits Updated/Repo Man Outfit 2/9a6dd11e61b22c38-68f920a53b663dcd-00005594.png,opaque_original_became_translucent
000000000e8676dd4cf9754e,decked_ps2,Vice City Stories - PS2 (USA) Texture Pack/SLUS-21590/Main Characters Outfits Updated - By Dankaishin/Vic Vance Outfits Updated/Repo Man Outfit 3/796abde77137da30-cf1b58aeb4edb9c8-00001593.png,opaque_original_became_translucent
000000000e8676dd4cf9754e,decked_ps2,Vice City Stories - PS2 (USA) Texture Pack/SLUS-21590/Main Characters Outfits Updated - By Dankaishin/Vic Vance Outfits Updated/Repo Man Outfit 3/9a6dd11e61b22c38-68f920a53b663dcd-00005594.png,opaque_original_became_translucent
000000000e8676dd4cf9754e,decked_ps2,Vice City Stories - PS2 (USA) Texture Pack/SLUS-21590/Main Characters Outfits Updated - By Dankaishin/Vic Vance Outfits Updated/Repo Man Outfit 4/796abde77137da30-cf1b58aeb4edb9c8-00001593.png,opaque_original_became_translucent
000000000e8676dd4cf9754e,decked_ps2,Vice City Stories - PS2 (USA) Texture Pack/SLUS-21590/Main Characters Outfits Updated - By Dankaishin/Vic Vance Outfits Updated/Repo Man Outfit 4/9a6dd11e61b22c38-68f920a53b663dcd-00005594.png,opaque_original_became_translucent
000000000e8676dd4cf9754e,decked_ps2,Vice City Stories - PS2 (USA) Texture Pack/SLUS-21590/replacements/796abde77137da30-cf1b58aeb4edb9c8-00001593.png,opaque_original_became_translucent
000000000e8676dd4cf9754e,decked_ps2,Vice City Stories - PS2 (USA) Texture Pack/SLUS-21590/replacements/9a6dd11e61b22c38-68f920a53b663dcd-00005594.png,opaque_original_became_translucent
000000001d639ae5bc4768fd,decked_ps2,Vice City Stories - PS2 (USA) Texture Pack/SLUS-21590/Main Characters Outfits Updated - By Dankaishin/Vic Vance Outfits Updated/Repo Man Outfit 3/3d68d3d97c87acb0-608731cb0aeff256-00005954.png,opaque_original_became_translucent | artwork_or_layout_differs_needs_manual_comparison
00000000948a8cd29d209fcc,decked_ps2,Vice City Stories - PS2 (USA) Texture Pack/SLUS-21590/Main Characters Outfits Updated - By Dankaishin/Vic Vance Outfits Updated/Blue Leisure Outfit/1bb514e921c601b-56db206e2685c41c-00001593.png,opaque_original_became_translucent
00000000948a8cd29d209fcc,decked_ps2,Vice City Stories - PS2 (USA) Texture Pack/SLUS-21590/Main Characters Outfits Updated - By Dankaishin/Vic Vance Outfits Updated/Blue Leisure Outfit/39cee3a380af640a-4f98e20ed98491f-00005594.png,opaque_original_became_translucent
00000000948a8cd29d209fcc,decked_ps2,Vice City Stories - PS2 (USA) Texture Pack/SLUS-21590/Main Characters Outfits Updated - By Dankaishin/Vic Vance Outfits Updated/Repo Man Outfit 2/796abde77137da30-cf1b58aeb4edb9c8-00001593.png,opaque_original_became_translucent
00000000948a8cd29d209fcc,decked_ps2,Vice City Stories - PS2 (USA) Texture Pack/SLUS-21590/Main Characters Outfits Updated - By Dankaishin/Vic Vance Outfits Updated/Repo Man Outfit 2/9a6dd11e61b22c38-68f920a53b663dcd-00005594.png,opaque_original_became_translucent
00000000948a8cd29d209fcc,decked_ps2,Vice City Stories - PS2 (USA) Texture Pack/SLUS-21590/Main Characters Outfits Updated - By Dankaishin/Vic Vance Outfits Updated/Repo Man Outfit 3/796abde77137da30-cf1b58aeb4edb9c8-00001593.png,opaque_original_became_translucent
00000000948a8cd29d209fcc,decked_ps2,Vice City Stories - PS2 (USA) Texture Pack/SLUS-21590/Main Characters Outfits Updated - By Dankaishin/Vic Vance Outfits Updated/Repo Man Outfit 3/9a6dd11e61b22c38-68f920a53b663dcd-00005594.png,opaque_original_became_translucent
00000000948a8cd29d209fcc,decked_ps2,Vice City Stories - PS2 (USA) Texture Pack/SLUS-21590/Main Characters Outfits Updated - By Dankaishin/Vic Vance Outfits Updated/Repo Man Outfit 4/796abde77137da30-cf1b58aeb4edb9c8-00001593.png,opaque_original_became_translucent
00000000948a8cd29d209fcc,decked_ps2,Vice City Stories - PS2 (USA) Texture Pack/SLUS-21590/Main Characters Outfits Updated - By Dankaishin/Vic Vance Outfits Updated/Repo Man Outfit 4/9a6dd11e61b22c38-68f920a53b663dcd-00005594.png,opaque_original_became_translucent
00000000948a8cd29d209fcc,decked_ps2,Vice City Stories - PS2 (USA) Texture Pack/SLUS-21590/replacements/796abde77137da30-cf1b58aeb4edb9c8-00001593.png,opaque_original_became_translucent
00000000948a8cd29d209fcc,decked_ps2,Vice City Stories - PS2 (USA) Texture Pack/SLUS-21590/replacements/9a6dd11e61b22c38-68f920a53b663dcd-00005594.png,opaque_original_became_translucent
00000000a3c51e0c7bfdf6ca,decked_ps2,Vice City Stories - PS2 (USA) Texture Pack/SLUS-21590/Main Characters Outfits Updated - By Dankaishin/Vic Vance Outfits Updated/Repo Man Outfit 3/7c6c0c3c742bd308-d7010fd53b87a226-00005dd4.png,opaque_original_became_translucent
00000000a3c51e0c7bfdf6ca,decked_ps2,Vice City Stories - PS2 (USA) Texture Pack/SLUS-21590/Main Characters Outfits Updated - By Dankaishin/Vic Vance Outfits Updated/Repo Man Outfit 3/c8c33d034e488e1a-36e93b1be600e869-00001dd3.png,opaque_original_became_translucent
00000000b96c0c4f821e9f72,decked_ps2,Vice City Stories - PS2 (USA) Texture Pack/SLUS-21590/Main Characters Outfits Updated - By Dankaishin/Vic Vance Outfits Updated/Repo Man Outfit 2/3a24a19106b8b1ee-8d34597e90f9c954-00001dd3.png,opaque_original_became_translucent
00000000b96c0c4f821e9f72,decked_ps2,Vice City Stories - PS2 (USA) Texture Pack/SLUS-21590/Main Characters Outfits Updated - By Dankaishin/Vic Vance Outfits Updated/Repo Man Outfit 2/80851a93fcb4f1db-40142009638685c5-00005dd4.png,opaque_original_became_translucent
00000000b96c0c4f821e9f72,decked_ps2,Vice City Stories - PS2 (USA) Texture Pack/SLUS-21590/Main Characters Outfits Updated - By Dankaishin/Vic Vance Outfits Updated/Repo Man Outfit 3/3a24a19106b8b1ee-8d34597e90f9c954-00001dd3.png,opaque_original_became_translucent
00000000b96c0c4f821e9f72,decked_ps2,Vice City Stories - PS2 (USA) Texture Pack/SLUS-21590/Main Characters Outfits Updated - By Dankaishin/Vic Vance Outfits Updated/Repo Man Outfit 3/80851a93fcb4f1db-40142009638685c5-00005dd4.png,opaque_original_became_translucent
00000000b96c0c4f821e9f72,decked_ps2,Vice City Stories - PS2 (USA) Texture Pack/SLUS-21590/Main Characters Outfits Updated - By Dankaishin/Vic Vance Outfits Updated/Repo Man Outfit 4/3a24a19106b8b1ee-8d34597e90f9c954-00001dd3.png,opaque_original_became_translucent
00000000b96c0c4f821e9f72,decked_ps2,Vice City Stories - PS2 (USA) Texture Pack/SLUS-21590/Main Characters Outfits Updated - By Dankaishin/Vic Vance Outfits Updated/Repo Man Outfit 4/80851a93fcb4f1db-40142009638685c5-00005dd4.png,opaque_original_became_translucent
00000000b96c0c4f821e9f72,decked_ps2,Vice City Stories - PS2 (USA) Texture Pack/SLUS-21590/replacements/3a24a19106b8b1ee-8d34597e90f9c954-00001dd3.png,opaque_original_became_translucent
00000000b96c0c4f821e9f72,decked_ps2,Vice City Stories - PS2 (USA) Texture Pack/SLUS-21590/replacements/80851a93fcb4f1db-40142009638685c5-00005dd4.png,opaque_original_became_translucent
00000000bb21d4bf000b0ada,decked_ps2,Vice City Stories - PS2 (USA) Texture Pack/SLUS-21590/Main Characters Outfits Updated - By Dankaishin/Vic Vance Outfits Updated/Repo Man Outfit 3/3d68d3d97c87acb0-608731cb0aeff256-00005954.png,opaque_original_became_translucent | artwork_or_layout_differs_needs_manual_comparison
00000000c6b8ef3b562d5fcb,decked_ps2,Vice City Stories - PS2 (USA) Texture Pack/SLUS-21590/Main Characters Outfits Updated - By Dankaishin/Vic Vance Outfits Updated/Repo Man Outfit 2/3a24a19106b8b1ee-8d34597e90f9c954-00001dd3.png,opaque_original_became_translucent
00000000c6b8ef3b562d5fcb,decked_ps2,Vice City Stories - PS2 (USA) Texture Pack/SLUS-21590/Main Characters Outfits Updated - By Dankaishin/Vic Vance Outfits Updated/Repo Man Outfit 2/80851a93fcb4f1db-40142009638685c5-00005dd4.png,opaque_original_became_translucent
00000000c6b8ef3b562d5fcb,decked_ps2,Vice City Stories - PS2 (USA) Texture Pack/SLUS-21590/Main Characters Outfits Updated - By Dankaishin/Vic Vance Outfits Updated/Repo Man Outfit 3/3a24a19106b8b1ee-8d34597e90f9c954-00001dd3.png,opaque_original_became_translucent
00000000c6b8ef3b562d5fcb,decked_ps2,Vice City Stories - PS2 (USA) Texture Pack/SLUS-21590/Main Characters Outfits Updated - By Dankaishin/Vic Vance Outfits Updated/Repo Man Outfit 3/80851a93fcb4f1db-40142009638685c5-00005dd4.png,opaque_original_became_translucent
00000000c6b8ef3b562d5fcb,decked_ps2,Vice City Stories - PS2 (USA) Texture Pack/SLUS-21590/Main Characters Outfits Updated - By Dankaishin/Vic Vance Outfits Updated/Repo Man Outfit 4/3a24a19106b8b1ee-8d34597e90f9c954-00001dd3.png,opaque_original_became_translucent
00000000c6b8ef3b562d5fcb,decked_ps2,Vice City Stories - PS2 (USA) Texture Pack/SLUS-21590/Main Characters Outfits Updated - By Dankaishin/Vic Vance Outfits Updated/Repo Man Outfit 4/80851a93fcb4f1db-40142009638685c5-00005dd4.png,opaque_original_became_translucent
00000000c6b8ef3b562d5fcb,decked_ps2,Vice City Stories - PS2 (USA) Texture Pack/SLUS-21590/replacements/3a24a19106b8b1ee-8d34597e90f9c954-00001dd3.png,opaque_original_became_translucent
00000000c6b8ef3b562d5fcb,decked_ps2,Vice City Stories - PS2 (USA) Texture Pack/SLUS-21590/replacements/80851a93fcb4f1db-40142009638685c5-00005dd4.png,opaque_original_became_translucent
000000000b832e5e1ca72ceb,decked_ps2,Vice City Stories - PS2 (USA) Texture Pack/SLUS-21590/Main Characters Outfits Updated - By Dankaishin/Vic Vance Outfits Updated/Repo Man Outfit 4/7c6c0c3c742bd308-d7010fd53b87a226-00005dd4.png,opaque_original_became_translucent
000000000b832e5e1ca72ceb,decked_ps2,Vice City Stories - PS2 (USA) Texture Pack/SLUS-21590/Main Characters Outfits Updated - By Dankaishin/Vic Vance Outfits Updated/Repo Man Outfit 4/c8c33d034e488e1a-36e93b1be600e869-00001dd3.png,opaque_original_became_translucent
000000001d639ae5bc4768fd,decked_ps2,Vice City Stories - PS2 (USA) Texture Pack/SLUS-21590/Main Characters Outfits Updated - By Dankaishin/Vic Vance Outfits Updated/Repo Man Outfit 4/3d68d3d97c87acb0-608731cb0aeff256-00005954.png,opaque_original_became_translucent | artwork_or_layout_differs_needs_manual_comparison
00000000a3c51e0c7bfdf6ca,decked_ps2,Vice City Stories - PS2 (USA) Texture Pack/SLUS-21590/Main Characters Outfits Updated - By Dankaishin/Vic Vance Outfits Updated/Repo Man Outfit 4/7c6c0c3c742bd308-d7010fd53b87a226-00005dd4.png,opaque_original_became_translucent
00000000a3c51e0c7bfdf6ca,decked_ps2,Vice City Stories - PS2 (USA) Texture Pack/SLUS-21590/Main Characters Outfits Updated - By Dankaishin/Vic Vance Outfits Updated/Repo Man Outfit 4/c8c33d034e488e1a-36e93b1be600e869-00001dd3.png,opaque_original_became_translucent
00000000bb21d4bf000b0ada,decked_ps2,Vice City Stories - PS2 (USA) Texture Pack/SLUS-21590/Main Characters Outfits Updated - By Dankaishin/Vic Vance Outfits Updated/Repo Man Outfit 4/3d68d3d97c87acb0-608731cb0aeff256-00005954.png,opaque_original_became_translucent | artwork_or_layout_differs_needs_manual_comparison
000000000b832e5e1ca72ceb,decked_ps2,Vice City Stories - PS2 (USA) Texture Pack/SLUS-21590/Main Characters Outfits Updated - By Dankaishin/Vic Vance Outfits Updated/Repo Man Outfit 2/7c6c0c3c742bd308-d7010fd53b87a226-00005dd4.png,opaque_original_became_translucent
000000000b832e5e1ca72ceb,decked_ps2,Vice City Stories - PS2 (USA) Texture Pack/SLUS-21590/Main Characters Outfits Updated - By Dankaishin/Vic Vance Outfits Updated/Repo Man Outfit 2/c8c33d034e488e1a-36e93b1be600e869-00001dd3.png,opaque_original_became_translucent
000000000b832e5e1ca72ceb,decked_ps2,Vice City Stories - PS2 (USA) Texture Pack/SLUS-21590/replacements/7c6c0c3c742bd308-d7010fd53b87a226-00005dd4.png,opaque_original_became_translucent
000000000b832e5e1ca72ceb,decked_ps2,Vice City Stories - PS2 (USA) Texture Pack/SLUS-21590/replacements/c8c33d034e488e1a-36e93b1be600e869-00001dd3.png,opaque_original_became_translucent
000000001d639ae5bc4768fd,decked_ps2,Vice City Stories - PS2 (USA) Texture Pack/SLUS-21590/Main Characters Outfits Updated - By Dankaishin/Vic Vance Outfits Updated/Repo Man Outfit 2/3d68d3d97c87acb0-608731cb0aeff256-00005954.png,opaque_original_became_translucent | artwork_or_layout_differs_needs_manual_comparison
000000001d639ae5bc4768fd,decked_ps2,Vice City Stories - PS2 (USA) Texture Pack/SLUS-21590/replacements/3d68d3d97c87acb0-608731cb0aeff256-00005954.png,opaque_original_became_translucent | artwork_or_layout_differs_needs_manual_comparison
00000000a3c51e0c7bfdf6ca,decked_ps2,Vice City Stories - PS2 (USA) Texture Pack/SLUS-21590/Main Characters Outfits Updated - By Dankaishin/Vic Vance Outfits Updated/Repo Man Outfit 2/7c6c0c3c742bd308-d7010fd53b87a226-00005dd4.png,opaque_original_became_translucent
00000000a3c51e0c7bfdf6ca,decked_ps2,Vice City Stories - PS2 (USA) Texture Pack/SLUS-21590/Main Characters Outfits Updated - By Dankaishin/Vic Vance Outfits Updated/Repo Man Outfit 2/c8c33d034e488e1a-36e93b1be600e869-00001dd3.png,opaque_original_became_translucent
00000000a3c51e0c7bfdf6ca,decked_ps2,Vice City Stories - PS2 (USA) Texture Pack/SLUS-21590/replacements/7c6c0c3c742bd308-d7010fd53b87a226-00005dd4.png,opaque_original_became_translucent
00000000a3c51e0c7bfdf6ca,decked_ps2,Vice City Stories - PS2 (USA) Texture Pack/SLUS-21590/replacements/c8c33d034e488e1a-36e93b1be600e869-00001dd3.png,opaque_original_became_translucent
00000000bb21d4bf000b0ada,decked_ps2,Vice City Stories - PS2 (USA) Texture Pack/SLUS-21590/Main Characters Outfits Updated - By Dankaishin/Vic Vance Outfits Updated/Repo Man Outfit 2/3d68d3d97c87acb0-608731cb0aeff256-00005954.png,opaque_original_became_translucent | artwork_or_layout_differs_needs_manual_comparison
00000000bb21d4bf000b0ada,decked_ps2,Vice City Stories - PS2 (USA) Texture Pack/SLUS-21590/replacements/3d68d3d97c87acb0-608731cb0aeff256-00005954.png,opaque_original_became_translucent | artwork_or_layout_differs_needs_manual_comparison
000000004cab2477fba4b2da,decked_ps2,Vice City Stories - PS2 (USA) Texture Pack/SLUS-21590/Main Characters Outfits Updated - By Dankaishin/Vic Vance Outfits Updated/Vic Vance - Beta Casuals Outfit/98d9d940e896796c-d652595dd618fd31-00005dd4.png,less_than_2x_resolution | artwork_or_layout_differs_needs_manual_comparison
000000004cab2477fba4b2da,decked_ps2,Vice City Stories - PS2 (USA) Texture Pack/SLUS-21590/Main Characters Outfits Updated - By Dankaishin/Vic Vance Outfits Updated/Vic Vance - Beta Casuals Outfit/e139a37c06481c-c5e7a8b519507eb8-00005dd3.png,less_than_2x_resolution | artwork_or_layout_differs_needs_manual_comparison
00000000b1f7e0b95eae7e21,decked_ps2,Vice City Stories - PS2 (USA) Texture Pack/SLUS-21590/Main Characters Outfits Updated - By Dankaishin/Vic Vance Outfits Updated/Vic Vance - Beta Casuals Outfit/1df9fb1821a8d0d1-625e5df631278327-00005dd3.png,less_than_2x_resolution | artwork_or_layout_differs_needs_manual_comparison
00000000b1f7e0b95eae7e21,decked_ps2,Vice City Stories - PS2 (USA) Texture Pack/SLUS-21590/Main Characters Outfits Updated - By Dankaishin/Vic Vance Outfits Updated/Vic Vance - Beta Casuals Outfit/cad3418e6dc1e54a-2d41c1f6358ccd1a-00005dd4.png,less_than_2x_resolution | artwork_or_layout_differs_needs_manual_comparison
00000000cbaaae4f8d9ef039,decked_ps2,Vice City Stories - PS2 (USA) Texture Pack/SLUS-21590/Main Characters Outfits Updated - By Dankaishin/Vic Vance Outfits Updated/Vic Vance - Beta Casuals Outfit/98d9d940e896796c-d652595dd618fd31-00005dd4.png,less_than_2x_resolution | artwork_or_layout_differs_needs_manual_comparison
00000000cbaaae4f8d9ef039,decked_ps2,Vice City Stories - PS2 (USA) Texture Pack/SLUS-21590/Main Characters Outfits Updated - By Dankaishin/Vic Vance Outfits Updated/Vic Vance - Beta Casuals Outfit/e139a37c06481c-c5e7a8b519507eb8-00005dd3.png,less_than_2x_resolution | artwork_or_layout_differs_needs_manual_comparison
00000000cfca0d83ceac4455,decked_ps2,Vice City Stories - PS2 (USA) Texture Pack/SLUS-21590/Main Characters Outfits Updated - By Dankaishin/Vic Vance Outfits Updated/Vic Vance - Beta Casuals Outfit/1df9fb1821a8d0d1-625e5df631278327-00005dd3.png,less_than_2x_resolution | artwork_or_layout_differs_needs_manual_comparison
00000000cfca0d83ceac4455,decked_ps2,Vice City Stories - PS2 (USA) Texture Pack/SLUS-21590/Main Characters Outfits Updated - By Dankaishin/Vic Vance Outfits Updated/Vic Vance - Beta Casuals Outfit/cad3418e6dc1e54a-2d41c1f6358ccd1a-00005dd4.png,less_than_2x_resolution | artwork_or_layout_differs_needs_manual_comparison
000000000829d984db5bfed9,decked_ps2,Vice City Stories - PS2 (USA) Texture Pack/SLUS-21590/Main Characters Outfits Updated - By Dankaishin/Vic Vance Outfits Updated/Vic Vance - Casual Outfit Remastered - Dankaishin/6543acb746ddf8fd-deb2861305f2a51d-00005dd4.png,opaque_original_became_translucent
000000000829d984db5bfed9,decked_ps2,Vice City Stories - PS2 (USA) Texture Pack/SLUS-21590/Main Characters Outfits Updated - By Dankaishin/Vic Vance Outfits Updated/Vic Vance - Casual Outfit Remastered - Dankaishin/74dd9fc5ac365a67-8a55ae38f0089d95-00005dd3.png,opaque_original_became_translucent
000000004cab2477fba4b2da,decked_ps2,Vice City Stories - PS2 (USA) Texture Pack/SLUS-21590/Main Characters Outfits Updated - By Dankaishin/Vic Vance Outfits Updated/Vic Vance - Casual Outfit Remastered - Dankaishin/98d9d940e896796c-d652595dd618fd31-00005dd4.png,less_than_2x_resolution
000000004cab2477fba4b2da,decked_ps2,Vice City Stories - PS2 (USA) Texture Pack/SLUS-21590/Main Characters Outfits Updated - By Dankaishin/Vic Vance Outfits Updated/Vic Vance - Casual Outfit Remastered - Dankaishin/cad3418e6dc1e54a-2d41c1f6358ccd1a-00005dd4.png,less_than_2x_resolution
000000008d611f17b8ef1361,decked_ps2,Vice City Stories - PS2 (USA) Texture Pack/SLUS-21590/Main Characters Outfits Updated - By Dankaishin/Vic Vance Outfits Updated/Vic Vance - Casual Outfit Remastered - Dankaishin/6543acb746ddf8fd-deb2861305f2a51d-00005dd4.png,opaque_original_became_translucent
000000008d611f17b8ef1361,decked_ps2,Vice City Stories - PS2 (USA) Texture Pack/SLUS-21590/Main Characters Outfits Updated - By Dankaishin/Vic Vance Outfits Updated/Vic Vance - Casual Outfit Remastered - Dankaishin/74dd9fc5ac365a67-8a55ae38f0089d95-00005dd3.png,opaque_original_became_translucent
00000000b1f7e0b95eae7e21,decked_ps2,Vice City Stories - PS2 (USA) Texture Pack/SLUS-21590/Main Characters Outfits Updated - By Dankaishin/Vic Vance Outfits Updated/Vic Vance - Casual Outfit Remastered - Dankaishin/1df9fb1821a8d0d1-625e5df631278327-00005dd3.png,less_than_2x_resolution
00000000b1f7e0b95eae7e21,decked_ps2,Vice City Stories - PS2 (USA) Texture Pack/SLUS-21590/Main Characters Outfits Updated - By Dankaishin/Vic Vance Outfits Updated/Vic Vance - Casual Outfit Remastered - Dankaishin/e139a37c06481c-c5e7a8b519507eb8-00005dd3.png,less_than_2x_resolution
00000000cbaaae4f8d9ef039,decked_ps2,Vice City Stories - PS2 (USA) Texture Pack/SLUS-21590/Main Characters Outfits Updated - By Dankaishin/Vic Vance Outfits Updated/Vic Vance - Casual Outfit Remastered - Dankaishin/98d9d940e896796c-d652595dd618fd31-00005dd4.png,less_than_2x_resolution
00000000cbaaae4f8d9ef039,decked_ps2,Vice City Stories - PS2 (USA) Texture Pack/SLUS-21590/Main Characters Outfits Updated - By Dankaishin/Vic Vance Outfits Updated/Vic Vance - Casual Outfit Remastered - Dankaishin/cad3418e6dc1e54a-2d41c1f6358ccd1a-00005dd4.png,less_than_2x_resolution
00000000cfca0d83ceac4455,decked_ps2,Vice City Stories - PS2 (USA) Texture Pack/SLUS-21590/Main Characters Outfits Updated - By Dankaishin/Vic Vance Outfits Updated/Vic Vance - Casual Outfit Remastered - Dankaishin/1df9fb1821a8d0d1-625e5df631278327-00005dd3.png,less_than_2x_resolution
00000000cfca0d83ceac4455,decked_ps2,Vice City Stories - PS2 (USA) Texture Pack/SLUS-21590/Main Characters Outfits Updated - By Dankaishin/Vic Vance Outfits Updated/Vic Vance - Casual Outfit Remastered - Dankaishin/e139a37c06481c-c5e7a8b519507eb8-00005dd3.png,less_than_2x_resolution
000000001200f554ee0ab2f1,decked_ps2,Vice City Stories - PS2 (USA) Texture Pack/SLUS-21590/Main Characters Outfits Updated - By Dankaishin/Vic Vance Outfits Updated/Vic Vance - Purple Pastel Suit/3d9b80bea214fc9a-36279a00237b4ec6-00005dd4.png,opaque_original_became_translucent | artwork_or_layout_differs_needs_manual_comparison
000000001200f554ee0ab2f1,decked_ps2,Vice City Stories - PS2 (USA) Texture Pack/SLUS-21590/Main Characters Outfits Updated - By Dankaishin/Vic Vance Outfits Updated/Vic Vance - Purple Pastel Suit/9b72968b40f191a3-67c46606f05d90f9-00005dd3.png,opaque_original_became_translucent | artwork_or_layout_differs_needs_manual_comparison
0000000026d2c15656e8cd96,decked_ps2,Vice City Stories - PS2 (USA) Texture Pack/SLUS-21590/Main Characters Outfits Updated - By Dankaishin/Mendez Goons Cutscene Outfits Updated/Ped 1 A/1/5b269a70b1ae1525-168aec30bf97e6f7-00005994.png,opaque_original_became_translucent
0000000026d2c15656e8cd96,decked_ps2,Vice City Stories - PS2 (USA) Texture Pack/SLUS-21590/Main Characters Outfits Updated - By Dankaishin/Vic Vance Outfits Updated/Vic Vance - Purple Pastel Suit/5b269a70b1ae1525-168aec30bf97e6f7-00005994.png,opaque_original_became_translucent
0000000026d2c15656e8cd96,decked_ps2,Vice City Stories - PS2 (USA) Texture Pack/SLUS-21590/Main Characters Outfits Updated - By Dankaishin/Vic Vance Outfits Updated/Vic Vance - Purple Pastel Suit/ce83157cf9903333-a746842a64c93c47-00005993.png,opaque_original_became_translucent
0000000026d2c15656e8cd96,decked_ps2,Vice City Stories - PS2 (USA) Texture Pack/SLUS-21590/Main Characters Outfits Updated - By Dankaishin/Vic Vance Outfits Updated/Vic Vance Brown PastelSuit/5b269a70b1ae1525-168aec30bf97e6f7-00005994.png,opaque_original_became_translucent
0000000026d2c15656e8cd96,decked_ps2,Vice City Stories - PS2 (USA) Texture Pack/SLUS-21590/Main Characters Outfits Updated - By Dankaishin/Vic Vance Outfits Updated/Vic Vance Brown PastelSuit/ce83157cf9903333-a746842a64c93c47-00005993.png,opaque_original_became_translucent
0000000079f113ba86169c90,decked_ps2,Vice City Stories - PS2 (USA) Texture Pack/SLUS-21590/Main Characters Outfits Updated - By Dankaishin/Vic Vance Outfits Updated/Vic Vance - Purple Pastel Suit/313b975379adf498-2a725a7f069bf55b-00005d94.png,opaque_original_became_translucent | artwork_or_layout_differs_needs_manual_comparison
0000000079f113ba86169c90,decked_ps2,Vice City Stories - PS2 (USA) Texture Pack/SLUS-21590/Main Characters Outfits Updated - By Dankaishin/Vic Vance Outfits Updated/Vic Vance Brown PastelSuit/313b975379adf498-2a725a7f069bf55b-00005d94.png,opaque_original_became_translucent | artwork_or_layout_differs_needs_manual_comparison
0000000088c83ae0c9cd65d8,decked_ps2,Vice City Stories - PS2 (USA) Texture Pack/SLUS-21590/Main Characters Outfits Updated - By Dankaishin/Vic Vance Outfits Updated/Vic Vance - Purple Pastel Suit/520830b6b0153551-eba545d24919a730-00005dd4.png,opaque_original_became_translucent | artwork_or_layout_differs_needs_manual_comparison
0000000088c83ae0c9cd65d8,decked_ps2,Vice City Stories - PS2 (USA) Texture Pack/SLUS-21590/Main Characters Outfits Updated - By Dankaishin/Vic Vance Outfits Updated/Vic Vance - Purple Pastel Suit/f89b76f491285e1b-d738a7953d24dc53-00005dd3.png,opaque_original_became_translucent | artwork_or_layout_differs_needs_manual_comparison
0000000088c83ae0c9cd65d8,decked_ps2,Vice City Stories - PS2 (USA) Texture Pack/SLUS-21590/Main Characters Outfits Updated - By Dankaishin/Vic Vance Outfits Updated/Vic Vance Brown PastelSuit/520830b6b0153551-eba545d24919a730-00005dd4.png,opaque_original_became_translucent | artwork_or_layout_differs_needs_manual_comparison
0000000088c83ae0c9cd65d8,decked_ps2,Vice City Stories - PS2 (USA) Texture Pack/SLUS-21590/Main Characters Outfits Updated - By Dankaishin/Vic Vance Outfits Updated/Vic Vance Brown PastelSuit/f89b76f491285e1b-d738a7953d24dc53-00005dd3.png,opaque_original_became_translucent | artwork_or_layout_differs_needs_manual_comparison
0000000096ee7464da8374bf,decked_ps2,Vice City Stories - PS2 (USA) Texture Pack/SLUS-21590/Main Characters Outfits Updated - By Dankaishin/Vic Vance Outfits Updated/Vic Vance - Purple Pastel Suit/313b975379adf498-2a725a7f069bf55b-00005d94.png,opaque_original_became_translucent | artwork_or_layout_differs_needs_manual_comparison
0000000096ee7464da8374bf,decked_ps2,Vice City Stories - PS2 (USA) Texture Pack/SLUS-21590/Main Characters Outfits Updated - By Dankaishin/Vic Vance Outfits Updated/Vic Vance Brown PastelSuit/313b975379adf498-2a725a7f069bf55b-00005d94.png,opaque_original_became_translucent | artwork_or_layout_differs_needs_manual_comparison
00000000a460de1a2527907e,decked_ps2,Vice City Stories - PS2 (USA) Texture Pack/SLUS-21590/Main Characters Outfits Updated - By Dankaishin/Mendez Goons Cutscene Outfits Updated/Ped 1 A/1/5b269a70b1ae1525-168aec30bf97e6f7-00005994.png,opaque_original_became_translucent
00000000a460de1a2527907e,decked_ps2,Vice City Stories - PS2 (USA) Texture Pack/SLUS-21590/Main Characters Outfits Updated - By Dankaishin/Vic Vance Outfits Updated/Vic Vance - Purple Pastel Suit/5b269a70b1ae1525-168aec30bf97e6f7-00005994.png,opaque_original_became_translucent
00000000a460de1a2527907e,decked_ps2,Vice City Stories - PS2 (USA) Texture Pack/SLUS-21590/Main Characters Outfits Updated - By Dankaishin/Vic Vance Outfits Updated/Vic Vance - Purple Pastel Suit/ce83157cf9903333-a746842a64c93c47-00005993.png,opaque_original_became_translucent
00000000a460de1a2527907e,decked_ps2,Vice City Stories - PS2 (USA) Texture Pack/SLUS-21590/Main Characters Outfits Updated - By Dankaishin/Vic Vance Outfits Updated/Vic Vance Brown PastelSuit/5b269a70b1ae1525-168aec30bf97e6f7-00005994.png,opaque_original_became_translucent
00000000a460de1a2527907e,decked_ps2,Vice City Stories - PS2 (USA) Texture Pack/SLUS-21590/Main Characters Outfits Updated - By Dankaishin/Vic Vance Outfits Updated/Vic Vance Brown PastelSuit/ce83157cf9903333-a746842a64c93c47-00005993.png,opaque_original_became_translucent
00000000a8e74c0ca9277214,decked_ps2,Vice City Stories - PS2 (USA) Texture Pack/SLUS-21590/Main Characters Outfits Updated - By Dankaishin/Vic Vance Outfits Updated/Vic Vance - Purple Pastel Suit/520830b6b0153551-eba545d24919a730-00005dd4.png,opaque_original_became_translucent | artwork_or_layout_differs_needs_manual_comparison
00000000a8e74c0ca9277214,decked_ps2,Vice City Stories - PS2 (USA) Texture Pack/SLUS-21590/Main Characters Outfits Updated - By Dankaishin/Vic Vance Outfits Updated/Vic Vance - Purple Pastel Suit/f89b76f491285e1b-d738a7953d24dc53-00005dd3.png,opaque_original_became_translucent | artwork_or_layout_differs_needs_manual_comparison
00000000a8e74c0ca9277214,decked_ps2,Vice City Stories - PS2 (USA) Texture Pack/SLUS-21590/Main Characters Outfits Updated - By Dankaishin/Vic Vance Outfits Updated/Vic Vance Brown PastelSuit/520830b6b0153551-eba545d24919a730-00005dd4.png,opaque_original_became_translucent | artwork_or_layout_differs_needs_manual_comparison
00000000a8e74c0ca9277214,decked_ps2,Vice City Stories - PS2 (USA) Texture Pack/SLUS-21590/Main Characters Outfits Updated - By Dankaishin/Vic Vance Outfits Updated/Vic Vance Brown PastelSuit/f89b76f491285e1b-d738a7953d24dc53-00005dd3.png,opaque_original_became_translucent | artwork_or_layout_differs_needs_manual_comparison
00000000c13f356cec931214,decked_ps2,Vice City Stories - PS2 (USA) Texture Pack/SLUS-21590/Main Characters Outfits Updated - By Dankaishin/Vic Vance Outfits Updated/Vic Vance - Purple Pastel Suit/bf9880def3782379-fc74663f4eb31c16-00005dd4.png,opaque_original_became_translucent | artwork_or_layout_differs_needs_manual_comparison
00000000c13f356cec931214,decked_ps2,Vice City Stories - PS2 (USA) Texture Pack/SLUS-21590/Main Characters Outfits Updated - By Dankaishin/Vic Vance Outfits Updated/Vic Vance - Purple Pastel Suit/cd14fd856c810b71-4073c1c9829ae6d4-00005dd3.png,opaque_original_became_translucent | artwork_or_layout_differs_needs_manual_comparison
00000000c84231f84634452e,decked_ps2,Vice City Stories - PS2 (USA) Texture Pack/SLUS-21590/Main Characters Outfits Updated - By Dankaishin/Vic Vance Outfits Updated/Vic Vance - Purple Pastel Suit/3d9b80bea214fc9a-36279a00237b4ec6-00005dd4.png,opaque_original_became_translucent | artwork_or_layout_differs_needs_manual_comparison
00000000c84231f84634452e,decked_ps2,Vice City Stories - PS2 (USA) Texture Pack/SLUS-21590/Main Characters Outfits Updated - By Dankaishin/Vic Vance Outfits Updated/Vic Vance - Purple Pastel Suit/9b72968b40f191a3-67c46606f05d90f9-00005dd3.png,opaque_original_became_translucent | artwork_or_layout_differs_needs_manual_comparison
00000000eb77db9e66b348a0,decked_ps2,Vice City Stories - PS2 (USA) Texture Pack/SLUS-21590/Main Characters Outfits Updated - By Dankaishin/Vic Vance Outfits Updated/Vic Vance - Purple Pastel Suit/bf9880def3782379-fc74663f4eb31c16-00005dd4.png,opaque_original_became_translucent | artwork_or_layout_differs_needs_manual_comparison
00000000eb77db9e66b348a0,decked_ps2,Vice City Stories - PS2 (USA) Texture Pack/SLUS-21590/Main Characters Outfits Updated - By Dankaishin/Vic Vance Outfits Updated/Vic Vance - Purple Pastel Suit/cd14fd856c810b71-4073c1c9829ae6d4-00005dd3.png,opaque_original_became_translucent | artwork_or_layout_differs_needs_manual_comparison
000000004cab2477fba4b2da,decked_ps2,Vice City Stories - PS2 (USA) Texture Pack/SLUS-21590/Main Characters Outfits Updated - By Dankaishin/Vic Vance Outfits Updated/Vic Vance - Rockstar Logo Casual Black Outfit/98d9d940e896796c-d652595dd618fd31-00005dd4.png,opaque_original_became_translucent | artwork_or_layout_differs_needs_manual_comparison
000000004cab2477fba4b2da,decked_ps2,Vice City Stories - PS2 (USA) Texture Pack/SLUS-21590/Main Characters Outfits Updated - By Dankaishin/Vic Vance Outfits Updated/Vic Vance - Rockstar Logo Casual Black Outfit/e139a37c06481c-c5e7a8b519507eb8-00005dd3.png,opaque_original_became_translucent | artwork_or_layout_differs_needs_manual_comparison
00000000b1f7e0b95eae7e21,decked_ps2,Vice City Stories - PS2 (USA) Texture Pack/SLUS-21590/Main Characters Outfits Updated - By Dankaishin/Vic Vance Outfits Updated/Vic Vance - Rockstar Logo Casual Black Outfit/1df9fb1821a8d0d1-625e5df631278327-00005dd3.png,opaque_original_became_translucent | artwork_or_layout_differs_needs_manual_comparison
00000000b1f7e0b95eae7e21,decked_ps2,Vice City Stories - PS2 (USA) Texture Pack/SLUS-21590/Main Characters Outfits Updated - By Dankaishin/Vic Vance Outfits Updated/Vic Vance - Rockstar Logo Casual Black Outfit/cad3418e6dc1e54a-2d41c1f6358ccd1a-00005dd4.png,opaque_original_became_translucent | artwork_or_layout_differs_needs_manual_comparison
00000000cbaaae4f8d9ef039,decked_ps2,Vice City Stories - PS2 (USA) Texture Pack/SLUS-21590/Main Characters Outfits Updated - By Dankaishin/Vic Vance Outfits Updated/Vic Vance - Rockstar Logo Casual Black Outfit/98d9d940e896796c-d652595dd618fd31-00005dd4.png,opaque_original_became_translucent | artwork_or_layout_differs_needs_manual_comparison
00000000cbaaae4f8d9ef039,decked_ps2,Vice City Stories - PS2 (USA) Texture Pack/SLUS-21590/Main Characters Outfits Updated - By Dankaishin/Vic Vance Outfits Updated/Vic Vance - Rockstar Logo Casual Black Outfit/e139a37c06481c-c5e7a8b519507eb8-00005dd3.png,opaque_original_became_translucent | artwork_or_layout_differs_needs_manual_comparison
00000000cfca0d83ceac4455,decked_ps2,Vice City Stories - PS2 (USA) Texture Pack/SLUS-21590/Main Characters Outfits Updated - By Dankaishin/Vic Vance Outfits Updated/Vic Vance - Rockstar Logo Casual Black Outfit/1df9fb1821a8d0d1-625e5df631278327-00005dd3.png,opaque_original_became_translucent | artwork_or_layout_differs_needs_manual_comparison
00000000cfca0d83ceac4455,decked_ps2,Vice City Stories - PS2 (USA) Texture Pack/SLUS-21590/Main Characters Outfits Updated - By Dankaishin/Vic Vance Outfits Updated/Vic Vance - Rockstar Logo Casual Black Outfit/cad3418e6dc1e54a-2d41c1f6358ccd1a-00005dd4.png,opaque_original_became_translucent | artwork_or_layout_differs_needs_manual_comparison
00000000202ec9e4214cf2fa,decked_ps2,Vice City Stories - PS2 (USA) Texture Pack/SLUS-21590/Main Characters Outfits Updated - By Dankaishin/Vic Vance Outfits Updated/Vic Vance - Soldier Outfit Remastered/384d8e06a977d143-b0cab680507943d4-00005dd4.png,opaque_original_became_translucent
00000000202ec9e4214cf2fa,decked_ps2,Vice City Stories - PS2 (USA) Texture Pack/SLUS-21590/Main Characters Outfits Updated - By Dankaishin/Vic Vance Outfits Updated/Vic Vance - Soldier Outfit Remastered/ad17e72b9bc6945-dc9ee14d7902271f-00001dd3.png,opaque_original_became_translucent
00000000202ec9e4214cf2fa,decked_ps2,Vice City Stories - PS2 (USA) Texture Pack/SLUS-21590/Main Characters Outfits Updated - By Dankaishin/Vic Vance Outfits Updated/Vic Vance - Soldier Outfit Remastered/ba00fc4987b2a1dd-c2b4d4ae0c42d551-00001dd3.png,opaque_original_became_translucent
00000000202ec9e4214cf2fa,decked_ps2,Vice City Stories - PS2 (USA) Texture Pack/SLUS-21590/replacements/384d8e06a977d143-b0cab680507943d4-00005dd4.png,opaque_original_became_translucent
00000000202ec9e4214cf2fa,decked_ps2,Vice City Stories - PS2 (USA) Texture Pack/SLUS-21590/replacements/ad17e72b9bc6945-dc9ee14d7902271f-00001dd3.png,opaque_original_became_translucent
00000000202ec9e4214cf2fa,decked_ps2,Vice City Stories - PS2 (USA) Texture Pack/SLUS-21590/replacements/ba00fc4987b2a1dd-c2b4d4ae0c42d551-00001dd3.png,opaque_original_became_translucent
00000000266e23d47311d21a,decked_ps2,Vice City Stories - PS2 (USA) Texture Pack/SLUS-21590/Main Characters Outfits Updated - By Dankaishin/Vic Vance Outfits Updated/Vic Vance - Soldier Outfit Remastered/72f4e576186a9a54-6d5ef5d35cb06d1b-00005994.png,opaque_original_became_translucent
00000000266e23d47311d21a,decked_ps2,Vice City Stories - PS2 (USA) Texture Pack/SLUS-21590/replacements/72f4e576186a9a54-6d5ef5d35cb06d1b-00005994.png,opaque_original_became_translucent
00000000320ede7614386f35,decked_ps2,Vice City Stories - PS2 (USA) Texture Pack/SLUS-21590/Main Characters Outfits Updated - By Dankaishin/Vic Vance Outfits Updated/Vic Vance - Soldier Outfit Remastered/384d8e06a977d143-b0cab680507943d4-00005dd4.png,opaque_original_became_translucent
00000000320ede7614386f35,decked_ps2,Vice City Stories - PS2 (USA) Texture Pack/SLUS-21590/Main Characters Outfits Updated - By Dankaishin/Vic Vance Outfits Updated/Vic Vance - Soldier Outfit Remastered/ad17e72b9bc6945-dc9ee14d7902271f-00001dd3.png,opaque_original_became_translucent
00000000320ede7614386f35,decked_ps2,Vice City Stories - PS2 (USA) Texture Pack/SLUS-21590/Main Characters Outfits Updated - By Dankaishin/Vic Vance Outfits Updated/Vic Vance - Soldier Outfit Remastered/ba00fc4987b2a1dd-c2b4d4ae0c42d551-00001dd3.png,opaque_original_became_translucent
00000000320ede7614386f35,decked_ps2,Vice City Stories - PS2 (USA) Texture Pack/SLUS-21590/replacements/384d8e06a977d143-b0cab680507943d4-00005dd4.png,opaque_original_became_translucent
00000000320ede7614386f35,decked_ps2,Vice City Stories - PS2 (USA) Texture Pack/SLUS-21590/replacements/ad17e72b9bc6945-dc9ee14d7902271f-00001dd3.png,opaque_original_became_translucent
00000000320ede7614386f35,decked_ps2,Vice City Stories - PS2 (USA) Texture Pack/SLUS-21590/replacements/ba00fc4987b2a1dd-c2b4d4ae0c42d551-00001dd3.png,opaque_original_became_translucent
000000005c59bbdcbb0764cd,decked_ps2,Vice City Stories - PS2 (USA) Texture Pack/SLUS-21590/Main Characters Outfits Updated - By Dankaishin/Vic Vance Outfits Updated/Vic Vance - Soldier Outfit Remastered/72f4e576186a9a54-6d5ef5d35cb06d1b-00005994.png,opaque_original_became_translucent
000000005c59bbdcbb0764cd,decked_ps2,Vice City Stories - PS2 (USA) Texture Pack/SLUS-21590/replacements/72f4e576186a9a54-6d5ef5d35cb06d1b-00005994.png,opaque_original_became_translucent
0000000062c99f4254495644,decked_ps2,Vice City Stories - PS2 (USA) Texture Pack/SLUS-21590/Main Characters Outfits Updated - By Dankaishin/Vic Vance Outfits Updated/Vic Vance - Soldier Outfit Remastered/4520f5a986bb353b-22bbab302c29eb6e-00002213.png,opaque_original_became_translucent
0000000062c99f4254495644,decked_ps2,Vice City Stories - PS2 (USA) Texture Pack/SLUS-21590/Main Characters Outfits Updated - By Dankaishin/Vic Vance Outfits Updated/Vic Vance - Soldier Outfit Remastered/b35baddbab81a9cb-7ecbb09af9a1891a-00005dd4.png,opaque_original_became_translucent
0000000062c99f4254495644,decked_ps2,Vice City Stories - PS2 (USA) Texture Pack/SLUS-21590/replacements/4520f5a986bb353b-22bbab302c29eb6e-00002213.png,opaque_original_became_translucent
0000000062c99f4254495644,decked_ps2,Vice City Stories - PS2 (USA) Texture Pack/SLUS-21590/replacements/b35baddbab81a9cb-7ecbb09af9a1891a-00005dd4.png,opaque_original_became_translucent
0000000068f2ceec42d914e5,decked_ps2,Vice City Stories - PS2 (USA) Texture Pack/SLUS-21590/Main Characters Outfits Updated - By Dankaishin/Vic Vance Outfits Updated/Vic Vance - Soldier Outfit Remastered/4520f5a986bb353b-22bbab302c29eb6e-00002213.png,opaque_original_became_translucent
0000000068f2ceec42d914e5,decked_ps2,Vice City Stories - PS2 (USA) Texture Pack/SLUS-21590/Main Characters Outfits Updated - By Dankaishin/Vic Vance Outfits Updated/Vic Vance - Soldier Outfit Remastered/b35baddbab81a9cb-7ecbb09af9a1891a-00005dd4.png,opaque_original_became_translucent
0000000068f2ceec42d914e5,decked_ps2,Vice City Stories - PS2 (USA) Texture Pack/SLUS-21590/replacements/4520f5a986bb353b-22bbab302c29eb6e-00002213.png,opaque_original_became_translucent
0000000068f2ceec42d914e5,decked_ps2,Vice City Stories - PS2 (USA) Texture Pack/SLUS-21590/replacements/b35baddbab81a9cb-7ecbb09af9a1891a-00005dd4.png,opaque_original_became_translucent
0000000073ebdc4c93d0d510,decked_ps2,Vice City Stories - PS2 (USA) Texture Pack/SLUS-21590/Main Characters Outfits Updated - By Dankaishin/Vic Vance Outfits Updated/Vic Vance - Soldier Outfit Remastered/9387881b9b0f1d8e-2a30cf15fa3ccb24-00005dd4.png,opaque_original_became_translucent
0000000073ebdc4c93d0d510,decked_ps2,Vice City Stories - PS2 (USA) Texture Pack/SLUS-21590/replacements/9387881b9b0f1d8e-2a30cf15fa3ccb24-00005dd4.png,opaque_original_became_translucent
00000000e578e97ffdbb1528,decked_ps2,Vice City Stories - PS2 (USA) Texture Pack/SLUS-21590/Main Characters Outfits Updated - By Dankaishin/Vic Vance Outfits Updated/Vic Vance - Soldier Outfit Remastered/9387881b9b0f1d8e-2a30cf15fa3ccb24-00005dd4.png,opaque_original_became_translucent
00000000e578e97ffdbb1528,decked_ps2,Vice City Stories - PS2 (USA) Texture Pack/SLUS-21590/replacements/9387881b9b0f1d8e-2a30cf15fa3ccb24-00005dd4.png,opaque_original_became_translucent
000000004cab2477fba4b2da,decked_ps2,Vice City Stories - PS2 (USA) Texture Pack/SLUS-21590/Main Characters Outfits Updated - By Dankaishin/Vic Vance Outfits Updated/Vic Vance - Violet Casual Outfit/98d9d940e896796c-d652595dd618fd31-00005dd4.png,less_than_2x_resolution | artwork_or_layout_differs_needs_manual_comparison
000000004cab2477fba4b2da,decked_ps2,Vice City Stories - PS2 (USA) Texture Pack/SLUS-21590/Main Characters Outfits Updated - By Dankaishin/Vic Vance Outfits Updated/Vic Vance - Violet Casual Outfit/e139a37c06481c-c5e7a8b519507eb8-00005dd3.png,less_than_2x_resolution | artwork_or_layout_differs_needs_manual_comparison
00000000b1f7e0b95eae7e21,decked_ps2,Vice City Stories - PS2 (USA) Texture Pack/SLUS-21590/Main Characters Outfits Updated - By Dankaishin/Vic Vance Outfits Updated/Vic Vance - Violet Casual Outfit/1df9fb1821a8d0d1-625e5df631278327-00005dd3.png,less_than_2x_resolution | artwork_or_layout_differs_needs_manual_comparison
00000000b1f7e0b95eae7e21,decked_ps2,Vice City Stories - PS2 (USA) Texture Pack/SLUS-21590/Main Characters Outfits Updated - By Dankaishin/Vic Vance Outfits Updated/Vic Vance - Violet Casual Outfit/cad3418e6dc1e54a-2d41c1f6358ccd1a-00005dd4.png,less_than_2x_resolution | artwork_or_layout_differs_needs_manual_comparison
00000000cbaaae4f8d9ef039,decked_ps2,Vice City Stories - PS2 (USA) Texture Pack/SLUS-21590/Main Characters Outfits Updated - By Dankaishin/Vic Vance Outfits Updated/Vic Vance - Violet Casual Outfit/98d9d940e896796c-d652595dd618fd31-00005dd4.png,less_than_2x_resolution | artwork_or_layout_differs_needs_manual_comparison
00000000cbaaae4f8d9ef039,decked_ps2,Vice City Stories - PS2 (USA) Texture Pack/SLUS-21590/Main Characters Outfits Updated - By Dankaishin/Vic Vance Outfits Updated/Vic Vance - Violet Casual Outfit/e139a37c06481c-c5e7a8b519507eb8-00005dd3.png,less_than_2x_resolution | artwork_or_layout_differs_needs_manual_comparison
00000000cfca0d83ceac4455,decked_ps2,Vice City Stories - PS2 (USA) Texture Pack/SLUS-21590/Main Characters Outfits Updated - By Dankaishin/Vic Vance Outfits Updated/Vic Vance - Violet Casual Outfit/1df9fb1821a8d0d1-625e5df631278327-00005dd3.png,less_than_2x_resolution | artwork_or_layout_differs_needs_manual_comparison
00000000cfca0d83ceac4455,decked_ps2,Vice City Stories - PS2 (USA) Texture Pack/SLUS-21590/Main Characters Outfits Updated - By Dankaishin/Vic Vance Outfits Updated/Vic Vance - Violet Casual Outfit/cad3418e6dc1e54a-2d41c1f6358ccd1a-00005dd4.png,less_than_2x_resolution | artwork_or_layout_differs_needs_manual_comparison
000000001200f554ee0ab2f1,decked_ps2,Vice City Stories - PS2 (USA) Texture Pack/SLUS-21590/Main Characters Outfits Updated - By Dankaishin/Vic Vance Outfits Updated/Vic Vance - White Blue PastelSuit/3d9b80bea214fc9a-36279a00237b4ec6-00005dd4.png,less_than_2x_resolution | artwork_or_layout_differs_needs_manual_comparison
000000001200f554ee0ab2f1,decked_ps2,Vice City Stories - PS2 (USA) Texture Pack/SLUS-21590/Main Characters Outfits Updated - By Dankaishin/Vic Vance Outfits Updated/Vic Vance - White Blue PastelSuit/9b72968b40f191a3-67c46606f05d90f9-00005dd3.png,less_than_2x_resolution | artwork_or_layout_differs_needs_manual_comparison
000000001200f554ee0ab2f1,decked_ps2,Vice City Stories - PS2 (USA) Texture Pack/SLUS-21590/Main Characters Outfits Updated - By Dankaishin/Vic Vance Outfits Updated/Vic Vance - White Pink PastelSuit/3d9b80bea214fc9a-36279a00237b4ec6-00005dd4.png,less_than_2x_resolution | artwork_or_layout_differs_needs_manual_comparison
000000001200f554ee0ab2f1,decked_ps2,Vice City Stories - PS2 (USA) Texture Pack/SLUS-21590/Main Characters Outfits Updated - By Dankaishin/Vic Vance Outfits Updated/Vic Vance - White Pink PastelSuit/9b72968b40f191a3-67c46606f05d90f9-00005dd3.png,less_than_2x_resolution | artwork_or_layout_differs_needs_manual_comparison
000000001200f554ee0ab2f1,decked_ps2,Vice City Stories - PS2 (USA) Texture Pack/SLUS-21590/Main Characters Outfits Updated - By Dankaishin/Vic Vance Outfits Updated/Vic Vance - White Violet PastelSuit/3d9b80bea214fc9a-36279a00237b4ec6-00005dd4.png,less_than_2x_resolution | artwork_or_layout_differs_needs_manual_comparison
000000001200f554ee0ab2f1,decked_ps2,Vice City Stories - PS2 (USA) Texture Pack/SLUS-21590/Main Characters Outfits Updated - By Dankaishin/Vic Vance Outfits Updated/Vic Vance - White Violet PastelSuit/9b72968b40f191a3-67c46606f05d90f9-00005dd3.png,less_than_2x_resolution | artwork_or_layout_differs_needs_manual_comparison
0000000026d2c15656e8cd96,decked_ps2,Vice City Stories - PS2 (USA) Texture Pack/SLUS-21590/Main Characters Outfits Updated - By Dankaishin/Diego Mendez Outfits/Diego Mendez Original Outfit Remastered/e1aa65eacc29fcf3-fc4bb806f1301c85-00001993.png,opaque_original_became_translucent
0000000026d2c15656e8cd96,decked_ps2,Vice City Stories - PS2 (USA) Texture Pack/SLUS-21590/Main Characters Outfits Updated - By Dankaishin/Diego Mendez Outfits/Diego Mendez Outfit 2/e1aa65eacc29fcf3-fc4bb806f1301c85-00001993.png,opaque_original_became_translucent
0000000026d2c15656e8cd96,decked_ps2,Vice City Stories - PS2 (USA) Texture Pack/SLUS-21590/Main Characters Outfits Updated - By Dankaishin/Diego Mendez Outfits/Diego Mendez Outfit 3/e1aa65eacc29fcf3-fc4bb806f1301c85-00001993.png,opaque_original_became_translucent
0000000026d2c15656e8cd96,decked_ps2,Vice City Stories - PS2 (USA) Texture Pack/SLUS-21590/Main Characters Outfits Updated - By Dankaishin/Vic Vance Outfits Updated/Vic Vance - White Pink PastelSuit/5b269a70b1ae1525-168aec30bf97e6f7-00005994.png,opaque_original_became_translucent
0000000026d2c15656e8cd96,decked_ps2,Vice City Stories - PS2 (USA) Texture Pack/SLUS-21590/Main Characters Outfits Updated - By Dankaishin/Vic Vance Outfits Updated/Vic Vance - White Pink PastelSuit/ce83157cf9903333-a746842a64c93c47-00005993.png,opaque_original_became_translucent
0000000026d2c15656e8cd96,decked_ps2,Vice City Stories - PS2 (USA) Texture Pack/SLUS-21590/Main Characters Outfits Updated - By Dankaishin/Vic Vance Outfits Updated/Vic Vance - White Violet PastelSuit/5b269a70b1ae1525-168aec30bf97e6f7-00005994.png,opaque_original_became_translucent
0000000026d2c15656e8cd96,decked_ps2,Vice City Stories - PS2 (USA) Texture Pack/SLUS-21590/Main Characters Outfits Updated - By Dankaishin/Vic Vance Outfits Updated/Vic Vance - White Violet PastelSuit/ce83157cf9903333-a746842a64c93c47-00005993.png,opaque_original_became_translucent
0000000026d2c15656e8cd96,decked_ps2,Vice City Stories - PS2 (USA) Texture Pack/SLUS-21590/replacements/e1aa65eacc29fcf3-fc4bb806f1301c85-00001993.png,opaque_original_became_translucent
0000000079f113ba86169c90,decked_ps2,Vice City Stories - PS2 (USA) Texture Pack/SLUS-21590/Main Characters Outfits Updated - By Dankaishin/Vic Vance Outfits Updated/Vic Vance - White Blue PastelSuit/313b975379adf498-2a725a7f069bf55b-00005d94.png,less_than_2x_resolution | artwork_or_layout_differs_needs_manual_comparison
0000000079f113ba86169c90,decked_ps2,Vice City Stories - PS2 (USA) Texture Pack/SLUS-21590/Main Characters Outfits Updated - By Dankaishin/Vic Vance Outfits Updated/Vic Vance - White Pink PastelSuit/313b975379adf498-2a725a7f069bf55b-00005d94.png,less_than_2x_resolution | artwork_or_layout_differs_needs_manual_comparison
0000000079f113ba86169c90,decked_ps2,Vice City Stories - PS2 (USA) Texture Pack/SLUS-21590/Main Characters Outfits Updated - By Dankaishin/Vic Vance Outfits Updated/Vic Vance - White Violet PastelSuit/313b975379adf498-2a725a7f069bf55b-00005d94.png,less_than_2x_resolution | artwork_or_layout_differs_needs_manual_comparison
0000000088c83ae0c9cd65d8,decked_ps2,Vice City Stories - PS2 (USA) Texture Pack/SLUS-21590/Main Characters Outfits Updated - By Dankaishin/Vic Vance Outfits Updated/Vic Vance - White Blue PastelSuit/520830b6b0153551-eba545d24919a730-00005dd4.png,less_than_2x_resolution | artwork_or_layout_differs_needs_manual_comparison
0000000088c83ae0c9cd65d8,decked_ps2,Vice City Stories - PS2 (USA) Texture Pack/SLUS-21590/Main Characters Outfits Updated - By Dankaishin/Vic Vance Outfits Updated/Vic Vance - White Blue PastelSuit/f89b76f491285e1b-d738a7953d24dc53-00005dd3.png,less_than_2x_resolution | artwork_or_layout_differs_needs_manual_comparison
0000000096ee7464da8374bf,decked_ps2,Vice City Stories - PS2 (USA) Texture Pack/SLUS-21590/Main Characters Outfits Updated - By Dankaishin/Vic Vance Outfits Updated/Vic Vance - White Blue PastelSuit/313b975379adf498-2a725a7f069bf55b-00005d94.png,less_than_2x_resolution | artwork_or_layout_differs_needs_manual_comparison
0000000096ee7464da8374bf,decked_ps2,Vice City Stories - PS2 (USA) Texture Pack/SLUS-21590/Main Characters Outfits Updated - By Dankaishin/Vic Vance Outfits Updated/Vic Vance - White Pink PastelSuit/313b975379adf498-2a725a7f069bf55b-00005d94.png,less_than_2x_resolution | artwork_or_layout_differs_needs_manual_comparison
0000000096ee7464da8374bf,decked_ps2,Vice City Stories - PS2 (USA) Texture Pack/SLUS-21590/Main Characters Outfits Updated - By Dankaishin/Vic Vance Outfits Updated/Vic Vance - White Violet PastelSuit/313b975379adf498-2a725a7f069bf55b-00005d94.png,less_than_2x_resolution | artwork_or_layout_differs_needs_manual_comparison
00000000a460de1a2527907e,decked_ps2,Vice City Stories - PS2 (USA) Texture Pack/SLUS-21590/Main Characters Outfits Updated - By Dankaishin/Diego Mendez Outfits/Diego Mendez Original Outfit Remastered/e1aa65eacc29fcf3-fc4bb806f1301c85-00001993.png,opaque_original_became_translucent
00000000a460de1a2527907e,decked_ps2,Vice City Stories - PS2 (USA) Texture Pack/SLUS-21590/Main Characters Outfits Updated - By Dankaishin/Diego Mendez Outfits/Diego Mendez Outfit 2/e1aa65eacc29fcf3-fc4bb806f1301c85-00001993.png,opaque_original_became_translucent
00000000a460de1a2527907e,decked_ps2,Vice City Stories - PS2 (USA) Texture Pack/SLUS-21590/Main Characters Outfits Updated - By Dankaishin/Diego Mendez Outfits/Diego Mendez Outfit 3/e1aa65eacc29fcf3-fc4bb806f1301c85-00001993.png,opaque_original_became_translucent
00000000a460de1a2527907e,decked_ps2,Vice City Stories - PS2 (USA) Texture Pack/SLUS-21590/Main Characters Outfits Updated - By Dankaishin/Vic Vance Outfits Updated/Vic Vance - White Pink PastelSuit/5b269a70b1ae1525-168aec30bf97e6f7-00005994.png,opaque_original_became_translucent
00000000a460de1a2527907e,decked_ps2,Vice City Stories - PS2 (USA) Texture Pack/SLUS-21590/Main Characters Outfits Updated - By Dankaishin/Vic Vance Outfits Updated/Vic Vance - White Pink PastelSuit/ce83157cf9903333-a746842a64c93c47-00005993.png,opaque_original_became_translucent
00000000a460de1a2527907e,decked_ps2,Vice City Stories - PS2 (USA) Texture Pack/SLUS-21590/Main Characters Outfits Updated - By Dankaishin/Vic Vance Outfits Updated/Vic Vance - White Violet PastelSuit/5b269a70b1ae1525-168aec30bf97e6f7-00005994.png,opaque_original_became_translucent
00000000a460de1a2527907e,decked_ps2,Vice City Stories - PS2 (USA) Texture Pack/SLUS-21590/Main Characters Outfits Updated - By Dankaishin/Vic Vance Outfits Updated/Vic Vance - White Violet PastelSuit/ce83157cf9903333-a746842a64c93c47-00005993.png,opaque_original_became_translucent
00000000a460de1a2527907e,decked_ps2,Vice City Stories - PS2 (USA) Texture Pack/SLUS-21590/replacements/e1aa65eacc29fcf3-fc4bb806f1301c85-00001993.png,opaque_original_became_translucent
00000000a8e74c0ca9277214,decked_ps2,Vice City Stories - PS2 (USA) Texture Pack/SLUS-21590/Main Characters Outfits Updated - By Dankaishin/Vic Vance Outfits Updated/Vic Vance - White Blue PastelSuit/520830b6b0153551-eba545d24919a730-00005dd4.png,less_than_2x_resolution | artwork_or_layout_differs_needs_manual_comparison
00000000a8e74c0ca9277214,decked_ps2,Vice City Stories - PS2 (USA) Texture Pack/SLUS-21590/Main Characters Outfits Updated - By Dankaishin/Vic Vance Outfits Updated/Vic Vance - White Blue PastelSuit/f89b76f491285e1b-d738a7953d24dc53-00005dd3.png,less_than_2x_resolution | artwork_or_layout_differs_needs_manual_comparison
00000000c13f356cec931214,decked_ps2,Vice City Stories - PS2 (USA) Texture Pack/SLUS-21590/Main Characters Outfits Updated - By Dankaishin/Vic Vance Outfits Updated/Vic Vance - White Blue PastelSuit/bf9880def3782379-fc74663f4eb31c16-00005dd4.png,less_than_2x_resolution | artwork_or_layout_differs_needs_manual_comparison
00000000c13f356cec931214,decked_ps2,Vice City Stories - PS2 (USA) Texture Pack/SLUS-21590/Main Characters Outfits Updated - By Dankaishin/Vic Vance Outfits Updated/Vic Vance - White Blue PastelSuit/cd14fd856c810b71-4073c1c9829ae6d4-00005dd3.png,less_than_2x_resolution | artwork_or_layout_differs_needs_manual_comparison
00000000c13f356cec931214,decked_ps2,Vice City Stories - PS2 (USA) Texture Pack/SLUS-21590/Main Characters Outfits Updated - By Dankaishin/Vic Vance Outfits Updated/Vic Vance - White Pink PastelSuit/bf9880def3782379-fc74663f4eb31c16-00005dd4.png,less_than_2x_resolution | artwork_or_layout_differs_needs_manual_comparison
00000000c13f356cec931214,decked_ps2,Vice City Stories - PS2 (USA) Texture Pack/SLUS-21590/Main Characters Outfits Updated - By Dankaishin/Vic Vance Outfits Updated/Vic Vance - White Pink PastelSuit/cd14fd856c810b71-4073c1c9829ae6d4-00005dd3.png,less_than_2x_resolution | artwork_or_layout_differs_needs_manual_comparison
00000000c13f356cec931214,decked_ps2,Vice City Stories - PS2 (USA) Texture Pack/SLUS-21590/Main Characters Outfits Updated - By Dankaishin/Vic Vance Outfits Updated/Vic Vance - White Violet PastelSuit/bf9880def3782379-fc74663f4eb31c16-00005dd4.png,less_than_2x_resolution | artwork_or_layout_differs_needs_manual_comparison
00000000c13f356cec931214,decked_ps2,Vice City Stories - PS2 (USA) Texture Pack/SLUS-21590/Main Characters Outfits Updated - By Dankaishin/Vic Vance Outfits Updated/Vic Vance - White Violet PastelSuit/cd14fd856c810b71-4073c1c9829ae6d4-00005dd3.png,less_than_2x_resolution | artwork_or_layout_differs_needs_manual_comparison
00000000c84231f84634452e,decked_ps2,Vice City Stories - PS2 (USA) Texture Pack/SLUS-21590/Main Characters Outfits Updated - By Dankaishin/Vic Vance Outfits Updated/Vic Vance - White Blue PastelSuit/3d9b80bea214fc9a-36279a00237b4ec6-00005dd4.png,less_than_2x_resolution | artwork_or_layout_differs_needs_manual_comparison
00000000c84231f84634452e,decked_ps2,Vice City Stories - PS2 (USA) Texture Pack/SLUS-21590/Main Characters Outfits Updated - By Dankaishin/Vic Vance Outfits Updated/Vic Vance - White Blue PastelSuit/9b72968b40f191a3-67c46606f05d90f9-00005dd3.png,less_than_2x_resolution | artwork_or_layout_differs_needs_manual_comparison
00000000c84231f84634452e,decked_ps2,Vice City Stories - PS2 (USA) Texture Pack/SLUS-21590/Main Characters Outfits Updated - By Dankaishin/Vic Vance Outfits Updated/Vic Vance - White Pink PastelSuit/3d9b80bea214fc9a-36279a00237b4ec6-00005dd4.png,less_than_2x_resolution | artwork_or_layout_differs_needs_manual_comparison
00000000c84231f84634452e,decked_ps2,Vice City Stories - PS2 (USA) Texture Pack/SLUS-21590/Main Characters Outfits Updated - By Dankaishin/Vic Vance Outfits Updated/Vic Vance - White Pink PastelSuit/9b72968b40f191a3-67c46606f05d90f9-00005dd3.png,less_than_2x_resolution | artwork_or_layout_differs_needs_manual_comparison
00000000c84231f84634452e,decked_ps2,Vice City Stories - PS2 (USA) Texture Pack/SLUS-21590/Main Characters Outfits Updated - By Dankaishin/Vic Vance Outfits Updated/Vic Vance - White Violet PastelSuit/3d9b80bea214fc9a-36279a00237b4ec6-00005dd4.png,less_than_2x_resolution | artwork_or_layout_differs_needs_manual_comparison
00000000c84231f84634452e,decked_ps2,Vice City Stories - PS2 (USA) Texture Pack/SLUS-21590/Main Characters Outfits Updated - By Dankaishin/Vic Vance Outfits Updated/Vic Vance - White Violet PastelSuit/9b72968b40f191a3-67c46606f05d90f9-00005dd3.png,less_than_2x_resolution | artwork_or_layout_differs_needs_manual_comparison
00000000eb77db9e66b348a0,decked_ps2,Vice City Stories - PS2 (USA) Texture Pack/SLUS-21590/Main Characters Outfits Updated - By Dankaishin/Vic Vance Outfits Updated/Vic Vance - White Blue PastelSuit/bf9880def3782379-fc74663f4eb31c16-00005dd4.png,less_than_2x_resolution | artwork_or_layout_differs_needs_manual_comparison
00000000eb77db9e66b348a0,decked_ps2,Vice City Stories - PS2 (USA) Texture Pack/SLUS-21590/Main Characters Outfits Updated - By Dankaishin/Vic Vance Outfits Updated/Vic Vance - White Blue PastelSuit/cd14fd856c810b71-4073c1c9829ae6d4-00005dd3.png,less_than_2x_resolution | artwork_or_layout_differs_needs_manual_comparison
00000000eb77db9e66b348a0,decked_ps2,Vice City Stories - PS2 (USA) Texture Pack/SLUS-21590/Main Characters Outfits Updated - By Dankaishin/Vic Vance Outfits Updated/Vic Vance - White Pink PastelSuit/bf9880def3782379-fc74663f4eb31c16-00005dd4.png,less_than_2x_resolution | artwork_or_layout_differs_needs_manual_comparison
00000000eb77db9e66b348a0,decked_ps2,Vice City Stories - PS2 (USA) Texture Pack/SLUS-21590/Main Characters Outfits Updated - By Dankaishin/Vic Vance Outfits Updated/Vic Vance - White Pink PastelSuit/cd14fd856c810b71-4073c1c9829ae6d4-00005dd3.png,less_than_2x_resolution | artwork_or_layout_differs_needs_manual_comparison
00000000eb77db9e66b348a0,decked_ps2,Vice City Stories - PS2 (USA) Texture Pack/SLUS-21590/Main Characters Outfits Updated - By Dankaishin/Vic Vance Outfits Updated/Vic Vance - White Violet PastelSuit/bf9880def3782379-fc74663f4eb31c16-00005dd4.png,less_than_2x_resolution | artwork_or_layout_differs_needs_manual_comparison
00000000eb77db9e66b348a0,decked_ps2,Vice City Stories - PS2 (USA) Texture Pack/SLUS-21590/Main Characters Outfits Updated - By Dankaishin/Vic Vance Outfits Updated/Vic Vance - White Violet PastelSuit/cd14fd856c810b71-4073c1c9829ae6d4-00005dd3.png,less_than_2x_resolution | artwork_or_layout_differs_needs_manual_comparison
0000000088c83ae0c9cd65d8,decked_ps2,Vice City Stories - PS2 (USA) Texture Pack/SLUS-21590/Main Characters Outfits Updated - By Dankaishin/Vic Vance Outfits Updated/Vic Vance - White Pink PastelSuit/520830b6b0153551-eba545d24919a730-00005dd4.png,opaque_original_became_translucent | artwork_or_layout_differs_needs_manual_comparison
0000000088c83ae0c9cd65d8,decked_ps2,Vice City Stories - PS2 (USA) Texture Pack/SLUS-21590/Main Characters Outfits Updated - By Dankaishin/Vic Vance Outfits Updated/Vic Vance - White Pink PastelSuit/f89b76f491285e1b-d738a7953d24dc53-00005dd3.png,opaque_original_became_translucent | artwork_or_layout_differs_needs_manual_comparison
00000000a8e74c0ca9277214,decked_ps2,Vice City Stories - PS2 (USA) Texture Pack/SLUS-21590/Main Characters Outfits Updated - By Dankaishin/Vic Vance Outfits Updated/Vic Vance - White Pink PastelSuit/520830b6b0153551-eba545d24919a730-00005dd4.png,opaque_original_became_translucent | artwork_or_layout_differs_needs_manual_comparison
00000000a8e74c0ca9277214,decked_ps2,Vice City Stories - PS2 (USA) Texture Pack/SLUS-21590/Main Characters Outfits Updated - By Dankaishin/Vic Vance Outfits Updated/Vic Vance - White Pink PastelSuit/f89b76f491285e1b-d738a7953d24dc53-00005dd3.png,opaque_original_became_translucent | artwork_or_layout_differs_needs_manual_comparison
0000000088c83ae0c9cd65d8,decked_ps2,Vice City Stories - PS2 (USA) Texture Pack/SLUS-21590/Main Characters Outfits Updated - By Dankaishin/Vic Vance Outfits Updated/Vic Vance - White Violet PastelSuit/520830b6b0153551-eba545d24919a730-00005dd4.png,opaque_original_became_translucent | artwork_or_layout_differs_needs_manual_comparison
0000000088c83ae0c9cd65d8,decked_ps2,Vice City Stories - PS2 (USA) Texture Pack/SLUS-21590/Main Characters Outfits Updated - By Dankaishin/Vic Vance Outfits Updated/Vic Vance - White Violet PastelSuit/f89b76f491285e1b-d738a7953d24dc53-00005dd3.png,opaque_original_became_translucent | artwork_or_layout_differs_needs_manual_comparison
00000000a8e74c0ca9277214,decked_ps2,Vice City Stories - PS2 (USA) Texture Pack/SLUS-21590/Main Characters Outfits Updated - By Dankaishin/Vic Vance Outfits Updated/Vic Vance - White Violet PastelSuit/520830b6b0153551-eba545d24919a730-00005dd4.png,opaque_original_became_translucent | artwork_or_layout_differs_needs_manual_comparison
00000000a8e74c0ca9277214,decked_ps2,Vice City Stories - PS2 (USA) Texture Pack/SLUS-21590/Main Characters Outfits Updated - By Dankaishin/Vic Vance Outfits Updated/Vic Vance - White Violet PastelSuit/f89b76f491285e1b-d738a7953d24dc53-00005dd3.png,opaque_original_became_translucent | artwork_or_layout_differs_needs_manual_comparison
000000001200f554ee0ab2f1,decked_ps2,Vice City Stories - PS2 (USA) Texture Pack/SLUS-21590/Main Characters Outfits Updated - By Dankaishin/Vic Vance Outfits Updated/Vic Vance Brown PastelSuit/3d9b80bea214fc9a-36279a00237b4ec6-00005dd4.png,artwork_or_layout_differs_needs_manual_comparison
000000001200f554ee0ab2f1,decked_ps2,Vice City Stories - PS2 (USA) Texture Pack/SLUS-21590/Main Characters Outfits Updated - By Dankaishin/Vic Vance Outfits Updated/Vic Vance Brown PastelSuit/9b72968b40f191a3-67c46606f05d90f9-00005dd3.png,artwork_or_layout_differs_needs_manual_comparison
00000000c13f356cec931214,decked_ps2,Vice City Stories - PS2 (USA) Texture Pack/SLUS-21590/Main Characters Outfits Updated - By Dankaishin/Vic Vance Outfits Updated/Vic Vance Brown PastelSuit/bf9880def3782379-fc74663f4eb31c16-00005dd4.png,artwork_or_layout_differs_needs_manual_comparison
00000000c13f356cec931214,decked_ps2,Vice City Stories - PS2 (USA) Texture Pack/SLUS-21590/Main Characters Outfits Updated - By Dankaishin/Vic Vance Outfits Updated/Vic Vance Brown PastelSuit/cd14fd856c810b71-4073c1c9829ae6d4-00005dd3.png,artwork_or_layout_differs_needs_manual_comparison
00000000c84231f84634452e,decked_ps2,Vice City Stories - PS2 (USA) Texture Pack/SLUS-21590/Main Characters Outfits Updated - By Dankaishin/Vic Vance Outfits Updated/Vic Vance Brown PastelSuit/3d9b80bea214fc9a-36279a00237b4ec6-00005dd4.png,artwork_or_layout_differs_needs_manual_comparison
00000000c84231f84634452e,decked_ps2,Vice City Stories - PS2 (USA) Texture Pack/SLUS-21590/Main Characters Outfits Updated - By Dankaishin/Vic Vance Outfits Updated/Vic Vance Brown PastelSuit/9b72968b40f191a3-67c46606f05d90f9-00005dd3.png,artwork_or_layout_differs_needs_manual_comparison
00000000eb77db9e66b348a0,decked_ps2,Vice City Stories - PS2 (USA) Texture Pack/SLUS-21590/Main Characters Outfits Updated - By Dankaishin/Vic Vance Outfits Updated/Vic Vance Brown PastelSuit/bf9880def3782379-fc74663f4eb31c16-00005dd4.png,artwork_or_layout_differs_needs_manual_comparison
00000000eb77db9e66b348a0,decked_ps2,Vice City Stories - PS2 (USA) Texture Pack/SLUS-21590/Main Characters Outfits Updated - By Dankaishin/Vic Vance Outfits Updated/Vic Vance Brown PastelSuit/cd14fd856c810b71-4073c1c9829ae6d4-00005dd3.png,artwork_or_layout_differs_needs_manual_comparison
000000000829d984db5bfed9,decked_ps2,Vice City Stories - PS2 (USA) Texture Pack/SLUS-21590/Main Characters Outfits Updated - By Dankaishin/Vic Vance Outfits Updated/Vic White Shirt - Casual Outfit 3/6543acb746ddf8fd-deb2861305f2a51d-00005dd4.png,opaque_original_became_translucent
000000000829d984db5bfed9,decked_ps2,Vice City Stories - PS2 (USA) Texture Pack/SLUS-21590/Main Characters Outfits Updated - By Dankaishin/Vic Vance Outfits Updated/Vic White Shirt - Casual Outfit 3/74dd9fc5ac365a67-8a55ae38f0089d95-00005dd3.png,opaque_original_became_translucent
000000004cab2477fba4b2da,decked_ps2,Vice City Stories - PS2 (USA) Texture Pack/SLUS-21590/Main Characters Outfits Updated - By Dankaishin/Vic Vance Outfits Updated/Vic White Shirt - Casual Outfit 3/98d9d940e896796c-d652595dd618fd31-00005dd4.png,opaque_original_became_translucent | artwork_or_layout_differs_needs_manual_comparison
000000004cab2477fba4b2da,decked_ps2,Vice City Stories - PS2 (USA) Texture Pack/SLUS-21590/Main Characters Outfits Updated - By Dankaishin/Vic Vance Outfits Updated/Vic White Shirt - Casual Outfit 3/e139a37c06481c-c5e7a8b519507eb8-00005dd3.png,opaque_original_became_translucent | artwork_or_layout_differs_needs_manual_comparison
000000008d611f17b8ef1361,decked_ps2,Vice City Stories - PS2 (USA) Texture Pack/SLUS-21590/Main Characters Outfits Updated - By Dankaishin/Vic Vance Outfits Updated/Vic White Shirt - Casual Outfit 3/6543acb746ddf8fd-deb2861305f2a51d-00005dd4.png,opaque_original_became_translucent
000000008d611f17b8ef1361,decked_ps2,Vice City Stories - PS2 (USA) Texture Pack/SLUS-21590/Main Characters Outfits Updated - By Dankaishin/Vic Vance Outfits Updated/Vic White Shirt - Casual Outfit 3/74dd9fc5ac365a67-8a55ae38f0089d95-00005dd3.png,opaque_original_became_translucent
00000000b1f7e0b95eae7e21,decked_ps2,Vice City Stories - PS2 (USA) Texture Pack/SLUS-21590/Main Characters Outfits Updated - By Dankaishin/Vic Vance Outfits Updated/Vic White Shirt - Casual Outfit 3/1df9fb1821a8d0d1-625e5df631278327-00005dd3.png,opaque_original_became_translucent | artwork_or_layout_differs_needs_manual_comparison
00000000b1f7e0b95eae7e21,decked_ps2,Vice City Stories - PS2 (USA) Texture Pack/SLUS-21590/Main Characters Outfits Updated - By Dankaishin/Vic Vance Outfits Updated/Vic White Shirt - Casual Outfit 3/cad3418e6dc1e54a-2d41c1f6358ccd1a-00005dd4.png,opaque_original_became_translucent | artwork_or_layout_differs_needs_manual_comparison
00000000cbaaae4f8d9ef039,decked_ps2,Vice City Stories - PS2 (USA) Texture Pack/SLUS-21590/Main Characters Outfits Updated - By Dankaishin/Vic Vance Outfits Updated/Vic White Shirt - Casual Outfit 3/98d9d940e896796c-d652595dd618fd31-00005dd4.png,opaque_original_became_translucent | artwork_or_layout_differs_needs_manual_comparison
00000000cbaaae4f8d9ef039,decked_ps2,Vice City Stories - PS2 (USA) Texture Pack/SLUS-21590/Main Characters Outfits Updated - By Dankaishin/Vic Vance Outfits Updated/Vic White Shirt - Casual Outfit 3/e139a37c06481c-c5e7a8b519507eb8-00005dd3.png,opaque_original_became_translucent | artwork_or_layout_differs_needs_manual_comparison
00000000cfca0d83ceac4455,decked_ps2,Vice City Stories - PS2 (USA) Texture Pack/SLUS-21590/Main Characters Outfits Updated - By Dankaishin/Vic Vance Outfits Updated/Vic White Shirt - Casual Outfit 3/1df9fb1821a8d0d1-625e5df631278327-00005dd3.png,opaque_original_became_translucent | artwork_or_layout_differs_needs_manual_comparison
00000000cfca0d83ceac4455,decked_ps2,Vice City Stories - PS2 (USA) Texture Pack/SLUS-21590/Main Characters Outfits Updated - By Dankaishin/Vic Vance Outfits Updated/Vic White Shirt - Casual Outfit 3/cad3418e6dc1e54a-2d41c1f6358ccd1a-00005dd4.png,opaque_original_became_translucent | artwork_or_layout_differs_needs_manual_comparison
00000000026b62a1e1654188,decked_ps2,Vice City Stories - PS2 (USA) Texture Pack/SLUS-21590/Main Characters Outfits Updated - By Dankaishin/Vic Vance Outfits Updated/Yellow Cuban Outfit/74a30d009f939615-678883c542ab8064-00005dd4.png,opaque_original_became_translucent | artwork_or_layout_differs_needs_manual_comparison
0000000010b88ea1c72df05d,decked_ps2,Vice City Stories - PS2 (USA) Texture Pack/SLUS-21590/Main Characters Outfits Updated - By Dankaishin/Vic Vance Outfits Updated/Yellow Cuban Outfit/3b599e90d72db44a-8b0bebb23fd74dd9-00005dd3.png,opaque_original_became_translucent
0000000010b88ea1c72df05d,decked_ps2,Vice City Stories - PS2 (USA) Texture Pack/SLUS-21590/Main Characters Outfits Updated - By Dankaishin/Vic Vance Outfits Updated/Yellow Cuban Outfit/c611925b79f95769-8329dc8814c53567-00005dd4.png,opaque_original_became_translucent
00000000a9a5d4a6ecadb197,decked_ps2,Vice City Stories - PS2 (USA) Texture Pack/SLUS-21590/Main Characters Outfits Updated - By Dankaishin/Vic Vance Outfits Updated/Yellow Cuban Outfit/74a30d009f939615-678883c542ab8064-00005dd4.png,opaque_original_became_translucent | artwork_or_layout_differs_needs_manual_comparison
00000000aadee97b7f97e879,decked_ps2,Vice City Stories - PS2 (USA) Texture Pack/SLUS-21590/Main Characters Outfits Updated - By Dankaishin/Vic Vance Outfits Updated/Blue Leisure Outfit/1bb514e921c601b-56db206e2685c41c-00001593.png,opaque_original_became_translucent
00000000aadee97b7f97e879,decked_ps2,Vice City Stories - PS2 (USA) Texture Pack/SLUS-21590/Main Characters Outfits Updated - By Dankaishin/Vic Vance Outfits Updated/Blue Leisure Outfit/39cee3a380af640a-4f98e20ed98491f-00005594.png,opaque_original_became_translucent
00000000aadee97b7f97e879,decked_ps2,Vice City Stories - PS2 (USA) Texture Pack/SLUS-21590/Main Characters Outfits Updated - By Dankaishin/Vic Vance Outfits Updated/Repo Man Outfit 2/796abde77137da30-cf1b58aeb4edb9c8-00001593.png,opaque_original_became_translucent
00000000aadee97b7f97e879,decked_ps2,Vice City Stories - PS2 (USA) Texture Pack/SLUS-21590/Main Characters Outfits Updated - By Dankaishin/Vic Vance Outfits Updated/Repo Man Outfit 2/9a6dd11e61b22c38-68f920a53b663dcd-00005594.png,opaque_original_became_translucent
00000000aadee97b7f97e879,decked_ps2,Vice City Stories - PS2 (USA) Texture Pack/SLUS-21590/Main Characters Outfits Updated - By Dankaishin/Vic Vance Outfits Updated/Repo Man Outfit 3/796abde77137da30-cf1b58aeb4edb9c8-00001593.png,opaque_original_became_translucent
00000000aadee97b7f97e879,decked_ps2,Vice City Stories - PS2 (USA) Texture Pack/SLUS-21590/Main Characters Outfits Updated - By Dankaishin/Vic Vance Outfits Updated/Repo Man Outfit 3/9a6dd11e61b22c38-68f920a53b663dcd-00005594.png,opaque_original_became_translucent
00000000aadee97b7f97e879,decked_ps2,Vice City Stories - PS2 (USA) Texture Pack/SLUS-21590/Main Characters Outfits Updated - By Dankaishin/Vic Vance Outfits Updated/Repo Man Outfit 4/796abde77137da30-cf1b58aeb4edb9c8-00001593.png,opaque_original_became_translucent
00000000aadee97b7f97e879,decked_ps2,Vice City Stories - PS2 (USA) Texture Pack/SLUS-21590/Main Characters Outfits Updated - By Dankaishin/Vic Vance Outfits Updated/Repo Man Outfit 4/9a6dd11e61b22c38-68f920a53b663dcd-00005594.png,opaque_original_became_translucent
00000000aadee97b7f97e879,decked_ps2,Vice City Stories - PS2 (USA) Texture Pack/SLUS-21590/replacements/796abde77137da30-cf1b58aeb4edb9c8-00001593.png,opaque_original_became_translucent
00000000aadee97b7f97e879,decked_ps2,Vice City Stories - PS2 (USA) Texture Pack/SLUS-21590/replacements/9a6dd11e61b22c38-68f920a53b663dcd-00005594.png,opaque_original_became_translucent
00000000d61e07f276c0803f,decked_ps2,Vice City Stories - PS2 (USA) Texture Pack/SLUS-21590/Main Characters Outfits Updated - By Dankaishin/Vic Vance Outfits Updated/Blue Leisure Outfit/1bb514e921c601b-56db206e2685c41c-00001593.png,opaque_original_became_translucent
00000000d61e07f276c0803f,decked_ps2,Vice City Stories - PS2 (USA) Texture Pack/SLUS-21590/Main Characters Outfits Updated - By Dankaishin/Vic Vance Outfits Updated/Blue Leisure Outfit/39cee3a380af640a-4f98e20ed98491f-00005594.png,opaque_original_became_translucent
00000000d61e07f276c0803f,decked_ps2,Vice City Stories - PS2 (USA) Texture Pack/SLUS-21590/Main Characters Outfits Updated - By Dankaishin/Vic Vance Outfits Updated/Repo Man Outfit 2/796abde77137da30-cf1b58aeb4edb9c8-00001593.png,opaque_original_became_translucent
00000000d61e07f276c0803f,decked_ps2,Vice City Stories - PS2 (USA) Texture Pack/SLUS-21590/Main Characters Outfits Updated - By Dankaishin/Vic Vance Outfits Updated/Repo Man Outfit 2/9a6dd11e61b22c38-68f920a53b663dcd-00005594.png,opaque_original_became_translucent
00000000d61e07f276c0803f,decked_ps2,Vice City Stories - PS2 (USA) Texture Pack/SLUS-21590/Main Characters Outfits Updated - By Dankaishin/Vic Vance Outfits Updated/Repo Man Outfit 3/796abde77137da30-cf1b58aeb4edb9c8-00001593.png,opaque_original_became_translucent
00000000d61e07f276c0803f,decked_ps2,Vice City Stories - PS2 (USA) Texture Pack/SLUS-21590/Main Characters Outfits Updated - By Dankaishin/Vic Vance Outfits Updated/Repo Man Outfit 3/9a6dd11e61b22c38-68f920a53b663dcd-00005594.png,opaque_original_became_translucent
00000000d61e07f276c0803f,decked_ps2,Vice City Stories - PS2 (USA) Texture Pack/SLUS-21590/Main Characters Outfits Updated - By Dankaishin/Vic Vance Outfits Updated/Repo Man Outfit 4/796abde77137da30-cf1b58aeb4edb9c8-00001593.png,opaque_original_became_translucent
00000000d61e07f276c0803f,decked_ps2,Vice City Stories - PS2 (USA) Texture Pack/SLUS-21590/Main Characters Outfits Updated - By Dankaishin/Vic Vance Outfits Updated/Repo Man Outfit 4/9a6dd11e61b22c38-68f920a53b663dcd-00005594.png,opaque_original_became_translucent
00000000d61e07f276c0803f,decked_ps2,Vice City Stories - PS2 (USA) Texture Pack/SLUS-21590/replacements/796abde77137da30-cf1b58aeb4edb9c8-00001593.png,opaque_original_became_translucent
00000000d61e07f276c0803f,decked_ps2,Vice City Stories - PS2 (USA) Texture Pack/SLUS-21590/replacements/9a6dd11e61b22c38-68f920a53b663dcd-00005594.png,opaque_original_became_translucent
00000000fb1af6dbd91fb8c5,decked_ps2,Vice City Stories - PS2 (USA) Texture Pack/SLUS-21590/Main Characters Outfits Updated - By Dankaishin/Vic Vance Outfits Updated/Yellow Cuban Outfit/3b599e90d72db44a-8b0bebb23fd74dd9-00005dd3.png,opaque_original_became_translucent
00000000fb1af6dbd91fb8c5,decked_ps2,Vice City Stories - PS2 (USA) Texture Pack/SLUS-21590/Main Characters Outfits Updated - By Dankaishin/Vic Vance Outfits Updated/Yellow Cuban Outfit/c611925b79f95769-8329dc8814c53567-00005dd4.png,opaque_original_became_translucent
00000000012d62e6060235f0,decked_ps2,Vice City Stories - PS2 (USA) Texture Pack/SLUS-21590/replacements/HUDS-Icons-Fonts-Map Remastered/fb442cd94282eac3-a89b4d641a44f794-00005993.png,alpha_range_reduced | transparency_mask_changed | artwork_or_layout_differs_needs_manual_comparison
00000000175586b9dc9e62e2,decked_ps2,Vice City Stories - PS2 (USA) Texture Pack/SLUS-21590/replacements/HUDS-Icons-Fonts-Map Remastered/98278821dc1542cc-939bd9c35bd6029f-00005993.png,alpha_range_reduced | transparency_mask_changed
0000000018fbd34f84b2c05c,decked_ps2,Vice City Stories - PS2 (USA) Texture Pack/SLUS-21590/replacements/HUDS-Icons-Fonts-Map Remastered/67973ccf3ad2d54d-bc2f18c265c0d5fc-00005993.png,alpha_range_reduced | transparency_mask_changed | artwork_or_layout_differs_needs_manual_comparison
000000001bb3d28b82e6c9f9,decked_ps2,Vice City Stories - PS2 (USA) Texture Pack/SLUS-21590/replacements/HUDS-Icons-Fonts-Map Remastered/d3bb40f304917116-aad5eeea4094ba88-00005dd4.png,alpha_range_reduced | transparency_mask_changed
000000003533f1e93a9fcd21,decked_ps2,Vice City Stories - PS2 (USA) Texture Pack/SLUS-21590/replacements/HUDS-Icons-Fonts-Map Remastered/f566bd41c70c18a2-93481461b6be1b3d-00005994.png,alpha_range_reduced | transparency_mask_changed
000000003557c6335ba33cfa,decked_ps2,Vice City Stories - PS2 (USA) Texture Pack/SLUS-21590/replacements/HUDS-Icons-Fonts-Map Remastered/226593bc675f237b-138664ab39f3e656-00005994.png,alpha_range_reduced | transparency_mask_changed
000000004b37819323e28e1d,decked_ps2,Vice City Stories - PS2 (USA) Texture Pack/SLUS-21590/replacements/HUDS-Icons-Fonts-Map Remastered/61a8f276e2868147-b88a73fdcee115af-00005994.png,alpha_range_reduced | transparency_mask_changed
000000004ee64eb7534f6782,decked_ps2,Vice City Stories - PS2 (USA) Texture Pack/SLUS-21590/replacements/HUDS-Icons-Fonts-Map Remastered/7436cf4eb14b9ba7-c4710d7906c2ee32-00005dd4.png,alpha_range_reduced | transparency_mask_changed
0000000057631f1b99c479d3,decked_ps2,Vice City Stories - PS2 (USA) Texture Pack/SLUS-21590/replacements/HUDS-Icons-Fonts-Map Remastered/242fb55f6f049baa-e7eb2fab0a4d3eb5-00005993.png,alpha_range_reduced | transparency_mask_changed | artwork_or_layout_differs_needs_manual_comparison
000000005f57664a565a5dd4,decked_ps2,Vice City Stories - PS2 (USA) Texture Pack/SLUS-21590/replacements/HUDS-Icons-Fonts-Map Remastered/12fb5b0ffe3a5a3a-e6bbbc3fec66de31-00005994.png,alpha_range_reduced | transparency_mask_changed
0000000075f8534802b04c9c,decked_ps2,Vice City Stories - PS2 (USA) Texture Pack/SLUS-21590/replacements/HUDS-Icons-Fonts-Map Remastered/2cb48779151d5f9b-c50ffa9384c7a351-00005994.png,alpha_range_reduced | transparency_mask_changed
000000008620e6a25ee16643,decked_ps2,Vice City Stories - PS2 (USA) Texture Pack/SLUS-21590/replacements/HUDS-Icons-Fonts-Map Remastered/85388ea568bdae57-581edb0cced87412-00005993.png,alpha_range_reduced | transparency_mask_changed
00000000872fe42af8fcea28,decked_ps2,Vice City Stories - PS2 (USA) Texture Pack/SLUS-21590/replacements/HUDS-Icons-Fonts-Map Remastered/dc79d22070a2015b-32ed11394aa40b45-00005994.png,alpha_range_reduced | transparency_mask_changed
000000009dc4d4f34516f1d5,decked_ps2,Vice City Stories - PS2 (USA) Texture Pack/SLUS-21590/replacements/HUDS-Icons-Fonts-Map Remastered/6ce4c00b9509941c-79d62b92941bbcfd-00005994.png,alpha_range_reduced | transparency_mask_changed
00000000a3d4e7c7bb117de6,decked_ps2,Vice City Stories - PS2 (USA) Texture Pack/SLUS-21590/replacements/HUDS-Icons-Fonts-Map Remastered/a12e44d66653108d-dbfafd3a077407a1-00005994.png,alpha_range_reduced | transparency_mask_changed
00000000a6123a35b2783309,decked_ps2,Vice City Stories - PS2 (USA) Texture Pack/SLUS-21590/replacements/HUDS-Icons-Fonts-Map Remastered/15012fc65469997f-880d6ea09142b7f-00005993.png,alpha_range_reduced | transparency_mask_changed | artwork_or_layout_differs_needs_manual_comparison
00000000b6cb028875a7e7e5,decked_ps2,Vice City Stories - PS2 (USA) Texture Pack/SLUS-21590/replacements/HUDS-Icons-Fonts-Map Remastered/e5d622470eefd7f8-a2317d1f094a9a8a-00005dd4.png,alpha_range_reduced | transparency_mask_changed
00000000c1afad85e3fdaffe,decked_ps2,Vice City Stories - PS2 (USA) Texture Pack/SLUS-21590/replacements/HUDS-Icons-Fonts-Map Remastered/e4d2e3b548d7b821-edcf3f00448de65b-00005993.png,alpha_range_reduced | transparency_mask_changed
00000000c5bd476ee01105b7,decked_ps2,Vice City Stories - PS2 (USA) Texture Pack/SLUS-21590/replacements/HUDS-Icons-Fonts-Map Remastered/2fffecbb7034993e-999564e50a2f2ef-00005d94.png,alpha_range_reduced | transparency_mask_changed
00000000cd593c7ed4b465ff,decked_ps2,Vice City Stories - PS2 (USA) Texture Pack/SLUS-21590/replacements/HUDS-Icons-Fonts-Map Remastered/de25ef0ba0efda01-2e532dc7ee7f6d6b-00005993.png,alpha_range_reduced | transparency_mask_changed
00000000d3bc75645a5dce93,decked_ps2,Vice City Stories - PS2 (USA) Texture Pack/SLUS-21590/replacements/HUDS-Icons-Fonts-Map Remastered/7c3054c7827199e9-cd123835004976c5-00005993.png,alpha_range_reduced | transparency_mask_changed | artwork_or_layout_differs_needs_manual_comparison
00000000d71dc68b40e5fc10,decked_ps2,Vice City Stories - PS2 (USA) Texture Pack/SLUS-21590/replacements/HUDS-Icons-Fonts-Map Remastered/ae38de0d24a8fb67-4561d190673e17e9-00005dd4.png,alpha_range_reduced | transparency_mask_changed
00000000e98726e8e404736a,decked_ps2,Vice City Stories - PS2 (USA) Texture Pack/SLUS-21590/replacements/HUDS-Icons-Fonts-Map Remastered/db7fe6220bfa99e-400b40212c17643-00006213.png,opaque_original_became_translucent
00000000087037148ab58286,decked_ps2,Vice City Stories - PS2 (USA) Texture Pack/SLUS-21590/replacements/HUDS-Icons-Fonts-Map Remastered/bc22222d4776559d-b8fd18baa10a4d82-00005dd4.png,alpha_range_reduced | transparency_mask_changed
000000000b7abdfa64e97f1c,decked_ps2,Vice City Stories - PS2 (USA) Texture Pack/SLUS-21590/replacements/HUDS-Icons-Fonts-Map Remastered/1f75aeea741fe624-c3c769aafe48f572-00005dd4.png,alpha_range_reduced | transparency_mask_changed
000000000c30158f2a6653b8,decked_ps2,Vice City Stories - PS2 (USA) Texture Pack/SLUS-21590/replacements/HUDS-Icons-Fonts-Map Remastered/6f161c89b67f4298-c8420262fdd60258-00005dd4.png,alpha_range_reduced | transparency_mask_changed
000000000fb284482e1bd72b,decked_ps2,Vice City Stories - PS2 (USA) Texture Pack/SLUS-21590/replacements/HUDS-Icons-Fonts-Map Remastered/def445ec94c12d0b-6a54743338c327d7-00005dd4.png,alpha_range_reduced | transparency_mask_changed
0000000011dd5b8caddbf795,decked_ps2,Vice City Stories - PS2 (USA) Texture Pack/SLUS-21590/replacements/HUDS-Icons-Fonts-Map Remastered/45bd036b65b8ee9-87185671098c0ba7-00005dd4.png,alpha_range_reduced | transparency_mask_changed
0000000014e2b63553aa74d1,decked_ps2,Vice City Stories - PS2 (USA) Texture Pack/SLUS-21590/replacements/HUDS-Icons-Fonts-Map Remastered/300203b21929f5e3-3dcdc58053bed15f-00005dd4.png,alpha_range_reduced | transparency_mask_changed
0000000018d164d21aa57f0b,decked_ps2,Vice City Stories - PS2 (USA) Texture Pack/SLUS-21590/replacements/HUDS-Icons-Fonts-Map Remastered/d9b6d82c4afcf5db-203a685fcd6872b-00006654.png,alpha_range_reduced | transparency_mask_changed
00000000304c3cd167ca4ced,decked_ps2,Vice City Stories - PS2 (USA) Texture Pack/SLUS-21590/replacements/HUDS-Icons-Fonts-Map Remastered/255d1ebc92a071e8-5cdceccd3b84ed8-00005dd4.png,alpha_range_reduced | transparency_mask_changed
000000003ac7496fb77191e1,decked_ps2,Vice City Stories - PS2 (USA) Texture Pack/SLUS-21590/replacements/HUDS-Icons-Fonts-Map Remastered/1c8cf7e4f6b202e8-fb488b71c4ea535a-00005dd4.png,alpha_range_reduced | transparency_mask_changed
000000003d93f4106ea28df2,decked_ps2,Vice City Stories - PS2 (USA) Texture Pack/SLUS-21590/replacements/HUDS-Icons-Fonts-Map Remastered/bb5304f1aba12742-1475dbd9ca1404bd-00005dd4.png,alpha_range_reduced | transparency_mask_changed
000000003e78ef977b70e734,decked_ps2,Vice City Stories - PS2 (USA) Texture Pack/SLUS-21590/replacements/HUDS-Icons-Fonts-Map Remastered/fa478cb4ccf9320e-412a71fbda7a9bb0-00005dd4.png,alpha_range_reduced | transparency_mask_changed
0000000050292b925181635b,decked_ps2,Vice City Stories - PS2 (USA) Texture Pack/SLUS-21590/replacements/HUDS-Icons-Fonts-Map Remastered/e7a45403fb5c4065-c7ffc65c2ea1c299-00005dd4.png,alpha_range_reduced | transparency_mask_changed
0000000057f0a070b9dd338c,decked_ps2,Vice City Stories - PS2 (USA) Texture Pack/SLUS-21590/replacements/HUDS-Icons-Fonts-Map Remastered/8f9568d6c8e47978-c77bb860696b08f-00005dd4.png,alpha_range_reduced | transparency_mask_changed
00000000593f0e48616c9c22,decked_ps2,Vice City Stories - PS2 (USA) Texture Pack/SLUS-21590/replacements/HUDS-Icons-Fonts-Map Remastered/8452b8b09e131278-a8d5631cf9b03eba-00005dd4.png,alpha_range_reduced | transparency_mask_changed
000000005d1b30f308bd639f,decked_ps2,Vice City Stories - PS2 (USA) Texture Pack/SLUS-21590/replacements/HUDS-Icons-Fonts-Map Remastered/5ee1201458e905a9-f5fba14cb87e3b97-00005dd4.png,alpha_range_reduced | transparency_mask_changed
000000006d56239a626187df,decked_ps2,Vice City Stories - PS2 (USA) Texture Pack/SLUS-21590/replacements/HUDS-Icons-Fonts-Map Remastered/411be80e1d4427e7-3aff3fbac34dbefd-00005dd4.png,alpha_range_reduced | transparency_mask_changed
0000000074fab16ade1dd567,decked_ps2,Vice City Stories - PS2 (USA) Texture Pack/SLUS-21590/replacements/HUDS-Icons-Fonts-Map Remastered/45c8f1ec7c7a5ee4-f19fcec6f3883704-00005dd4.png,alpha_range_reduced | transparency_mask_changed
0000000075d48265f6a4d9b6,decked_ps2,Vice City Stories - PS2 (USA) Texture Pack/SLUS-21590/replacements/HUDS-Icons-Fonts-Map Remastered/5a2b6ccc4a9c24ff-e3da9e497a08f633-00005dd4.png,alpha_range_reduced | transparency_mask_changed
000000007819538b93194898,decked_ps2,Vice City Stories - PS2 (USA) Texture Pack/SLUS-21590/replacements/HUDS-Icons-Fonts-Map Remastered/92d9916720f51e00-2327b6845d5f3bdd-00005dd4.png,alpha_range_reduced | transparency_mask_changed
0000000082df81fdae8d522a,decked_ps2,Vice City Stories - PS2 (USA) Texture Pack/SLUS-21590/replacements/HUDS-Icons-Fonts-Map Remastered/fe41bed42dc29a50-b1cb15a3f2f1d211-00005dd4.png,alpha_range_reduced | transparency_mask_changed
0000000089af105a893f3eea,decked_ps2,Vice City Stories - PS2 (USA) Texture Pack/SLUS-21590/replacements/HUDS-Icons-Fonts-Map Remastered/6cd185c44f6a03fe-f83207f0e40b544f-00005dd4.png,alpha_range_reduced | transparency_mask_changed
000000008f89a3a8c9dca0df,decked_ps2,Vice City Stories - PS2 (USA) Texture Pack/SLUS-21590/replacements/HUDS-Icons-Fonts-Map Remastered/a6860b40630b670b-9875d8ccf14b8365-00005dd4.png,alpha_range_reduced | transparency_mask_changed
00000000969775f408402b1b,decked_ps2,Vice City Stories - PS2 (USA) Texture Pack/SLUS-21590/replacements/HUDS-Icons-Fonts-Map Remastered/8916a36a12774c6c-4705d335edf7c7df-00005dd4.png,alpha_range_reduced | transparency_mask_changed
000000009e663a0c09ae19e4,decked_ps2,Vice City Stories - PS2 (USA) Texture Pack/SLUS-21590/replacements/HUDS-Icons-Fonts-Map Remastered/6861882e57cea068-e813ae6de1494482-00005dd4.png,alpha_range_reduced | transparency_mask_changed
00000000a70d1636d98c494d,decked_ps2,Vice City Stories - PS2 (USA) Texture Pack/SLUS-21590/replacements/HUDS-Icons-Fonts-Map Remastered/409797ec232691b5-74dca3d631e937df-00005dd4.png,alpha_range_reduced | transparency_mask_changed
00000000ad1ad5c3e6f6321a,decked_ps2,Vice City Stories - PS2 (USA) Texture Pack/SLUS-21590/replacements/HUDS-Icons-Fonts-Map Remastered/ccef4754d5b47a57-c0ec061e183e6160-00005dd4.png,alpha_range_reduced | transparency_mask_changed
00000000aeafe9d7bb8c2d09,decked_ps2,Vice City Stories - PS2 (USA) Texture Pack/SLUS-21590/replacements/HUDS-Icons-Fonts-Map Remastered/35b8b1e43a103c58-fe8b1cd648e17fea-00005dd4.png,alpha_range_reduced | transparency_mask_changed
00000000aedbdc4a498dd52e,decked_ps2,Vice City Stories - PS2 (USA) Texture Pack/SLUS-21590/replacements/HUDS-Icons-Fonts-Map Remastered/9bbe5bc23e4ee4e9-d913f0bcab68678-00005dd4.png,alpha_range_reduced | transparency_mask_changed
00000000b7faa5f5413cbd4d,decked_ps2,Vice City Stories - PS2 (USA) Texture Pack/SLUS-21590/replacements/HUDS-Icons-Fonts-Map Remastered/41f266003958775f-bcc72a826bced745-00005dd4.png,alpha_range_reduced | transparency_mask_changed
00000000be7fb78e81ad774c,decked_ps2,Vice City Stories - PS2 (USA) Texture Pack/SLUS-21590/replacements/HUDS-Icons-Fonts-Map Remastered/9b9adf185b43e1f1-1c84224b8c09ff2e-00005dd4.png,alpha_range_reduced | transparency_mask_changed
00000000cc09d7baae9fea9a,decked_ps2,Vice City Stories - PS2 (USA) Texture Pack/SLUS-21590/replacements/HUDS-Icons-Fonts-Map Remastered/db178eed1319526a-e55fa90390d2ecb7-00005dd4.png,alpha_range_reduced | transparency_mask_changed
00000000ce57706d6e214404,decked_ps2,Vice City Stories - PS2 (USA) Texture Pack/SLUS-21590/replacements/HUDS-Icons-Fonts-Map Remastered/b62a165546138c76-99cd0188dd52acdd-00005dd4.png,alpha_range_reduced | transparency_mask_changed
00000000d4037395d0fb1649,decked_ps2,Vice City Stories - PS2 (USA) Texture Pack/SLUS-21590/replacements/HUDS-Icons-Fonts-Map Remastered/f7bc1b3763400a9a-b460b7f8315e4155-00005dd4.png,alpha_range_reduced | transparency_mask_changed
00000000d53d892037491974,decked_ps2,Vice City Stories - PS2 (USA) Texture Pack/SLUS-21590/replacements/HUDS-Icons-Fonts-Map Remastered/80ef0abe401be57c-aef742b1c5cb1d61-00005dd4.png,alpha_range_reduced | transparency_mask_changed
00000000ea1badf4eb394b99,decked_ps2,Vice City Stories - PS2 (USA) Texture Pack/SLUS-21590/replacements/HUDS-Icons-Fonts-Map Remastered/c07684dddfab2205-d59cb1f8fcc4928c-00005dd4.png,alpha_range_reduced | transparency_mask_changed
00000000eb2f37547dd71d28,decked_ps2,Vice City Stories - PS2 (USA) Texture Pack/SLUS-21590/replacements/HUDS-Icons-Fonts-Map Remastered/92cf96b77f060671-675dd2828ad4032a-00005dd4.png,alpha_range_reduced | transparency_mask_changed
00000000f3002d8ffc56fd6f,decked_ps2,Vice City Stories - PS2 (USA) Texture Pack/SLUS-21590/replacements/HUDS-Icons-Fonts-Map Remastered/8323f0870def3b95-7256186defbad657-00005dd4.png,alpha_range_reduced | transparency_mask_changed
00000000f50b3a6f1ac51255,decked_ps2,Vice City Stories - PS2 (USA) Texture Pack/SLUS-21590/replacements/HUDS-Icons-Fonts-Map Remastered/b8c6b06af5f51a49-a037f0a93cd56410-00005dd4.png,alpha_range_reduced | transparency_mask_changed
00000000f90efe3efa3aea10,decked_ps2,Vice City Stories - PS2 (USA) Texture Pack/SLUS-21590/replacements/HUDS-Icons-Fonts-Map Remastered/1f1450261105ecd9-7657e92c5a4dafed-00005dd4.png,alpha_range_reduced | transparency_mask_changed
00000000ff3a34df4210895e,decked_ps2,Vice City Stories - PS2 (USA) Texture Pack/SLUS-21590/replacements/HUDS-Icons-Fonts-Map Remastered/95182b18bf1c9514-6304f21237916563-00005dd4.png,alpha_range_reduced | transparency_mask_changed
0000000096fc2db2f2d74bc4,decked_ps2,Vice City Stories - PS2 (USA) Texture Pack/SLUS-21590/replacements/HUDS-Icons-Fonts-Map Remastered/1d9128e7bd74dcbc-52b93d75b2c3a372-00005993.png,alpha_range_reduced | transparency_mask_changed
000000009dafff2659d80c34,decked_ps2,Vice City Stories - PS2 (USA) Texture Pack/SLUS-21590/replacements/HUDS-Icons-Fonts-Map Remastered/80d7cddfc8a92e19-793b29bfafee56bd-00005994.png,alpha_range_reduced | transparency_mask_changed
0000000073e07528e291951a,decked_ps2,Vice City Stories - PS2 (USA) Texture Pack/SLUS-21590/replacements/HUDS-Icons-Fonts-Map Remastered/4b8d463dc2288136-e8fd47fbee4c9bfd-00005994.png,alpha_range_reduced | transparency_mask_changed
00000000a73440594f6825cc,decked_ps2,Vice City Stories - PS2 (USA) Texture Pack/SLUS-21590/replacements/HUDS-Icons-Fonts-Map Remastered/d8d7a06f2313ba94-3e866e3db66ad399-00005994.png,alpha_range_reduced | transparency_mask_changed
00000000a73440594f6825cc,modernize,HUD/Weapons/Dragunov.png,
00000000a6123a35b2783309,modernize,Radio/emotion983.png,alpha_range_reduced | transparency_mask_changed | artwork_or_layout_differs_needs_manual_comparison
00000000c1afad85e3fdaffe,modernize,Radio/espantoso.png,alpha_range_reduced | transparency_mask_changed
00000000d3bc75645a5dce93,modernize,Radio/flashfm.png,alpha_range_reduced | transparency_mask_changed | artwork_or_layout_differs_needs_manual_comparison
000000008620e6a25ee16643,modernize,Radio/freshfm.png,alpha_range_reduced | transparency_mask_changed
00000000012d62e6060235f0,modernize,Radio/paradisefm.png,alpha_range_reduced | transparency_mask_changed | artwork_or_layout_differs_needs_manual_comparison
00000000175586b9dc9e62e2,modernize,Radio/rock.png,alpha_range_reduced | transparency_mask_changed
00000000cd593c7ed4b465ff,modernize,Radio/vcfl.png,alpha_range_reduced | transparency_mask_changed
0000000057631f1b99c479d3,modernize,Radio/wave103.png,alpha_range_reduced | transparency_mask_changed | artwork_or_layout_differs_needs_manual_comparison
0000000018fbd34f84b2c05c,modernize,Radio/vcpr.png,transparency_mask_changed | artwork_or_layout_differs_needs_manual_comparison
000000006f427a6e30bc9338,asi_factory,source/FromPC/ap_build2/vent_64.png,
0000000092b2fe9791517f48,asi_factory,source/FromPC/airstuff2/metpat64.png,
0000000092b2fe9791517f48,asi_factory,source/FromPC/bakstgstuff/metpat64.png,
0000000092b2fe9791517f48,asi_factory,source/FromPC/buildinghan/metpat64.png,
0000000092b2fe9791517f48,asi_factory,source/FromPC/carwreck/metpat64.png,
0000000092b2fe9791517f48,asi_factory,source/FromPC/crate/metpat64.png,
0000000092b2fe9791517f48,asi_factory,source/FromPC/dkcargoshp/metpat64.png,
0000000092b2fe9791517f48,asi_factory,source/FromPC/docfactories/metpat64.png,
0000000092b2fe9791517f48,asi_factory,source/FromPC/drugfactint/metpat64.png,
0000000092b2fe9791517f48,asi_factory,source/FromPC/kickstart/metpat64.png,
0000000092b2fe9791517f48,asi_factory,source/FromPC/lhfuckercars/metpat64.png,
0000000092b2fe9791517f48,asi_factory,source/FromPC/mall_props/metpat64.png,
0000000092b2fe9791517f48,asi_factory,source/FromPC/swashlandb/metpat64.png,
0000000092b2fe9791517f48,asi_factory,source/FromPC/washmallnew/metpat64.png,
0000000092b2fe9791517f48,asi_factory,source/FromPC/washnewbuild3/metpat64.png,
0000000092b2fe9791517f48,asi_factory,source/FromPC/washrestone/metpat64.png,
0000000057e3225f099d54cc,asi_factory,source/FromPC/airtrain/airblock1_128.png,less_than_2x_resolution
0000000001ac1e77e4b4bd2b,asi_factory,source/FromPC/airtrain/airblock2_128.png,less_than_2x_resolution
000000000620993835fd0c30,asi_factory,source/FromPC/airtrain/airblock3_128.png,less_than_2x_resolution
000000008c21a0c7c9e2f0fb,asi_factory,source/FromPC/ambulan/ambudecals128.png,less_than_2x_resolution | transparency_mask_changed | artwork_or_layout_differs_needs_manual_comparison
000000009249ef5c0838100b,asi_factory,source/FromPC/ambulan/ambulan8bit128.png,less_than_2x_resolution
00000000bba6c448dd14dceb,asi_factory,source/FromPC/angel/angel8bit128.png,less_than_2x_resolution
00000000374c9e5c9b910343,asi_factory,source/FromPC/angel/angelbits8bit64.png,less_than_2x_resolution
00000000a1d0932119fcda5d,asi_factory,source/FromPC/angel/angelchrome8bit128.png,less_than_2x_resolution
0000000058e38dce1d822580,asi_factory,source/FromPC/apcarparkn/dirtywhite.png,
0000000058e38dce1d822580,asi_factory,source/FromPC/helipad/dirtywhite.png,
0000000058e38dce1d822580,asi_factory,source/FromPC/star3/dirtywhite.png,
0000000058e38dce1d822580,asi_factory,source/FromPC/starf/dirtywhite.png,
000000007c900b40dc129944,asi_factory,source/FromPC/ap_checkpoints/redwhite_stripe.png,
000000007c900b40dc129944,asi_factory,source/FromPC/apchecpointn/redwhite_stripe.png,
000000007c900b40dc129944,asi_factory,source/FromPC/benches/redwhite_stripe.png,
000000007c900b40dc129944,asi_factory,source/FromPC/dyncones/redwhite_stripe.png,
000000007c900b40dc129944,asi_factory,source/FromPC/nairport/redwhite_stripe.png,
000000007c900b40dc129944,asi_factory,source/FromPC/smashbarr/redwhite_stripe.png,
00000000459d3f5fb9b6cd2a,asi_factory,source/FromPC/ap_checkpoints/yellowrust_64.png,
00000000459d3f5fb9b6cd2a,asi_factory,source/FromPC/apchecpointn/yellowrust_64.png,
00000000459d3f5fb9b6cd2a,asi_factory,source/FromPC/boathouse/yellowrust_64.png,
00000000459d3f5fb9b6cd2a,asi_factory,source/FromPC/carwreck/yellowrust_64.png,
00000000459d3f5fb9b6cd2a,asi_factory,source/FromPC/kickstart/yellowrust_64.png,
00000000459d3f5fb9b6cd2a,asi_factory,source/FromPC/lhfuckercars/yellowrust_64.png,
00000000ebea47b68b37121d,asi_factory,source/FromPC/armour/gun_armour.png,less_than_2x_resolution
00000000ebea47b68b37121d,asi_factory,source/FromPC/icons7/gun_armour.png,less_than_2x_resolution
00000000932ede1b9866e4ed,asi_factory,source/FromPC/baggage/baggage8bit128.png,less_than_2x_resolution
00000000c03166d8242ce01f,asi_factory,source/FromPC/bakstgstuff/fusebox2_128.png,aspect_ratio_changed
00000000c03166d8242ce01f,asi_factory,source/FromPC/dt_newtest1/fusebox2_128.png,aspect_ratio_changed
00000000c03166d8242ce01f,asi_factory,source/FromPC/pharmacyint/fusebox2_128.png,aspect_ratio_changed
000000002890176c8e8c908f,asi_factory,source/FromPC/barracks/slats64.png,less_than_2x_resolution
0000000060a8521d88950bae,asi_factory,source/FromPC/washnewbuild5/gold128.png,
0000000060a8521d88950bae,asi_factory,source/FromPC/wshotelsign35/gold128.png,
000000009bcfb690c5072fcc,asi_factory,source/FromPC/benches/wood02.png,
000000009bcfb690c5072fcc,asi_factory,source/FromPC/chairsntable/wood02.png,
000000009bcfb690c5072fcc,asi_factory,source/FromPC/ci_mansion1/wood02.png,
000000009bcfb690c5072fcc,asi_factory,source/FromPC/haitcontext/wood02.png,
000000009bcfb690c5072fcc,asi_factory,source/FromPC/ocmiamistrip9/wood02.png,
000000009bcfb690c5072fcc,asi_factory,source/FromPC/od_beachstuff/wood02.png,
000000009bcfb690c5072fcc,asi_factory,source/FromPC/sharedalleyod/wood02.png,
000000009bcfb690c5072fcc,asi_factory,source/FromPC/woodpanels/wood02.png,
0000000096c7ce9245615e4e,asi_factory,source/FromPC/bfinject/bfinject86body8bit64.png,less_than_2x_resolution
0000000065efb090f93cd2a8,asi_factory,source/FromPC/billbrd/bluemetal02.png,less_than_2x_resolution
0000000065efb090f93cd2a8,asi_factory,source/FromPC/dynpostbx/bluemetal02.png,less_than_2x_resolution
0000000065efb090f93cd2a8,asi_factory,source/FromPC/dynrecycle/bluemetal02.png,less_than_2x_resolution
00000000e51671f1b2fd64de,asi_factory,source/FromPC/boathouse/alleywin1.png,less_than_2x_resolution | opaque_original_became_translucent
00000000e51671f1b2fd64de,asi_factory,source/FromPC/lh_taxi/alleywin1.png,less_than_2x_resolution
000000006da260c27ab47f55,asi_factory,source/FromPC/boathouse/indsmallwall64.png,less_than_2x_resolution
000000006bedd19ec2988b68,asi_factory,source/FromPC/dkcargoshp/lampost_16clr.png,
000000006bedd19ec2988b68,asi_factory,source/FromPC/dynsigns/lampost_16clr.png,
000000006bedd19ec2988b68,asi_factory,source/FromPC/dyntraffic/lampost_16clr.png,
00000000a50143664d6fb19e,asi_factory,source/FromPC/hot_mobint/cardboxes_128.png,
00000000a50143664d6fb19e,asi_factory,source/FromPC/lh_pwinterior/cardboxes_128.png,
00000000a50143664d6fb19e,asi_factory,source/FromPC/stardepot/cardboxes_128.png,
000000006446edb028410069,asi_factory,source/FromPC/boxville/boxville868bit128.png,less_than_2x_resolution
00000000046d20db822b430a,asi_factory,source/FromPC/buoy/red.png,less_than_2x_resolution | alpha_range_reduced | transparency_mask_changed
00000000046d20db822b430a,asi_factory,source/FromPC/ci_backlot/red.png,less_than_2x_resolution | transparency_mask_changed
00000000df52c36b3009d158,asi_factory,source/FromPC/caddy/caddy8bit128.png,less_than_2x_resolution
0000000092eddcded16bba65,asi_factory,source/FromPC/caddy/caddybag128.png,less_than_2x_resolution
0000000056a087e8d9a71a08,asi_factory,source/FromPC/dt_shops14/car1_128.png,
0000000056a087e8d9a71a08,asi_factory,source/FromPC/fuckedcarlh/car1_128.png,
0000000056a087e8d9a71a08,asi_factory,source/FromPC/kickstart/car1_128.png,
0000000056a087e8d9a71a08,asi_factory,source/FromPC/lhfuckercars/car1_128.png,
0000000056a087e8d9a71a08,asi_factory,source/FromPC/ncarwreck/car1_128.png,
0000000056a087e8d9a71a08,asi_factory,source/FromPC/petrol/car1_128.png,
0000000078604d44ef921f40,asi_factory,source/FromPC/ci_island1/planks01.png,
0000000078604d44ef921f40,asi_factory,source/FromPC/ci_mansion1/planks01.png,
0000000078604d44ef921f40,asi_factory,source/FromPC/ci_mansionint1/planks01.png,
0000000078604d44ef921f40,asi_factory,source/FromPC/crate/planks01.png,
0000000078604d44ef921f40,asi_factory,source/FromPC/dock_ships/planks01.png,
0000000078604d44ef921f40,asi_factory,source/FromPC/haitcont/planks01.png,
0000000078604d44ef921f40,asi_factory,source/FromPC/haitcontext/planks01.png,
0000000078604d44ef921f40,asi_factory,source/FromPC/landjump/planks01.png,
0000000078604d44ef921f40,asi_factory,source/FromPC/lhcabby/planks01.png,
0000000078604d44ef921f40,asi_factory,source/FromPC/nbt_mansionbase02/planks01.png,
0000000078604d44ef921f40,asi_factory,source/FromPC/od_bighotpool/planks01.png,
0000000078604d44ef921f40,asi_factory,source/FromPC/washland/planks01.png,
000000007b57de7239cd1106,asi_factory,source/FromPC/chopper/chopper868bit128.png,less_than_2x_resolution
000000008873e7cb96f97ce1,asi_factory,source/FromPC/chopper/chopper86decals128a.png,less_than_2x_resolution | transparency_mask_changed
000000006ceb5b68d8aea4e6,asi_factory,source/FromPC/cl_ext1/fencekb_64h.png,transparency_mask_changed | artwork_or_layout_differs_needs_manual_comparison
000000006ceb5b68d8aea4e6,asi_factory,source/FromPC/electricgate/fencekb_64h.png,transparency_mask_changed
000000006ceb5b68d8aea4e6,asi_factory,source/FromPC/helipad/fencekb_64h.png,transparency_mask_changed
000000006ceb5b68d8aea4e6,asi_factory,source/FromPC/od_waterwrx/fencekb_64h.png,transparency_mask_changed | artwork_or_layout_differs_needs_manual_comparison
000000006ceb5b68d8aea4e6,asi_factory,source/FromPC/washbuild6/fencekb_64h.png,transparency_mask_changed | artwork_or_layout_differs_needs_manual_comparison
000000006ceb5b68d8aea4e6,asi_factory,source/FromPC/wshxrefhirise/fencekb_64h.png,transparency_mask_changed | artwork_or_layout_differs_needs_manual_comparison
000000006ceb5b68d8aea4e6,asi_factory,source/FromPC/wslawyers/fencekb_64h.png,transparency_mask_changed | artwork_or_layout_differs_needs_manual_comparison
00000000e1c62257c2cbd60a,asi_factory,source/FromPC/coach/coach868bit128.png,less_than_2x_resolution
000000005094b87c6ee1206b,asi_factory,source/FromPC/coach/coach868bit64a.png,artwork_or_layout_differs_needs_manual_comparison
00000000958cf8fe978b0fb1,asi_factory,source/FromPC/coach/coach86body8bit128.png,artwork_or_layout_differs_needs_manual_comparison
0000000044776cd68d8b4f1b,asi_factory,source/FromPC/docfactories/yellowmetal.png,
0000000044776cd68d8b4f1b,asi_factory,source/FromPC/dynbarrels/yellowmetal.png,
00000000d5cf34a42f3401cc,asi_factory,source/FromPC/cuban/cubanbody128c.png,artwork_or_layout_differs_needs_manual_comparison
00000000cebd7ea821417120,asi_factory,source/FromPC/destructo/redband_64.png,less_than_2x_resolution
00000000cebd7ea821417120,asi_factory,source/FromPC/dk_midbuilds/redband_64.png,less_than_2x_resolution
00000000cebd7ea821417120,asi_factory,source/FromPC/stunt/redband_64.png,less_than_2x_resolution
00000000f431c58e5d345a7a,asi_factory,source/FromPC/docksb/gararge1.png,
00000000f431c58e5d345a7a,asi_factory,source/FromPC/mannewdoors/gararge1.png,
00000000f431c58e5d345a7a,asi_factory,source/FromPC/ml_clothes/gararge1.png,
00000000f431c58e5d345a7a,asi_factory,source/FromPC/nbt_hotel06/gararge1.png,
000000001bf4bb7db92d8fbd,asi_factory,source/FromPC/dock_bridge/bridgeleg02_128.png,aspect_ratio_changed
00000000be133854befacaa5,asi_factory,source/FromPC/dt_shops13/aroofbit91.png,aspect_ratio_changed | transparency_mask_changed | artwork_or_layout_differs_needs_manual_comparison
00000000be133854befacaa5,asi_factory,source/FromPC/dts_copshop/aroofbit91.png,aspect_ratio_changed | transparency_mask_changed | artwork_or_layout_differs_needs_manual_comparison
00000000be133854befacaa5,asi_factory,source/FromPC/roofbit/aroofbit91.png,aspect_ratio_changed | transparency_mask_changed | artwork_or_layout_differs_needs_manual_comparison
000000008764f3a8b74fad2f,asi_factory,source/FromPC/nbt_pizzaplace/dinerseat01_64.png,
000000008764f3a8b74fad2f,asi_factory,source/FromPC/nbtshops/dinerseat01_64.png,
0000000083fc16b15c0ce5a7,asi_factory,source/FromPC/dynbarrels/redallu.png,less_than_2x_resolution
000000002272388bb289a05f,asi_factory,source/FromPC/firem/firehydrant_yell.png,
00000000acb9ae787d287c5e,asi_factory,source/FromPC/dynpostbx/mailbox2_64.png,less_than_2x_resolution
00000000b01d5c2027fa004b,asi_factory,source/FromPC/dyn_trash/binhandle.png,transparency_mask_changed
00000000ab9590334ff405cc,asi_factory,source/FromPC/dyn_trash/binside.png,less_than_2x_resolution | aspect_ratio_changed
00000000efec0de03d806794,asi_factory,source/FromPC/faggio/faggio8bit128.png,less_than_2x_resolution
000000007666a868ed6ba7ed,asi_factory,source/FromPC/faggio/faggio8bit64.png,less_than_2x_resolution
00000000dd00141d9343fc27,asi_factory,source/FromPC/firetruk/firetruk8bit128.png,less_than_2x_resolution
00000000cd17440d3a8f09ed,asi_factory,source/FromPC/firetruk/vcfd8bit128a.png,less_than_2x_resolution | artwork_or_layout_differs_needs_manual_comparison
00000000fd4e200150eaf6b4,asi_factory,source/FromPC/flatbed/flatbed868bit128.png,less_than_2x_resolution
00000000fd4e200150eaf6b4,asi_factory,source/FromPC/flatbedbak/flatbed868bit128.png,less_than_2x_resolution
00000000f1d7d1e4aaae8223,asi_factory,source/FromPC/gf_hedge1/golf_railings.png,transparency_mask_changed
00000000c45f0d5f25e05fba,asi_factory,source/FromPC/golf_clubhouse1/Est_Gen_wood.png,
000000004748bdc6f78cb50c,asi_factory,source/FromPC/hunter/hunter8bit128a.png,less_than_2x_resolution
00000000d506e136673c3ac6,asi_factory,source/FromPC/hunter/hunteralpha8bit64a.png,less_than_2x_resolution
000000007082f898a594beb5,asi_factory,source/FromPC/icons/pill_32.png,less_than_2x_resolution
000000007082f898a594beb5,asi_factory,source/FromPC/icons5/pill_32.png,less_than_2x_resolution
000000007082f898a594beb5,asi_factory,source/FromPC/icons8/pill_32.png,less_than_2x_resolution
0000000096cfaeb28ccd70ee,asi_factory,source/FromPC/icons1/blugrad32.png,less_than_2x_resolution
0000000096cfaeb28ccd70ee,asi_factory,source/FromPC/icons4/blugrad32.png,less_than_2x_resolution
000000005503730dd5cc801a,asi_factory,source/FromPC/icons9/bribe16.png,less_than_2x_resolution
00000000c3527f14dd272871,asi_factory,source/FromPC/jetmax/jetmax8bit128.png,less_than_2x_resolution
000000007d5cfae11e5c115e,asi_factory,source/FromPC/jetmax/jetmax8bit64a.png,less_than_2x_resolution | transparency_mask_changed
000000002bd7c51e0cc4b7ec,asi_factory,source/FromPC/jetmax/jetmaxbody8bit128a.png,less_than_2x_resolution
00000000caeb3f7fdc3a3239,asi_factory,source/FromPC/jetmax/jetmaxbody8bit64.png,less_than_2x_resolution
000000001bd1d3c027738666,asi_factory,source/FromPC/landstal/landstal86body8bit64.png,less_than_2x_resolution
000000000479143ecf654ec1,asi_factory,source/FromPC/lodhaitinbig/asjm9qd.png,less_than_2x_resolution
00000000f2c547105e22bafa,asi_factory,source/FromPC/lodnbeachwbig/lod_bigbrick.png,
00000000f85968a5b9990eef,asi_factory,source/FromPC/marquis/marquis86body8bit64.png,less_than_2x_resolution
0000000062da14877deb7193,asi_factory,source/FromPC/signs/lamppost.png,
0000000062da14877deb7193,asi_factory,source/FromPC/streetlights/lamppost.png,
0000000004575fc4a51320af,asi_factory,source/FromPC/mrwhoop/mrwhoo868bit128.png,less_than_2x_resolution
00000000f60c0f0b309975ba,asi_factory,source/FromPC/mrwhoop/mrwhoop86decals128.png,less_than_2x_resolution
0000000008287fa3c275afe6,asi_factory,source/FromPC/mule/mule8bit128.png,less_than_2x_resolution
000000008e2f125596f3cbe2,asi_factory,source/FromPC/mule/mulebody8bit64.png,less_than_2x_resolution
00000000645356c6db4c9bb2,asi_factory,source/FromPC/mule/mulecrate4bit64.png,less_than_2x_resolution
0000000001d6e070ebe39c21,asi_factory,source/FromPC/pcj600/pcj6008bit128.png,less_than_2x_resolution
00000000fd9341324881fa5b,asi_factory,source/FromPC/pcj600/pcj600body8bit128.png,artwork_or_layout_differs_needs_manual_comparison
00000000d0fd6aae0e0fc1d9,asi_factory,source/FromPC/philbmb/detonator.png,artwork_or_layout_differs_needs_manual_comparison
00000000cc4f7c607003ff10,asi_factory,source/FromPC/polmav/polmav8bit128.png,less_than_2x_resolution
00000000223a5f03d6c77360,asi_factory,source/FromPC/predator/predator868bit128.png,less_than_2x_resolution
000000005677e34eeaa6a5db,asi_factory,source/FromPC/rio/rio868bit64.png,less_than_2x_resolution
00000000fe56d0ff07f17401,asi_factory,source/FromPC/rio/rio86body4bit64.png,less_than_2x_resolution
00000000ffc0548a8c8afe6c,asi_factory,source/FromPC/rio/rio86body8bit128a.png,less_than_2x_resolution
00000000399d3cce775ef738,asi_factory,source/FromPC/rio/rio86body8bit128b.png,less_than_2x_resolution
00000000f702aace4b2bf325,asi_factory,source/FromPC/sanchez/sanchez8bit128.png,less_than_2x_resolution
00000000e570f21cd0b29787,asi_factory,source/FromPC/securica/securica868bit128.png,less_than_2x_resolution
00000000ecf96384ce5e055a,asi_factory,source/FromPC/sentinel/sentinel86body8bit128.png,less_than_2x_resolution
0000000037b74e0ab1f6697e,asi_factory,source/FromPC/signs/chrome.png,artwork_or_layout_differs_needs_manual_comparison
00000000ca23c5641ba18a74,asi_factory,source/FromPC/squalo/squalo8bit128.png,less_than_2x_resolution
0000000079dba1642fa65ab9,asi_factory,source/FromPC/squalo/squalobody8bit128b.png,less_than_2x_resolution
00000000bd3e66034f6a71a7,asi_factory,source/FromPC/strpclbsgns/metalic128.png,
00000000bd3e66034f6a71a7,asi_factory,source/FromPC/swashlandb/metalic128.png,
00000000bd3e66034f6a71a7,asi_factory,source/FromPC/swashnwbuild5/metalic128.png,
00000000bd3e66034f6a71a7,asi_factory,source/FromPC/washmarina/metalic128.png,
00000000bd3e66034f6a71a7,asi_factory,source/FromPC/washnewbuild25/metalic128.png,
00000000bd3e66034f6a71a7,asi_factory,source/FromPC/washnewbuild5/metalic128.png,
00000000bd3e66034f6a71a7,asi_factory,source/FromPC/wshxrefpump/metalic128.png,
00000000db4add2a12f295e6,asi_factory,source/FromPC/streetlights/lamppostdetail.png,less_than_2x_resolution
000000005af275268aba7d17,asi_factory,source/FromPC/swashnwbuild5/washdecowall2256.png,transparency_mask_changed
000000005af275268aba7d17,asi_factory,source/FromPC/washmiamistrip2/washdecowall2256.png,transparency_mask_changed
000000005af275268aba7d17,asi_factory,source/FromPC/washnewbuild25/washdecowall2256.png,transparency_mask_changed
00000000f089ae8a87e21f99,asi_factory,source/FromPC/trash/trash868bit128.png,less_than_2x_resolution
0000000059c369b19369613b,asi_factory,source/FromPC/trash/trash86body8bit64.png,less_than_2x_resolution
000000001a5f2a1e79c7c99d,asi_factory,source/FromPC/tropic/tropic864bit64a.png,less_than_2x_resolution | transparency_mask_changed
0000000050835a754a19abf9,asi_factory,source/FromPC/tropic/tropic868bit128.png,less_than_2x_resolution
000000001313961c4c23245e,asi_factory,source/FromPC/tropic/tropic868bit64.png,less_than_2x_resolution
00000000847811484f25fd36,asi_factory,source/FromPC/vicechee/vicechee868bit128.png,less_than_2x_resolution | artwork_or_layout_differs_needs_manual_comparison
000000004d6be7c1286c56a7,asi_factory,source/FromPC/wastebin/railmesh_64.png,less_than_2x_resolution | transparency_mask_changed | artwork_or_layout_differs_needs_manual_comparison
00000000bda1970ddeba2d9c,efonte,ULES00502/ai_upscaled/map/00000000bda1970da6aa2f27.png,incomplete_radar_tiles_and_mixed_art_style
00000000ce57706d6e214404,efonte,ULES00502/ai_upscaled/map/00000000ce57706d6343ec61.png,incomplete_radar_tiles_and_mixed_art_style
00000000f5d16a343f36039c,efonte,ULES00502/ai_upscaled/map/00000000f5d16a344f0aca1d.png,flat_water_tile_no_detail_benefit
000000008f89a3a8c9dca0df,decked_psp,VCS-PSP (Europe) Texture PackUpdated16-04-2026/ULES00502/Map/000000008f89a3a8ab5131e3.png,incomplete_radar_tiles_and_mixed_art_style
000000007819538b93194898,efonte,ULES00502/ai_upscaled/map/000000007819538bc8fbb79a.png,incomplete_radar_tiles_and_mixed_art_style
00000000cc09d7baae9fea9a,efonte,ULES00502/ai_upscaled/map/00000000cc09d7bae29f1e30.png,incomplete_radar_tiles_and_mixed_art_style
0000000028fc0a1f66173c20,decked_psp,VCS-PSP (Europe) Texture PackUpdated16-04-2026/Main Characters Outfits/Armando Mendez Outfits/Outfit (3)/0000000028fc0a1f3dbb8762.png,character_recolor_not_original_outfit
0000000045b9ac116cfdcc04,decked_psp,VCS-PSP (Europe) Texture PackUpdated16-04-2026/Main Characters Outfits/Armando Mendez Outfits/Outfit (3)/0000000045b9ac1171f613e3.png,character_recolor_not_original_outfit
00000000e06a47b02271b0ef,decked_psp,VCS-PSP (Europe) Texture PackUpdated16-04-2026/Main Characters Outfits/Vic Vance Suits/Remastered Smartsuit/00000000e06a47b0a39823d5.png,excessive_sharpening_and_changed_highlights
00000000bd348c32ea655e6a,efonte,ULES00502/ai_upscaled/others/16_16/00000000bd348c321db90af2.png,flat_effect_no_visible_detail_benefit
00000000c45f0d5f25e05fba,asi_factory,source/FromPC/golf_clubhouse1/Est_Gen_wood.png,loss_of_original_skin_detail
00000000915bae8515a9518d,efonte,ULES00502/ai_upscaled/others/32_32/00000000915bae8510b7471c.png,flat_glass_effect_no_visible_detail_benefit
0000000026f7b2f6ff3a66cf,efonte,ULES00502/ai_upscaled/texts/0000000026f7b2f64b3a3f86.png,ai_distorted_numbers_and_lettering
000000005b6dea2a2cb72300,efonte,ULES00502/ai_upscaled/texts/000000005b6dea2ad977ee5c.png,ai_distorted_numbers_and_lettering
000000000b832e5e1ca72ceb,decked_psp,VCS-PSP (Europe) Texture PackUpdated16-04-2026/Main Characters Outfits/Vic Vance Suits/Repo Man Remastered/000000000b832e5ecbcb5159.png,character_recolor_not_original_outfit
00000000a3c51e0c7bfdf6ca,decked_psp,VCS-PSP (Europe) Texture PackUpdated16-04-2026/Main Characters Outfits/Vic Vance Suits/Repo Man Remastered/00000000a3c51e0c42da39d3.png,character_recolor_not_original_outfit
000000005d1b30f308bd639f,decked_psp,VCS-PSP (Europe) Texture PackUpdated16-04-2026/ULES00502/Map/000000005d1b30f38e58117e.png,incomplete_radar_tiles_and_mixed_art_style
00000000046d20db822b430a,efonte,ULES00502/ai_upscaled/others/64_64/00000000046d20db69932dc1.png,flat_effect_no_visible_detail_benefit
000000005af275268aba7d17,efonte,ULES00502/ai_upscaled/others/64_64/000000005af27526a85a684b.png,flat_shadow_effect_no_visible_detail_benefit
000000004c1d73a01c6b7ac9,decked_psp,VCS-PSP (Europe) Texture PackUpdated16-04-2026/Main Characters Outfits/Lance Vance Outfits/Remastered Smartsuit/000000004c1d73a04248f576.png,changed_color_and_excessive_highlights
0000000018fbd34f84b2c05c,efonte,ULES00502/ai_upscaled/texts/0000000018fbd34f7d102a5b.png,ai_distorted_logo_lettering
00000000cd593c7ed4b465ff,efonte,ULES00502/ai_upscaled/texts/00000000cd593c7e33c1ad3b.png,ai_distorted_logo_lettering
00000000a4db3b3d59f5e982,efonte,ULES00502/ai_upscaled/texts/00000000a4db3b3d8d347476.png,no_clear_readable_detail_improvement
00000000bda1970ddeba2d9c,decked_psp,VCS-PSP (Europe) Texture PackUpdated16-04-2026/ULES00502/00000000bda1970da6aa2f27.png,radar_water_opacity_changed_or_incomplete_tile_set
00000000eb2f37547dd71d28,decked_psp,VCS-PSP (Europe) Texture PackUpdated16-04-2026/ULES00502/Map/00000000eb2f3754d1862293.png,radar_water_opacity_changed_or_incomplete_tile_set
00000000d4037395d0fb1649,decked_psp,VCS-PSP (Europe) Texture PackUpdated16-04-2026/ULES00502/Map/00000000d40373950137179d.png,radar_water_opacity_changed_or_incomplete_tile_set
00000000ce57706d6e214404,decked_psp,VCS-PSP (Europe) Texture PackUpdated16-04-2026/ULES00502/Map/00000000ce57706d6343ec61.png,radar_water_opacity_changed_or_incomplete_tile_set
00000000f5d16a343f36039c,decked_psp,VCS-PSP (Europe) Texture PackUpdated16-04-2026/ULES00502/00000000f5d16a344f0aca1d.png,radar_water_opacity_changed_or_incomplete_tile_set
000000004ee64eb7534f6782,decked_psp,VCS-PSP (Europe) Texture PackUpdated16-04-2026/ULES00502/000000004ee64eb7c86bf818.png,radar_water_opacity_changed_or_incomplete_tile_set
00000000ea1badf4eb394b99,decked_psp,VCS-PSP (Europe) Texture PackUpdated16-04-2026/ULES00502/Map/00000000ea1badf48123c2b6.png,radar_water_opacity_changed_or_incomplete_tile_set
000000008f89a3a8c9dca0df,decked_psp,VCS-PSP (Europe) Texture PackUpdated16-04-2026/ULES00502/Map/000000008f89a3a8ab5131e3.png,radar_water_opacity_changed_or_incomplete_tile_set
000000003d93f4106ea28df2,decked_psp,VCS-PSP (Europe) Texture PackUpdated16-04-2026/ULES00502/Map/000000003d93f410c761fd66.png,radar_water_opacity_changed_or_incomplete_tile_set
0000000050292b925181635b,decked_psp,VCS-PSP (Europe) Texture PackUpdated16-04-2026/ULES00502/Map/0000000050292b9270869655.png,radar_water_opacity_changed_or_incomplete_tile_set
000000003ac7496fb77191e1,decked_psp,VCS-PSP (Europe) Texture PackUpdated16-04-2026/ULES00502/Map/000000003ac7496f1a56a10a.png,radar_water_opacity_changed_or_incomplete_tile_set
000000000fb284482e1bd72b,decked_psp,VCS-PSP (Europe) Texture PackUpdated16-04-2026/ULES00502/Map/000000000fb284483713c077.png,radar_water_opacity_changed_or_incomplete_tile_set
000000001bb3d28b82e6c9f9,decked_psp,VCS-PSP (Europe) Texture PackUpdated16-04-2026/ULES00502/000000001bb3d28b912abde5.png,radar_water_opacity_changed_or_incomplete_tile_set
0000000074fab16ade1dd567,decked_psp,VCS-PSP (Europe) Texture PackUpdated16-04-2026/ULES00502/Map/0000000074fab16a8aa80c4b.png,radar_water_opacity_changed_or_incomplete_tile_set
0000000089af105a893f3eea,decked_psp,VCS-PSP (Europe) Texture PackUpdated16-04-2026/ULES00502/Map/0000000089af105ad4bdfded.png,radar_water_opacity_changed_or_incomplete_tile_set
000000007819538b93194898,decked_psp,VCS-PSP (Europe) Texture PackUpdated16-04-2026/ULES00502/Map/000000007819538bc8fbb79a.png,radar_water_opacity_changed_or_incomplete_tile_set
0000000075d48265f6a4d9b6,decked_psp,VCS-PSP (Europe) Texture PackUpdated16-04-2026/ULES00502/Map/0000000075d4826518060066.png,radar_water_opacity_changed_or_incomplete_tile_set
00000000ff3a34df4210895e,decked_psp,VCS-PSP (Europe) Texture PackUpdated16-04-2026/ULES00502/Map/00000000ff3a34dfa534e3fb.png,radar_water_opacity_changed_or_incomplete_tile_set
00000000087037148ab58286,decked_psp,VCS-PSP (Europe) Texture PackUpdated16-04-2026/ULES00502/Map/000000000870371440c07f28.png,radar_water_opacity_changed_or_incomplete_tile_set
00000000969775f408402b1b,decked_psp,VCS-PSP (Europe) Texture PackUpdated16-04-2026/ULES00502/Map/00000000969775f474250745.png,radar_water_opacity_changed_or_incomplete_tile_set
00000000d53d892037491974,decked_psp,VCS-PSP (Europe) Texture PackUpdated16-04-2026/ULES00502/Map/00000000d53d89209714b5e2.png,radar_water_opacity_changed_or_incomplete_tile_set
00000000593f0e48616c9c22,decked_psp,VCS-PSP (Europe) Texture PackUpdated16-04-2026/ULES00502/Map/00000000593f0e4882728557.png,radar_water_opacity_changed_or_incomplete_tile_set
0000000057f0a070b9dd338c,decked_psp,VCS-PSP (Europe) Texture PackUpdated16-04-2026/ULES00502/Map/0000000057f0a0701d85b5dd.png,radar_water_opacity_changed_or_incomplete_tile_set
000000009e663a0c09ae19e4,decked_psp,VCS-PSP (Europe) Texture PackUpdated16-04-2026/ULES00502/Map/000000009e663a0c203fcfbb.png,radar_water_opacity_changed_or_incomplete_tile_set
0000000011dd5b8caddbf795,decked_psp,VCS-PSP (Europe) Texture PackUpdated16-04-2026/ULES00502/Map/0000000011dd5b8ceb7faa56.png,radar_water_opacity_changed_or_incomplete_tile_set
000000000c30158f2a6653b8,decked_psp,VCS-PSP (Europe) Texture PackUpdated16-04-2026/ULES00502/Map/000000000c30158f73493f1b.png,radar_water_opacity_changed_or_incomplete_tile_set
00000000f90efe3efa3aea10,decked_psp,VCS-PSP (Europe) Texture PackUpdated16-04-2026/ULES00502/Map/00000000f90efe3e7e4ae64a.png,radar_water_opacity_changed_or_incomplete_tile_set
000000003e78ef977b70e734,decked_psp,VCS-PSP (Europe) Texture PackUpdated16-04-2026/ULES00502/Map/000000003e78ef971d2ae848.png,radar_water_opacity_changed_or_incomplete_tile_set
0000000014e2b63553aa74d1,decked_psp,VCS-PSP (Europe) Texture PackUpdated16-04-2026/ULES00502/Map/0000000014e2b6359f67dc05.png,radar_water_opacity_changed_or_incomplete_tile_set
000000000b7abdfa64e97f1c,decked_psp,VCS-PSP (Europe) Texture PackUpdated16-04-2026/ULES00502/Map/000000000b7abdfab2da1e80.png,radar_water_opacity_changed_or_incomplete_tile_set
00000000d71dc68b40e5fc10,decked_psp,VCS-PSP (Europe) Texture PackUpdated16-04-2026/ULES00502/00000000d71dc68b2a946a68.png,radar_water_opacity_changed_or_incomplete_tile_set
000000008fd2ed430c927c8f,decked_psp,VCS-PSP (Europe) Texture PackUpdated16-04-2026/ULES00502/000000008fd2ed43305d4a8a.png,radar_water_opacity_changed_or_incomplete_tile_set
00000000aedbdc4a498dd52e,decked_psp,VCS-PSP (Europe) Texture PackUpdated16-04-2026/ULES00502/Map/00000000aedbdc4ae8191e8e.png,radar_water_opacity_changed_or_incomplete_tile_set
00000000cc09d7baae9fea9a,decked_psp,VCS-PSP (Europe) Texture PackUpdated16-04-2026/ULES00502/Map/00000000cc09d7bae29f1e30.png,radar_water_opacity_changed_or_incomplete_tile_set
00000000d3bc75645a5dce93,decked_psp,VCS-PSP (Europe) Texture PackUpdated16-04-2026/ULES00502/00000000d3bc75642d961c9e.png,radio_branding_changed_or_foreground_alpha_below_254
00000000175586b9dc9e62e2,decked_psp,VCS-PSP (Europe) Texture PackUpdated16-04-2026/ULES00502/00000000175586b9aac186b1.png,radio_branding_changed_or_foreground_alpha_below_254
0000000018fbd34f84b2c05c,decked_psp,VCS-PSP (Europe) Texture PackUpdated16-04-2026/ULES00502/0000000018fbd34f7d102a5b.png,radio_branding_changed_or_foreground_alpha_below_254
00000000cd593c7ed4b465ff,decked_psp,VCS-PSP (Europe) Texture PackUpdated16-04-2026/ULES00502/00000000cd593c7e33c1ad3b.png,radio_branding_changed_or_foreground_alpha_below_254
0000000057631f1b99c479d3,decked_psp,VCS-PSP (Europe) Texture PackUpdated16-04-2026/ULES00502/0000000057631f1ba1b24cdd.png,radio_branding_changed_or_foreground_alpha_below_254
00000000c1afad85e3fdaffe,decked_psp,VCS-PSP (Europe) Texture PackUpdated16-04-2026/ULES00502/00000000c1afad8560ac9493.png,radio_branding_changed_or_foreground_alpha_below_254
00000000a6123a35b2783309,decked_psp,VCS-PSP (Europe) Texture PackUpdated16-04-2026/ULES00502/00000000a6123a35cc963be9.png,radio_branding_changed_or_foreground_alpha_below_254
